2026-03-25T13:25:11: [MPF][perf][trace][#20062] initializeMachineBarcode 1ms active=1->0
2026-03-25T13:25:11: [MPF][perf][trace][#20064] markMaterialBarcodeBatchesUsed 0ms active=2->1
2026-03-25T13:25:11: [MPF][perf][trace][#20065] preloadMaterialsByIds 0ms active=2->1
2026-03-25T13:25:11: [MPF][perf][trace][#20067] validateDICode 2ms active=3->2
2026-03-25T13:25:11: [MPF][perf][trace][#20066] validateBarcodeWithMaterial 2ms active=2->1
2026-03-25T13:25:11: [MPF][perf][trace][#20068] persistFlowRecordPatch 2ms active=2->1
2026-03-25T13:25:11: [MPF][perf][trace][#20063] scanProcessComponents 9ms active=1->0
2026-03-25T13:25:11: [API] 创建流程记录 - 请求参数: {
  mainMaterialId: '69784c439e5429556762ce96',
  materialCode: '1108102067',
  barcode: '1020260300621H24XX7M1A2A4',
  productLineId: '67582bc0eebf2a4b34951ef6',
  productLineName: '面罩主机1号线'
}
2026-03-25T13:25:11: [MPF][perf][trace][#20072] buildProcessNodes 2ms active=3->2
2026-03-25T13:25:11: [MPF][perf][trace][#20073] buildProcessNodes 3ms active=3->2
2026-03-25T13:25:11: [MPF][perf][trace][#20074] buildProcessNodes 3ms active=3->2
2026-03-25T13:25:11: [MPF][perf][trace][#20075] buildProcessNodes 4ms active=3->2
2026-03-25T13:25:11: [MPF][perf][trace][#20076] buildProcessNodes 4ms active=3->2
2026-03-25T13:25:11: [MPF][perf][trace][#20078] buildProcessNodes 3ms active=4->3
2026-03-25T13:25:11: [MPF][perf][trace][#20077] buildProcessNodes 6ms active=3->2
2026-03-25T13:25:11: [MPF][perf][trace][#20079] buildProcessNodes 2ms active=3->2
2026-03-25T13:25:11: [MPF][perf][trace][#20080] buildProcessNodes 2ms active=3->2
2026-03-25T13:25:11: [MPF][perf][trace][#20081] buildProcessNodes 3ms active=3->2
2026-03-25T13:25:11: [MPF][perf][trace][#20071] buildProcessNodes 34ms active=2->1
2026-03-25T13:25:11: [MPF][perf][detail][#20070] buildProcessNodes totalMs=64ms materialBatchLookupMs=13ms processMaterialsQueryMs=9ms processStepQueryMs=9ms recursionMs=33ms rootMaterialLookupMs=0ms slowestCallMs=34ms subCraftLookupMs=13ms calls=11 maxDepth=2 leafCount=0 cycleHits=0 totalNodes=166 slowestDepth=0 slowestMaterialId=69784c439e5429556762ce96
2026-03-25T13:25:11: [MPF][perf][detail][#20070] createFlowByMaterialCode totalMs=64ms buildNodesMs=34ms craftLookupMs=2ms materialLookupMs=2ms saveMs=17ms workOrderLookupMs=2ms barcode=1020260300621H24XX7M1A2A4 isFromDevice=false hasWorkOrder=true buildCalls=11 buildMaxDepth=2 processNodeCount=92
2026-03-25T13:25:11: [MPF][perf][trace][#20069] createFlowByMaterialCode 64ms active=1->0
2026-03-25T13:25:11: [API] 工序子物料批量扫码提交 - 请求参数: {
  mainBarcode: '1020260300621H24XX7M1A2A4',
  processStepId: '69be073ec78e4e58af18a0bd',
  componentScans: [],
  userId: '67b810085cd22d7b23a52873',
  lineId: '67582bc0eebf2a4b34951ef6'
}
2026-03-25T13:25:11: [MPF][perf][trace][#20083] markMaterialBarcodeBatchesUsed 0ms active=2->1
2026-03-25T13:25:11: 🔗 调用工单处理服务: http://localhost:2228/api/workorder/update-quantity {
  workOrderId: new ObjectId("69be02d8040d00d4bb253f37"),
  type: 'input',
  quantity: 1
}
2026-03-25T13:25:11: ✅ 工单处理服务响应: {
  success: true,
  jobId: '69be02d8040d00d4bb253f37_input_1774416311920',
  queueLength: 0
}
2026-03-25T13:25:11: [MPF][perf][trace][#20084] updateWorkOrderQuantity 14ms active=2->1
2026-03-25T13:25:11: [MPF][perf][trace][#20085] preloadMaterialsByIds 0ms active=2->1
2026-03-25T13:25:11: [MPF][perf][trace][#20087] validateDICode 2ms active=3->2
2026-03-25T13:25:11: [MPF][perf][trace][#20086] validateBarcodeWithMaterial 3ms active=2->1
2026-03-25T13:25:11: [MPF][perf][trace][#20088] persistFlowRecordPatch 4ms active=2->1
2026-03-25T13:25:12: [MPF][perf][trace][#20089] fixFlowProgress 27ms active=2->1
2026-03-25T13:25:12: [MPF][perf][trace][#20082] scanProcessComponents 114ms active=1->0
2026-03-25T13:25:12: [API] 工序子物料批量扫码提交 - 请求参数: {
  mainBarcode: 'YDC-BL0532-1-202603240212',
  processStepId: '68846e1f8e6b3d5dffa8de16',
  componentScans: [],
  userId: '68a53b8eeae8df7d8877c7e5',
  lineId: '69a8d56479b1b84cc05dc445'
}
2026-03-25T13:25:12: [MPF][perf][trace][#20091] markMaterialBarcodeBatchesUsed 0ms active=2->1
2026-03-25T13:25:12: [MPF][perf][trace][#20092] preloadMaterialsByIds 0ms active=2->1
2026-03-25T13:25:12: [MPF][perf][trace][#20094] validateDICode 2ms active=3->2
2026-03-25T13:25:12: [MPF][perf][trace][#20093] validateBarcodeWithMaterial 2ms active=2->1
2026-03-25T13:25:12: [MPF][perf][trace][#20095] persistFlowRecordPatch 1ms active=2->1
2026-03-25T13:25:12: [MPF][perf][trace][#20090] scanProcessComponents 10ms active=1->0
2026-03-25T13:25:12: [API] 设备条码初始化 - 请求参数: { barcode: '1020260300621H24XX7M1A4U3', machineIp: '192.168.35.30' }
2026-03-25T13:25:12: [MPF][perf][trace][#20096] initializeMachineBarcode 7ms active=1->0
2026-03-25T13:25:12: 🔒 成功获取关键物料条码锁: FW300XXXH18XL309A2F700047QA57QA5 (主条码: 1020260300621H24XX7M1A4U3)
2026-03-25T13:25:12: 🔒 成功获取关键物料条码锁: FW300XXX1459019X320L30826010603856 (主条码: 1020260300621H24XX7M1A4U3)
2026-03-25T13:25:12: 开始验证物料 1313102302 的工序节点兼容性
2026-03-25T13:25:12: 主物料中绑定节点的子节点数量: 18
2026-03-25T13:25:12: 子物料中非根节点数量: 19
2026-03-25T13:25:12: 主物料子树根节点数量: 3
2026-03-25T13:25:12: 子物料树根节点数量: 3
2026-03-25T13:25:12: 验证完成，发现 0 个错误
2026-03-25T13:25:12: [MPF][perf][trace][#20098] matchAndUpdateNodesRecursively 2ms active=2->1
2026-03-25T13:25:12: [MPF][perf][trace][#20099] markMaterialBarcodeBatchesUsed 1ms active=2->1
2026-03-25T13:25:12: [MPF][perf][trace][#20100] preloadMaterialsByIds 1ms active=2->1
2026-03-25T13:25:12: [MPF][perf][trace][#20103] validateDICode 9ms active=4->3
2026-03-25T13:25:12: [MPF][perf][trace][#20101] validateBarcodeWithMaterial 9ms active=2->2
2026-03-25T13:25:12: [MPF][perf][trace][#20104] validateDICode 7ms active=3->2
2026-03-25T13:25:12: [MPF][perf][trace][#20102] validateBarcodeWithMaterial 17ms active=3->1
2026-03-25T13:25:12: [MPF][perf][trace][#20106] validateDICode 2ms active=3->2
2026-03-25T13:25:12: [MPF][perf][trace][#20105] validateBarcodeWithMaterial 2ms active=2->1
2026-03-25T13:25:12: [MPF][perf][trace][#20107] persistFlowRecordPatch 7ms active=2->1
2026-03-25T13:25:12: 🔓 成功释放关键物料条码锁: FW300XXXH18XL309A2F700047QA57QA5 (主条码: 1020260300621H24XX7M1A4U3)
2026-03-25T13:25:12: 🔓 成功释放关键物料条码锁: FW300XXX1459019X320L30826010603856 (主条码: 1020260300621H24XX7M1A4U3)
2026-03-25T13:25:12: [MPF][perf][trace][#20097] scanProcessComponents 88ms active=1->0
2026-03-25T13:25:13: [API] 设备条码初始化 - 请求参数: {
  barcode: 'FW300XXXH17XL309Z0H300047QA57QA5',
  machineIp: '192.168.24.43'
}
2026-03-25T13:25:13: [MPF][perf][trace][#20108] initializeMachineBarcode 3ms active=1->0
2026-03-25T13:25:14: [API] 工序子物料批量扫码提交 - 请求参数: {
  mainBarcode: '1020260300621H24XX7M1A1Z9',
  processStepId: '69be073ea278d47574e8dfb5',
  componentScans: [],
  userId: '675fe718f9bd4270460b2c29',
  lineId: '67582bc0eebf2a4b34951ef6'
}
2026-03-25T13:25:14: [MPF][perf][trace][#20110] markMaterialBarcodeBatchesUsed 0ms active=2->1
2026-03-25T13:25:14: [MPF][perf][trace][#20111] preloadMaterialsByIds 0ms active=2->1
2026-03-25T13:25:14: [MPF][perf][trace][#20113] validateDICode 2ms active=3->2
2026-03-25T13:25:14: [MPF][perf][trace][#20112] validateBarcodeWithMaterial 2ms active=2->1
2026-03-25T13:25:14: [MPF][perf][trace][#20114] persistFlowRecordPatch 6ms active=2->1
2026-03-25T13:25:14: [MPF][perf][trace][#20109] scanProcessComponents 59ms active=1->0
2026-03-25T13:25:14: [API] 设备条码初始化 - 请求参数: { barcode: 'YDC-BL0532-1-202603240451', machineIp: '192.168.26.36' }
2026-03-25T13:25:14: [MPF][perf][trace][#20115] initializeMachineBarcode 2ms active=1->0
2026-03-25T13:25:14: [MPF][perf][trace][#20117] markMaterialBarcodeBatchesUsed 0ms active=2->1
2026-03-25T13:25:14: [MPF][perf][trace][#20118] preloadMaterialsByIds 0ms active=2->1
2026-03-25T13:25:14: [MPF][perf][trace][#20120] validateDICode 2ms active=3->2
2026-03-25T13:25:14: [MPF][perf][trace][#20119] validateBarcodeWithMaterial 2ms active=2->1
2026-03-25T13:25:14: [MPF][perf][trace][#20121] persistFlowRecordPatch 2ms active=2->1
2026-03-25T13:25:14: [MPF][perf][trace][#20116] scanProcessComponents 10ms active=1->0
2026-03-25T13:25:15: [API] 设备条码初始化 - 请求参数: { barcode: '1020260300621H24XX7M1A4S4', machineIp: '1' }
2026-03-25T13:25:15: [MPF][perf][trace][#20122] initializeMachineBarcode 7ms active=1->0
2026-03-25T13:25:15: [API] 设备条码初始化 - 请求参数: { barcode: 'H16XX751Z1H0F', machineIp: '4' }
2026-03-25T13:25:15: 🗑️ 已清除物料 68811511150d569dae4a93b6 的条码规则缓存
2026-03-25T13:25:15: [MPF][perf][trace][#20124] validateBarcodeWithMaterial 5ms active=2->1
2026-03-25T13:25:15: 初始化设备条码失败: Error: 条码不符合任何已配置的规则或物料不匹配
    at Function.initializeMachineBarcode (D:\zrMes\dcMes_server\services\materialProcessFlowService.js:4965:15)
    at runMicrotasks (<anonymous>)
    at processTicksAndRejections (internal/process/task_queues.js:93:5)
    at async Function.wrappedMethod (D:\zrMes\dcMes_server\services\materialProcessFlowService.js:162:16)
    at async D:\zrMes\dcMes_server\routes\materialProcessFlowService.js:352:20
2026-03-25T13:25:15: [MPF][perf][error][#20123] initializeMachineBarcode 11ms active=1->0 msg=条码不符合任何已配置的规则或物料不匹配
2026-03-25T13:25:16: [API] 工序子物料批量扫码提交 - 请求参数: {
  mainBarcode: 'YDC-BL0532-1-202603240233',
  processStepId: '68846e1f8e6b3d5dffa8de16',
  componentScans: [],
  userId: '68a53b8eeae8df7d8877c7e5',
  lineId: '69a8d56479b1b84cc05dc445'
}
2026-03-25T13:25:16: [MPF][perf][trace][#20126] markMaterialBarcodeBatchesUsed 0ms active=2->1
2026-03-25T13:25:16: [MPF][perf][trace][#20127] preloadMaterialsByIds 0ms active=2->1
2026-03-25T13:25:16: [MPF][perf][trace][#20129] validateDICode 3ms active=3->2
2026-03-25T13:25:16: [MPF][perf][trace][#20128] validateBarcodeWithMaterial 3ms active=2->1
2026-03-25T13:25:16: [MPF][perf][trace][#20130] persistFlowRecordPatch 2ms active=2->1
2026-03-25T13:25:16: [MPF][perf][trace][#20125] scanProcessComponents 11ms active=1->0
2026-03-25T13:25:16: [API] 创建流程记录 - 请求参数: {
  mainMaterialId: '67c74dc1ec33d3a13e3b9736',
  materialCode: '1313102302',
  barcode: 'FW300XXXH17XL309Z0J500047QA57QA5',
  productLineId: '6785024f34bd0b84f8bc8682',
  productLineName: '遥控器一线'
}
2026-03-25T13:25:16: [MPF][perf][trace][#20134] buildProcessNodes 3ms active=3->2
2026-03-25T13:25:16: [MPF][perf][trace][#20133] buildProcessNodes 6ms active=2->1
2026-03-25T13:25:16: [MPF][perf][detail][#20132] buildProcessNodes totalMs=19ms materialBatchLookupMs=2ms processMaterialsQueryMs=2ms processStepQueryMs=2ms recursionMs=3ms rootMaterialLookupMs=0ms slowestCallMs=6ms subCraftLookupMs=2ms calls=2 maxDepth=1 leafCount=0 cycleHits=0 totalNodes=35 slowestDepth=0 slowestMaterialId=67c74dc1ec33d3a13e3b9736
2026-03-25T13:25:16: [MPF][perf][detail][#20132] createFlowByMaterialCode totalMs=19ms buildNodesMs=6ms craftLookupMs=2ms materialLookupMs=2ms saveMs=7ms workOrderLookupMs=2ms barcode=FW300XXXH17XL309Z0J500047QA57QA5 isFromDevice=false hasWorkOrder=false buildCalls=2 buildMaxDepth=1 processNodeCount=20
2026-03-25T13:25:16: [MPF][perf][trace][#20131] createFlowByMaterialCode 19ms active=1->0
2026-03-25T13:25:16: [API] 工序子物料批量扫码提交 - 请求参数: {
  mainBarcode: 'FW300XXXH17XL309Z0J500047QA57QA5',
  processStepId: '684cc7feb24e29e1ffae069d',
  componentScans: [
    {
      materialId: '675ac74d354604091e8102ab',
      barcode: '1313102051-260313083359'
    }
  ],
  userId: '6784ef7553a924ac79a1ff42',
  lineId: '6785024f34bd0b84f8bc8682'
}
2026-03-25T13:25:16: 开始验证物料 1313102051 的工序节点兼容性
2026-03-25T13:25:16: 主物料中绑定节点的子节点数量: 14
2026-03-25T13:25:16: 子物料中非根节点数量: 14
2026-03-25T13:25:16: 主物料子树根节点数量: 1
2026-03-25T13:25:16: 子物料树根节点数量: 1
2026-03-25T13:25:16: 验证完成，发现 0 个错误
2026-03-25T13:25:16: [MPF][perf][trace][#20136] matchAndUpdateNodesRecursively 1ms active=2->1
2026-03-25T13:25:16: [MPF][perf][trace][#20137] markMaterialBarcodeBatchesUsed 1ms active=2->1
2026-03-25T13:25:16: [MPF][perf][trace][#20138] preloadMaterialsByIds 1ms active=2->1
2026-03-25T13:25:16: [MPF][perf][trace][#20139] validateBarcodeWithMaterial 0ms active=2->1
2026-03-25T13:25:16: [MPF][perf][trace][#20141] validateDICode 7ms active=3->2
2026-03-25T13:25:16: [MPF][perf][trace][#20140] validateBarcodeWithMaterial 7ms active=2->1
2026-03-25T13:25:16: [MPF][perf][trace][#20142] persistFlowRecordPatch 4ms active=2->1
2026-03-25T13:25:16: [MPF][perf][trace][#20143] fixFlowProgress 8ms active=2->1
2026-03-25T13:25:16: [MPF][perf][trace][#20135] scanProcessComponents 38ms active=1->0
2026-03-25T13:25:17: [API] 设备条码初始化 - 请求参数: { barcode: '1020260300621H24XX7M1A1H7', machineIp: '192.168.35.33' }
2026-03-25T13:25:17: [MPF][perf][trace][#20144] initializeMachineBarcode 8ms active=1->0
2026-03-25T13:25:32: 🎯 开始处理托盘任务: pallet_1020260300621H24XX7M1A0J5_1774416332161_xjuqyt, 条码: 1020260300621H24XX7M1A0J5, 产线: 面罩主机1号线, Worker: worker_28792_1774416332166_vjkobr
2026-03-25T13:25:32: 🔐 尝试获取托盘锁: 1020260300621H24XX7M1A0J5
2026-03-25T13:25:32: 🔒 托盘锁已获取: 1020260300621H24XX7M1A0J5 by worker_28792_1774416332166_vjkobr
2026-03-25T13:25:32: 开始处理托盘条码（简化版本）: 1020260300621H24XX7M1A0J5, 盒条码: null, 来自维修台: false
2026-03-25T13:25:32: 使用托盘: YDC-SN-1774415144598
2026-03-25T13:25:32: 开始触发工序完成: 1020260300621H24XX7M1A0J5, 托盘编号: YDC-SN-1774415144598
2026-03-25T13:25:32: flowRecord.progress 100
2026-03-25T13:25:32: processPosition.isLast true
2026-03-25T13:25:32: 🔗 调用工单处理服务: http://localhost:2228/api/workorder/update-quantity {
  workOrderId: new ObjectId("69be02d8040d00d4bb253f37"),
  type: 'output',
  quantity: 1
}
2026-03-25T13:25:32: ✅ 工单处理服务响应: {
  success: true,
  jobId: '69be02d8040d00d4bb253f37_output_1774416332237',
  queueLength: 0
}
2026-03-25T13:25:32: [MPF][perf][trace][#20146] updateWorkOrderQuantity 11ms active=2->1
2026-03-25T13:25:32: 条码 1020260300621H24XX7M1A0J5 首次完成生产，产出量+1
2026-03-25T13:25:32: [MPF][perf][trace][#20147] persistFlowRecordPatch 8ms active=2->1
2026-03-25T13:25:32: [MPF][perf][trace][#20145] scanBatchDocument 43ms active=1->0
2026-03-25T13:25:32: 条码 1020260300621H24XX7M1A0J5 工序完成触发成功
2026-03-25T13:25:32: 工序绑定和托盘入托完成，条码 1020260300621H24XX7M1A0J5 处理成功
2026-03-25T13:25:32: ✅ 托盘处理任务完成: pallet_1020260300621H24XX7M1A0J5_1774416332161_xjuqyt, 条码: 1020260300621H24XX7M1A0J5, 耗时: 89ms, Worker: worker_28792_1774416332166_vjkobr
2026-03-25T13:25:32: 📈 托盘队列任务进度: pallet_1020260300621H24XX7M1A0J5_1774416332161_xjuqyt - 100%
2026-03-25T13:25:32: 🔓 托盘锁已释放: 1020260300621H24XX7M1A0J5 by worker_28792_1774416332166_vjkobr
2026-03-25T13:25:32: ✅ 托盘队列任务完成: pallet_1020260300621H24XX7M1A0J5_1774416332161_xjuqyt {
  mainBarcode: '1020260300621H24XX7M1A0J5',
  palletCode: 'YDC-SN-1774415144598',
  duration: 89
}
2026-03-25T13:26:18: [API] 设备条码初始化 - 请求参数: {
  barcode: 'FW300XXXA20XL309F1J900047PKD7PKL',
  machineIp: '192.168.24.43'
}
2026-03-25T13:26:18: [MPF][perf][trace][#20148] initializeMachineBarcode 6ms active=1->0
2026-03-25T13:26:37: 🎯 开始处理托盘任务: pallet_P2306M57UEU1820126_1774416397473_6r8tfj, 条码: P2306M57UEU1820126, 产线: 德昌追觅C线包装, Worker: worker_28792_1774416397474_1vvw8r
2026-03-25T13:26:37: 🔐 尝试获取托盘锁: P2306M57UEU1820126
2026-03-25T13:26:37: 🔒 托盘锁已获取: P2306M57UEU1820126 by worker_28792_1774416397474_1vvw8r
2026-03-25T13:26:37: 开始处理托盘条码（简化版本）: P2306M57UEU1820126, 盒条码: 1001998512121896, 来自维修台: false
2026-03-25T13:26:37: 使用托盘: YDC-SN-1774416187642
2026-03-25T13:26:37: 开始触发工序完成: P2306M57UEU1820126, 托盘编号: YDC-SN-1774416187642
2026-03-25T13:26:37: flowRecord.progress 100
2026-03-25T13:26:37: processPosition.isLast true
2026-03-25T13:26:37: 🔗 调用工单处理服务: http://localhost:2228/api/workorder/update-quantity {
  workOrderId: new ObjectId("68744d51deb41f5b58c474b5"),
  type: 'output',
  quantity: 1
}
2026-03-25T13:26:37: ✅ 工单处理服务响应: {
  success: true,
  jobId: '68744d51deb41f5b58c474b5_output_1774416397505',
  queueLength: 0
}
2026-03-25T13:26:37: [MPF][perf][trace][#20150] updateWorkOrderQuantity 4ms active=2->1
2026-03-25T13:26:37: 条码 P2306M57UEU1820126 首次完成生产，产出量+1
2026-03-25T13:26:37: [MPF][perf][trace][#20151] persistFlowRecordPatch 2ms active=2->1
2026-03-25T13:26:37: [MPF][perf][trace][#20149] scanBatchDocument 24ms active=1->0
2026-03-25T13:26:37: 条码 P2306M57UEU1820126 工序完成触发成功
2026-03-25T13:26:37: 工序绑定和托盘入托完成，条码 P2306M57UEU1820126 处理成功
2026-03-25T13:26:37: ✅ 托盘处理任务完成: pallet_P2306M57UEU1820126_1774416397473_6r8tfj, 条码: P2306M57UEU1820126, 耗时: 41ms, Worker: worker_28792_1774416397474_1vvw8r
2026-03-25T13:26:37: 📈 托盘队列任务进度: pallet_P2306M57UEU1820126_1774416397473_6r8tfj - 100%
2026-03-25T13:26:37: 🔓 托盘锁已释放: P2306M57UEU1820126 by worker_28792_1774416397474_1vvw8r
2026-03-25T13:26:37: ✅ 托盘队列任务完成: pallet_P2306M57UEU1820126_1774416397473_6r8tfj {
  mainBarcode: 'P2306M57UEU1820126',
  palletCode: 'YDC-SN-1774416187642',
  duration: 41
}
2026-03-25T13:26:48: [API] 创建流程记录 - 请求参数: {
  mainMaterialId: '67c74dc1ec33d3a13e3b9736',
  materialCode: '1313102302',
  barcode: 'FW300XXXH17XL309Z0R900047QA57QA5',
  productLineId: '6785024f34bd0b84f8bc8682',
  productLineName: '遥控器一线'
}
2026-03-25T13:26:48: [MPF][perf][trace][#20155] buildProcessNodes 4ms active=3->2
2026-03-25T13:26:48: [MPF][perf][trace][#20154] buildProcessNodes 8ms active=2->1
2026-03-25T13:26:48: [MPF][perf][detail][#20153] buildProcessNodes totalMs=37ms materialBatchLookupMs=4ms processMaterialsQueryMs=2ms processStepQueryMs=2ms recursionMs=4ms rootMaterialLookupMs=0ms slowestCallMs=8ms subCraftLookupMs=4ms calls=2 maxDepth=1 leafCount=0 cycleHits=0 totalNodes=35 slowestDepth=0 slowestMaterialId=67c74dc1ec33d3a13e3b9736
2026-03-25T13:26:48: [MPF][perf][detail][#20153] createFlowByMaterialCode totalMs=37ms buildNodesMs=9ms craftLookupMs=3ms materialLookupMs=3ms saveMs=13ms workOrderLookupMs=7ms barcode=FW300XXXH17XL309Z0R900047QA57QA5 isFromDevice=false hasWorkOrder=false buildCalls=2 buildMaxDepth=1 processNodeCount=20
2026-03-25T13:26:48: [MPF][perf][trace][#20152] createFlowByMaterialCode 37ms active=1->0
2026-03-25T13:26:51: [MPF][perf][trace][#20157] markMaterialBarcodeBatchesUsed 0ms active=2->1
2026-03-25T13:26:51: [MPF][perf][trace][#20158] preloadMaterialsByIds 0ms active=2->1
2026-03-25T13:26:51: [MPF][perf][trace][#20160] validateDICode 3ms active=3->2
2026-03-25T13:26:51: [MPF][perf][trace][#20159] validateBarcodeWithMaterial 3ms active=2->1
2026-03-25T13:26:51: [MPF][perf][trace][#20161] persistFlowRecordPatch 7ms active=2->1
2026-03-25T13:26:51: [MPF][perf][trace][#20156] scanProcessComponents 86ms active=1->0
2026-03-25T13:26:55: [API] 设备条码初始化 - 请求参数: { barcode: '1020260300621H24XX7M1A1K4', machineIp: '192.168.35.30' }
2026-03-25T13:26:55: [MPF][perf][trace][#20162] initializeMachineBarcode 9ms active=1->0
2026-03-25T13:26:58: 🚀 托盘条码处理 - 队列模式: P2306M57VEU0639126
2026-03-25T13:26:58: 开始托盘条码异步处理: P2306M57VEU0639126, 产线: 德昌追觅C线包装
2026-03-25T13:26:58: 添加托盘处理任务到队列: 条码=P2306M57VEU0639126, 产线=德昌追觅C线包装
2026-03-25T13:26:58: 托盘处理任务已添加到队列: JobId=pallet_P2306M57VEU0639126_1774416418208_ktwvjl, 条码=P2306M57VEU0639126
2026-03-25T13:26:58: 托盘条码异步处理任务已提交: P2306M57VEU0639126, JobId: pallet_P2306M57VEU0639126_1774416418208_ktwvjl
2026-03-25T13:26:58: [API] 工序子物料批量扫码提交 - 请求参数: {
  mainBarcode: '1020260300621H24XX7M1A1F1',
  processStepId: '69be073e902e0a67bd505a7a',
  componentScans: [],
  userId: '67b810085cd22d7b23a52873',
  lineId: '67582bc0eebf2a4b34951ef6'
}
2026-03-25T13:26:58: [MPF][perf][trace][#20164] markMaterialBarcodeBatchesUsed 0ms active=2->1
2026-03-25T13:26:58: [MPF][perf][trace][#20165] preloadMaterialsByIds 0ms active=2->1
2026-03-25T13:26:58: [MPF][perf][trace][#20167] validateDICode 3ms active=3->2
2026-03-25T13:26:58: [MPF][perf][trace][#20166] validateBarcodeWithMaterial 4ms active=2->1
2026-03-25T13:26:58: [MPF][perf][trace][#20168] persistFlowRecordPatch 12ms active=2->1
2026-03-25T13:26:58: [MPF][perf][trace][#20163] scanProcessComponents 84ms active=1->0
2026-03-25T13:26:58: [API] 设备条码初始化 - 请求参数: {
  barcode: 'FW300XXXH17XL309Z0H900047QA57QA5',
  machineIp: '192.168.24.43'
}
2026-03-25T13:26:58: [MPF][perf][trace][#20169] initializeMachineBarcode 3ms active=1->0
2026-03-25T13:27:30: 🎯 开始处理托盘任务: pallet_P2306M57UEU1078126_1774416450674_9qzwho, 条码: P2306M57UEU1078126, 产线: 德昌追觅C线包装, Worker: worker_28792_1774416450676_jb1dwk
2026-03-25T13:27:30: 🔐 尝试获取托盘锁: P2306M57UEU1078126
2026-03-25T13:27:30: 🔒 托盘锁已获取: P2306M57UEU1078126 by worker_28792_1774416450676_jb1dwk
2026-03-25T13:27:30: 开始处理托盘条码（简化版本）: P2306M57UEU1078126, 盒条码: 1001998512121967, 来自维修台: false
2026-03-25T13:27:30: 使用托盘: YDC-SN-1774416187642
2026-03-25T13:27:30: 开始触发工序完成: P2306M57UEU1078126, 托盘编号: YDC-SN-1774416187642
2026-03-25T13:27:30: flowRecord.progress 100
2026-03-25T13:27:30: processPosition.isLast true
2026-03-25T13:27:30: 🔗 调用工单处理服务: http://localhost:2228/api/workorder/update-quantity {
  workOrderId: new ObjectId("68744d51deb41f5b58c474b5"),
  type: 'output',
  quantity: 1
}
2026-03-25T13:27:30: ✅ 工单处理服务响应: {
  success: true,
  jobId: '68744d51deb41f5b58c474b5_output_1774416450695',
  queueLength: 0
}
2026-03-25T13:27:30: [MPF][perf][trace][#20171] updateWorkOrderQuantity 5ms active=2->1
2026-03-25T13:27:30: 条码 P2306M57UEU1078126 首次完成生产，产出量+1
2026-03-25T13:27:30: [MPF][perf][trace][#20172] persistFlowRecordPatch 2ms active=2->1
2026-03-25T13:27:30: [MPF][perf][trace][#20170] scanBatchDocument 14ms active=1->0
2026-03-25T13:27:30: 条码 P2306M57UEU1078126 工序完成触发成功
2026-03-25T13:27:30: 工序绑定和托盘入托完成，条码 P2306M57UEU1078126 处理成功
2026-03-25T13:27:30: ✅ 托盘处理任务完成: pallet_P2306M57UEU1078126_1774416450674_9qzwho, 条码: P2306M57UEU1078126, 耗时: 29ms, Worker: worker_28792_1774416450676_jb1dwk
2026-03-25T13:27:30: 📈 托盘队列任务进度: pallet_P2306M57UEU1078126_1774416450674_9qzwho - 100%
2026-03-25T13:27:30: 🔓 托盘锁已释放: P2306M57UEU1078126 by worker_28792_1774416450676_jb1dwk
2026-03-25T13:27:30: ✅ 托盘队列任务完成: pallet_P2306M57UEU1078126_1774416450674_9qzwho {
  mainBarcode: 'P2306M57UEU1078126',
  palletCode: 'YDC-SN-1774416187642',
  duration: 29
}
2026-03-25T13:27:40: [API] 设备条码初始化 - 请求参数: { barcode: '1020260300621H24XX7M1A1J0', machineIp: '192.168.35.32' }
2026-03-25T13:27:40: [MPF][perf][trace][#20173] initializeMachineBarcode 40ms active=1->0
2026-03-25T13:27:41: [API] 设备条码初始化 - 请求参数: {
  barcode: 'FW3001595026X7HZ82AC0432603150175500026010028743',
  machineIp: '192.168.35.34'
}
2026-03-25T13:27:41: [MPF][perf][trace][#20174] initializeMachineBarcode 2ms active=1->0
2026-03-25T13:27:41: [MPF][perf][trace][#20176] markMaterialBarcodeBatchesUsed 0ms active=2->1
2026-03-25T13:27:41: [MPF][perf][trace][#20177] preloadMaterialsByIds 0ms active=2->1
2026-03-25T13:27:41: [MPF][perf][trace][#20179] validateDICode 2ms active=3->2
2026-03-25T13:27:41: [MPF][perf][trace][#20178] validateBarcodeWithMaterial 2ms active=2->1
2026-03-25T13:27:41: [MPF][perf][trace][#20180] persistFlowRecordPatch 1ms active=2->1
2026-03-25T13:27:41: [MPF][perf][trace][#20175] scanProcessComponents 9ms active=1->0
2026-03-25T13:27:41: [API] 设备条码初始化 - 请求参数: { barcode: '1020260300621H24XX7M1A4U9', machineIp: '192.168.35.31' }
2026-03-25T13:27:41: [MPF][perf][trace][#20181] initializeMachineBarcode 11ms active=1->0
2026-03-25T13:27:43: [API] 设备条码初始化 - 请求参数: {
  barcode: 'FW300XXXH17XL309Z0K000047QA57QA5',
  machineIp: '192.168.24.43'
}
2026-03-25T13:27:43: [MPF][perf][trace][#20182] initializeMachineBarcode 2ms active=1->0
2026-03-25T13:27:43: 🚀 托盘条码处理 - 队列模式: 1020260300621H24XX7M1A1A2
2026-03-25T13:27:43: 开始托盘条码异步处理: 1020260300621H24XX7M1A1A2, 产线: 面罩主机1号线
2026-03-25T13:27:43: 添加托盘处理任务到队列: 条码=1020260300621H24XX7M1A1A2, 产线=面罩主机1号线
2026-03-25T13:27:43: 托盘处理任务已添加到队列: JobId=pallet_1020260300621H24XX7M1A1A2_1774416463802_d6fonr, 条码=1020260300621H24XX7M1A1A2
2026-03-25T13:27:43: 托盘条码异步处理任务已提交: 1020260300621H24XX7M1A1A2, JobId: pallet_1020260300621H24XX7M1A1A2_1774416463802_d6fonr
2026-03-25T13:27:43: [API] 检查条码节点完成情况 - 请求参数: { params: {}, query: { barcode: 'FW300XXXA20XL309F1J900047PKD7PKL' } }
2026-03-25T13:27:43: [MPF][perf][trace][#20183] checkBarcodeCompletion 3ms active=1->0
2026-03-25T13:27:44: [API] 工序子物料批量扫码提交 - 请求参数: {
  mainBarcode: '1020260300621H24XX7M1A1S4',
  processStepId: '69be073ea44b1ba77491de81',
  componentScans: [
    {
      materialId: '6757a56f354604091e7be8ac',
      barcode: '102251-114010190087-20260315-02692'
    },
    {
      materialId: '675e2e1f354604091e8459ba',
      barcode: '1313102232-260316083812'
    }
  ],
  userId: '67b810085cd22d7b23a52873',
  lineId: '67582bc0eebf2a4b34951ef6'
}
2026-03-25T13:27:44: 🚀 托盘条码处理 - 队列模式: P2306M57UEU1505126
2026-03-25T13:27:44: 开始托盘条码异步处理: P2306M57UEU1505126, 产线: 德昌追觅C线包装
2026-03-25T13:27:44: 🔒 成功获取关键物料条码锁: 102251-114010190087-20260315-02692 (主条码: 1020260300621H24XX7M1A1S4)
2026-03-25T13:27:44: 开始验证物料 1313102232 的工序节点兼容性
2026-03-25T13:27:44: 主物料中绑定节点的子节点数量: 4
2026-03-25T13:27:44: 子物料中非根节点数量: 4
2026-03-25T13:27:44: 主物料子树根节点数量: 1
2026-03-25T13:27:44: 子物料树根节点数量: 1
2026-03-25T13:27:44: 验证完成，发现 0 个错误
2026-03-25T13:27:44: [MPF][perf][trace][#20185] matchAndUpdateNodesRecursively 1ms active=2->1
2026-03-25T13:27:44: [MPF][perf][trace][#20186] markMaterialBarcodeBatchesUsed 4ms active=2->1
2026-03-25T13:27:44: 添加托盘处理任务到队列: 条码=P2306M57UEU1505126, 产线=德昌追觅C线包装
2026-03-25T13:27:44: [MPF][perf][trace][#20187] preloadMaterialsByIds 3ms active=2->1
2026-03-25T13:27:44: 托盘处理任务已添加到队列: JobId=pallet_P2306M57UEU1505126_1774416464881_22r3f1, 条码=P2306M57UEU1505126
2026-03-25T13:27:44: [MPF][perf][trace][#20189] validateBarcodeWithMaterial 1ms active=3->3
2026-03-25T13:27:44: [MPF][perf][trace][#20190] validateDICode 6ms active=4->2
2026-03-25T13:27:44: [MPF][perf][trace][#20188] validateBarcodeWithMaterial 7ms active=2->1
2026-03-25T13:27:44: 托盘条码异步处理任务已提交: P2306M57UEU1505126, JobId: pallet_P2306M57UEU1505126_1774416464881_22r3f1
2026-03-25T13:27:44: [MPF][perf][trace][#20192] validateDICode 2ms active=3->2
2026-03-25T13:27:44: [MPF][perf][trace][#20191] validateBarcodeWithMaterial 3ms active=2->1
2026-03-25T13:27:44: [MPF][perf][trace][#20193] persistFlowRecordPatch 7ms active=2->1
2026-03-25T13:27:44: 🔓 成功释放关键物料条码锁: 102251-114010190087-20260315-02692 (主条码: 1020260300621H24XX7M1A1S4)
2026-03-25T13:27:44: [MPF][perf][trace][#20184] scanProcessComponents 120ms active=1->0
2026-03-25T13:27:45: 🚀 托盘条码处理 - 队列模式: P2306M57UEU1577126
2026-03-25T13:27:45: 开始托盘条码异步处理: P2306M57UEU1577126, 产线: 德昌追觅C线包装
2026-03-25T13:27:45: 添加托盘处理任务到队列: 条码=P2306M57UEU1577126, 产线=德昌追觅C线包装
2026-03-25T13:27:45: 托盘处理任务已添加到队列: JobId=pallet_P2306M57UEU1577126_1774416465523_f2t3rz, 条码=P2306M57UEU1577126
2026-03-25T13:27:45: 托盘条码异步处理任务已提交: P2306M57UEU1577126, JobId: pallet_P2306M57UEU1577126_1774416465523_f2t3rz
2026-03-25T13:27:45: [API] 工序子物料批量扫码提交 - 请求参数: {
  mainBarcode: '1020260300621H24XX7M1A1R0',
  processStepId: '69be073e29e3587154b01049',
  componentScans: [
    {
      materialId: '689e16129e542955670237ef',
      barcode: '1313102513-260324083757'
    }
  ],
  userId: '67b810085cd22d7b23a52873',
  lineId: '67582bc0eebf2a4b34951ef6'
}
2026-03-25T13:27:45: 开始验证物料 1313102513 的工序节点兼容性
2026-03-25T13:27:45: 主物料中绑定节点的子节点数量: 5
2026-03-25T13:27:45: 子物料中非根节点数量: 5
2026-03-25T13:27:45: 主物料子树根节点数量: 1
2026-03-25T13:27:45: 子物料树根节点数量: 1
2026-03-25T13:27:45: 验证完成，发现 0 个错误
2026-03-25T13:27:45: [MPF][perf][trace][#20195] matchAndUpdateNodesRecursively 1ms active=2->1
2026-03-25T13:27:45: [MPF][perf][trace][#20196] markMaterialBarcodeBatchesUsed 1ms active=2->1
2026-03-25T13:27:45: [MPF][perf][trace][#20197] preloadMaterialsByIds 1ms active=2->1
2026-03-25T13:27:45: [MPF][perf][trace][#20198] validateBarcodeWithMaterial 0ms active=2->1
2026-03-25T13:27:46: [MPF][perf][trace][#20200] validateDICode 2ms active=3->2
2026-03-25T13:27:46: [MPF][perf][trace][#20199] validateBarcodeWithMaterial 2ms active=2->1
2026-03-25T13:27:46: [MPF][perf][trace][#20201] persistFlowRecordPatch 6ms active=2->1
2026-03-25T13:27:46: [MPF][perf][trace][#20194] scanProcessComponents 64ms active=1->0
2026-03-25T13:27:46: 🚀 托盘条码处理 - 队列模式: P2306M57UEU1559126
2026-03-25T13:27:46: 开始托盘条码异步处理: P2306M57UEU1559126, 产线: 德昌追觅C线包装
2026-03-25T13:27:46: 添加托盘处理任务到队列: 条码=P2306M57UEU1559126, 产线=德昌追觅C线包装
2026-03-25T13:27:46: 托盘处理任务已添加到队列: JobId=pallet_P2306M57UEU1559126_1774416466107_zs9qmq, 条码=P2306M57UEU1559126
2026-03-25T13:27:46: 🎯 开始处理托盘任务: pallet_P2306M57UEU1559126_1774416466107_zs9qmq, 条码: P2306M57UEU1559126, 产线: 德昌追觅C线包装, Worker: worker_28792_1774416466109_qn72x6
2026-03-25T13:27:46: 🔐 尝试获取托盘锁: P2306M57UEU1559126
2026-03-25T13:27:46: 🔒 托盘锁已获取: P2306M57UEU1559126 by worker_28792_1774416466109_qn72x6
2026-03-25T13:27:46: 托盘条码异步处理任务已提交: P2306M57UEU1559126, JobId: pallet_P2306M57UEU1559126_1774416466107_zs9qmq
2026-03-25T13:27:46: 开始处理托盘条码（简化版本）: P2306M57UEU1559126, 盒条码: 1001998512121959, 来自维修台: false
2026-03-25T13:27:46: 使用托盘: YDC-SN-1774416187642
2026-03-25T13:27:46: 开始触发工序完成: P2306M57UEU1559126, 托盘编号: YDC-SN-1774416187642
2026-03-25T13:27:46: flowRecord.progress 100
2026-03-25T13:27:46: processPosition.isLast true
2026-03-25T13:27:46: 🔗 调用工单处理服务: http://localhost:2228/api/workorder/update-quantity {
  workOrderId: new ObjectId("68744d51deb41f5b58c474b5"),
  type: 'output',
  quantity: 1
}
2026-03-25T13:27:46: ✅ 工单处理服务响应: {
  success: true,
  jobId: '68744d51deb41f5b58c474b5_output_1774416466127',
  queueLength: 0
}
2026-03-25T13:27:46: [MPF][perf][trace][#20203] updateWorkOrderQuantity 5ms active=2->1
2026-03-25T13:27:46: 条码 P2306M57UEU1559126 首次完成生产，产出量+1
2026-03-25T13:27:46: [MPF][perf][trace][#20204] persistFlowRecordPatch 2ms active=2->1
2026-03-25T13:27:46: [MPF][perf][trace][#20202] scanBatchDocument 12ms active=1->0
2026-03-25T13:27:46: 条码 P2306M57UEU1559126 工序完成触发成功
2026-03-25T13:27:46: 工序绑定和托盘入托完成，条码 P2306M57UEU1559126 处理成功
2026-03-25T13:27:46: ✅ 托盘处理任务完成: pallet_P2306M57UEU1559126_1774416466107_zs9qmq, 条码: P2306M57UEU1559126, 耗时: 27ms, Worker: worker_28792_1774416466109_qn72x6
2026-03-25T13:27:46: 📈 托盘队列任务进度: pallet_P2306M57UEU1559126_1774416466107_zs9qmq - 100%
2026-03-25T13:27:46: 🔓 托盘锁已释放: P2306M57UEU1559126 by worker_28792_1774416466109_qn72x6
2026-03-25T13:27:46: ✅ 托盘队列任务完成: pallet_P2306M57UEU1559126_1774416466107_zs9qmq {
  mainBarcode: 'P2306M57UEU1559126',
  palletCode: 'YDC-SN-1774416187642',
  duration: 27
}
2026-03-25T13:27:46: 🚀 托盘条码处理 - 队列模式: P2306M57UEU1524126
2026-03-25T13:27:46: 开始托盘条码异步处理: P2306M57UEU1524126, 产线: 德昌追觅C线包装
2026-03-25T13:27:46: 添加托盘处理任务到队列: 条码=P2306M57UEU1524126, 产线=德昌追觅C线包装
2026-03-25T13:27:46: 托盘处理任务已添加到队列: JobId=pallet_P2306M57UEU1524126_1774416466685_q2ire2, 条码=P2306M57UEU1524126
2026-03-25T13:27:46: 托盘条码异步处理任务已提交: P2306M57UEU1524126, JobId: pallet_P2306M57UEU1524126_1774416466685_q2ire2
2026-03-25T13:27:46: [API] 设备条码初始化 - 请求参数: { barcode: '1020260300621H24XX7M1A4U8', machineIp: '3' }
2026-03-25T13:27:46: [MPF][perf][trace][#20205] initializeMachineBarcode 7ms active=1->0
2026-03-25T13:27:46: [API] 工序子物料批量扫码提交 - 请求参数: {
  mainBarcode: '1020260300621H24XX7M1A2A2',
  processStepId: '69be073ea816dbe2ecd5a6ba',
  componentScans: [
    {
      materialId: '6757a56f354604091e7be893',
      barcode: '102250-117290010703-20260309-67109'
    }
  ],
  userId: '67b810085cd22d7b23a52873',
  lineId: '67582bc0eebf2a4b34951ef6'
}
2026-03-25T13:27:46: 🔒 成功获取关键物料条码锁: 102250-117290010703-20260309-67109 (主条码: 1020260300621H24XX7M1A2A2)
2026-03-25T13:27:46: [MPF][perf][trace][#20207] markMaterialBarcodeBatchesUsed 1ms active=2->1
2026-03-25T13:27:46: [MPF][perf][trace][#20208] preloadMaterialsByIds 1ms active=2->1
2026-03-25T13:27:46: [MPF][perf][trace][#20210] validateDICode 2ms active=3->2
2026-03-25T13:27:46: [MPF][perf][trace][#20209] validateBarcodeWithMaterial 3ms active=2->1
2026-03-25T13:27:46: [MPF][perf][trace][#20212] validateDICode 2ms active=3->2
2026-03-25T13:27:46: [MPF][perf][trace][#20211] validateBarcodeWithMaterial 2ms active=2->1
2026-03-25T13:27:46: [MPF][perf][trace][#20213] persistFlowRecordPatch 5ms active=2->1
2026-03-25T13:27:46: 🔓 成功释放关键物料条码锁: 102250-117290010703-20260309-67109 (主条码: 1020260300621H24XX7M1A2A2)
2026-03-25T13:27:46: [MPF][perf][trace][#20206] scanProcessComponents 65ms active=1->0
2026-03-25T13:27:47: 🚀 托盘条码处理 - 队列模式: P2306M57UEU1719126
2026-03-25T13:27:47: 开始托盘条码异步处理: P2306M57UEU1719126, 产线: 德昌追觅C线包装
2026-03-25T13:27:47: 添加托盘处理任务到队列: 条码=P2306M57UEU1719126, 产线=德昌追觅C线包装
2026-03-25T13:27:47: 托盘处理任务已添加到队列: JobId=pallet_P2306M57UEU1719126_1774416467256_kyh464, 条码=P2306M57UEU1719126
2026-03-25T13:27:47: 托盘条码异步处理任务已提交: P2306M57UEU1719126, JobId: pallet_P2306M57UEU1719126_1774416467256_kyh464
2026-03-25T13:27:47: 🚀 托盘条码处理 - 队列模式: P2306M57UEU1668126
2026-03-25T13:27:47: 开始托盘条码异步处理: P2306M57UEU1668126, 产线: 德昌追觅C线包装
2026-03-25T13:27:47: 添加托盘处理任务到队列: 条码=P2306M57UEU1668126, 产线=德昌追觅C线包装
2026-03-25T13:27:47: 托盘处理任务已添加到队列: JobId=pallet_P2306M57UEU1668126_1774416467832_3jx60z, 条码=P2306M57UEU1668126
2026-03-25T13:27:47: 托盘条码异步处理任务已提交: P2306M57UEU1668126, JobId: pallet_P2306M57UEU1668126_1774416467832_3jx60z
2026-03-25T13:27:47: [API] 设备条码初始化 - 请求参数: {
  barcode: 'FW3001595026X7HZ82AC0432603150181200026010028743',
  machineIp: '192.168.35.34'
}
2026-03-25T13:27:47: [MPF][perf][trace][#20214] initializeMachineBarcode 1ms active=1->0
2026-03-25T13:27:47: [API] 设备条码初始化 - 请求参数: { barcode: 'H16XX751H4S1F', machineIp: '4' }
2026-03-25T13:27:48: 🗑️ 已清除物料 68811511150d569dae4a93b6 的条码规则缓存
2026-03-25T13:27:48: [MPF][perf][trace][#20216] validateBarcodeWithMaterial 5ms active=2->1
2026-03-25T13:27:48: 初始化设备条码失败: Error: 条码不符合任何已配置的规则或物料不匹配
    at Function.initializeMachineBarcode (D:\zrMes\dcMes_server\services\materialProcessFlowService.js:4965:15)
    at runMicrotasks (<anonymous>)
    at processTicksAndRejections (internal/process/task_queues.js:93:5)
    at async Function.wrappedMethod (D:\zrMes\dcMes_server\services\materialProcessFlowService.js:162:16)
    at async D:\zrMes\dcMes_server\routes\materialProcessFlowService.js:352:20
2026-03-25T13:27:48: [MPF][perf][error][#20215] initializeMachineBarcode 12ms active=1->0 msg=条码不符合任何已配置的规则或物料不匹配
2026-03-25T13:27:48: [MPF][perf][trace][#20218] markMaterialBarcodeBatchesUsed 0ms active=2->1
2026-03-25T13:27:48: [MPF][perf][trace][#20219] preloadMaterialsByIds 0ms active=2->1
2026-03-25T13:27:48: [MPF][perf][trace][#20221] validateDICode 2ms active=3->2
2026-03-25T13:27:48: [MPF][perf][trace][#20220] validateBarcodeWithMaterial 2ms active=2->1
2026-03-25T13:27:48: [MPF][perf][trace][#20222] persistFlowRecordPatch 2ms active=2->1
2026-03-25T13:27:48: [MPF][perf][trace][#20217] scanProcessComponents 10ms active=1->0
2026-03-25T13:27:48: [API] 设备条码初始化 - 请求参数: { barcode: '1020260300621H24XX7M1A1F7', machineIp: '192.168.35.32' }
2026-03-25T13:27:48: [MPF][perf][trace][#20223] initializeMachineBarcode 7ms active=1->0
2026-03-25T13:27:48: 🔒 成功获取关键物料条码锁: FW3001595026X7HZ82AC0432603150398000026010028743 (主条码: 1020260300621H24XX7M1A1F7)
2026-03-25T13:27:48: 开始验证物料 1313102514 的工序节点兼容性
2026-03-25T13:27:48: 主物料中绑定节点的子节点数量: 1
2026-03-25T13:27:48: 子物料中非根节点数量: 1
2026-03-25T13:27:48: 主物料子树根节点数量: 1
2026-03-25T13:27:48: 子物料树根节点数量: 1
2026-03-25T13:27:48: 验证完成，发现 0 个错误
2026-03-25T13:27:48: [MPF][perf][trace][#20225] matchAndUpdateNodesRecursively 0ms active=2->1
2026-03-25T13:27:48: [MPF][perf][trace][#20226] markMaterialBarcodeBatchesUsed 2ms active=2->1
2026-03-25T13:27:48: [MPF][perf][trace][#20227] preloadMaterialsByIds 1ms active=2->1
2026-03-25T13:27:48: [MPF][perf][trace][#20229] validateDICode 2ms active=3->2
2026-03-25T13:27:48: [MPF][perf][trace][#20228] validateBarcodeWithMaterial 2ms active=2->1
2026-03-25T13:27:48: [MPF][perf][trace][#20231] validateDICode 2ms active=3->2
2026-03-25T13:27:48: [MPF][perf][trace][#20230] validateBarcodeWithMaterial 2ms active=2->1
2026-03-25T13:27:48: [MPF][perf][trace][#20232] persistFlowRecordPatch 6ms active=2->1
2026-03-25T13:27:48: 🔓 成功释放关键物料条码锁: FW3001595026X7HZ82AC0432603150398000026010028743 (主条码: 1020260300621H24XX7M1A1F7)
2026-03-25T13:27:48: [MPF][perf][trace][#20224] scanProcessComponents 71ms active=1->0
2026-03-25T13:27:48: 🚀 托盘条码处理 - 队列模式: P2306M57UEU1168126
2026-03-25T13:27:48: 开始托盘条码异步处理: P2306M57UEU1168126, 产线: 德昌追觅C线包装
2026-03-25T13:27:48: 添加托盘处理任务到队列: 条码=P2306M57UEU1168126, 产线=德昌追觅C线包装
2026-03-25T13:27:48: 托盘处理任务已添加到队列: JobId=pallet_P2306M57UEU1168126_1774416468407_tn0h08, 条码=P2306M57UEU1168126
2026-03-25T13:27:48: 托盘条码异步处理任务已提交: P2306M57UEU1168126, JobId: pallet_P2306M57UEU1168126_1774416468407_tn0h08
2026-03-25T13:27:48: [API] 创建流程记录 - 请求参数: {
  mainMaterialId: '69784c439e5429556762ce96',
  materialCode: '1108102067',
  barcode: '1020260300621H24XX7M1A2A8',
  productLineId: '67582bc0eebf2a4b34951ef6',
  productLineName: '面罩主机1号线'
}
2026-03-25T13:27:48: [MPF][perf][trace][#20236] buildProcessNodes 3ms active=3->2
2026-03-25T13:27:48: [MPF][perf][trace][#20237] buildProcessNodes 3ms active=3->2
2026-03-25T13:27:48: [MPF][perf][trace][#20238] buildProcessNodes 3ms active=3->2
2026-03-25T13:27:48: [MPF][perf][trace][#20239] buildProcessNodes 3ms active=3->2
2026-03-25T13:27:48: [MPF][perf][trace][#20240] buildProcessNodes 3ms active=3->2
2026-03-25T13:27:48: [MPF][perf][trace][#20242] buildProcessNodes 3ms active=4->3
2026-03-25T13:27:48: [MPF][perf][trace][#20241] buildProcessNodes 6ms active=3->2
2026-03-25T13:27:48: [MPF][perf][trace][#20243] buildProcessNodes 2ms active=3->2
2026-03-25T13:27:48: [MPF][perf][trace][#20244] buildProcessNodes 3ms active=3->2
2026-03-25T13:27:48: [MPF][perf][trace][#20245] buildProcessNodes 3ms active=3->2
2026-03-25T13:27:48: [MPF][perf][trace][#20235] buildProcessNodes 33ms active=2->1
2026-03-25T13:27:48: [MPF][perf][detail][#20234] buildProcessNodes totalMs=70ms materialBatchLookupMs=12ms processMaterialsQueryMs=9ms processStepQueryMs=10ms recursionMs=33ms rootMaterialLookupMs=0ms slowestCallMs=33ms subCraftLookupMs=12ms calls=11 maxDepth=2 leafCount=0 cycleHits=0 totalNodes=166 slowestDepth=0 slowestMaterialId=69784c439e5429556762ce96
2026-03-25T13:27:48: [MPF][perf][detail][#20234] createFlowByMaterialCode totalMs=70ms buildNodesMs=33ms craftLookupMs=2ms materialLookupMs=1ms saveMs=23ms workOrderLookupMs=2ms barcode=1020260300621H24XX7M1A2A8 isFromDevice=false hasWorkOrder=true buildCalls=11 buildMaxDepth=2 processNodeCount=92
2026-03-25T13:27:48: [MPF][perf][trace][#20233] createFlowByMaterialCode 71ms active=1->0
2026-03-25T13:27:48: [API] 工序子物料批量扫码提交 - 请求参数: {
  mainBarcode: '1020260300621H24XX7M1A2A8',
  processStepId: '69be073ec78e4e58af18a0bd',
  componentScans: [],
  userId: '67b810085cd22d7b23a52873',
  lineId: '67582bc0eebf2a4b34951ef6'
}
2026-03-25T13:27:48: [MPF][perf][trace][#20247] markMaterialBarcodeBatchesUsed 0ms active=2->1
2026-03-25T13:27:48: 🔗 调用工单处理服务: http://localhost:2228/api/workorder/update-quantity {
  workOrderId: new ObjectId("69be02d8040d00d4bb253f37"),
  type: 'input',
  quantity: 1
}
2026-03-25T13:27:48: ✅ 工单处理服务响应: {
  success: true,
  jobId: '69be02d8040d00d4bb253f37_input_1774416468826',
  queueLength: 0
}
2026-03-25T13:27:48: [MPF][perf][trace][#20248] updateWorkOrderQuantity 4ms active=2->1
2026-03-25T13:27:48: [MPF][perf][trace][#20249] preloadMaterialsByIds 0ms active=2->1
2026-03-25T13:27:48: [MPF][perf][trace][#20251] validateDICode 3ms active=3->2
2026-03-25T13:27:48: [MPF][perf][trace][#20250] validateBarcodeWithMaterial 5ms active=2->1
2026-03-25T13:27:48: [MPF][perf][trace][#20252] persistFlowRecordPatch 5ms active=2->1
2026-03-25T13:27:48: [MPF][perf][trace][#20253] fixFlowProgress 25ms active=2->1
2026-03-25T13:27:48: [MPF][perf][trace][#20246] scanProcessComponents 90ms active=1->0
2026-03-25T13:27:48: [API] 工序子物料批量扫码提交 - 请求参数: {
  mainBarcode: 'FW300XXXH17XL309Z0S800047QA57QA5',
  processStepId: '684cc7fe3e948cf23178026e',
  componentScans: [],
  userId: '6784ef7553a924ac79a1ff42',
  lineId: '6785024f34bd0b84f8bc8682'
}
2026-03-25T13:27:48: [MPF][perf][trace][#20255] markMaterialBarcodeBatchesUsed 0ms active=2->1
2026-03-25T13:27:48: [MPF][perf][trace][#20256] preloadMaterialsByIds 0ms active=2->1
2026-03-25T13:27:48: 🚀 托盘条码处理 - 队列模式: P2306M57UEU0962126
2026-03-25T13:27:48: 开始托盘条码异步处理: P2306M57UEU0962126, 产线: 德昌追觅C线包装
2026-03-25T13:27:49: 添加托盘处理任务到队列: 条码=P2306M57UEU0962126, 产线=德昌追觅C线包装
2026-03-25T13:27:49: [MPF][perf][trace][#20258] validateDICode 8ms active=3->2
2026-03-25T13:27:49: [MPF][perf][trace][#20257] validateBarcodeWithMaterial 18ms active=2->1
2026-03-25T13:27:49: 托盘处理任务已添加到队列: JobId=pallet_P2306M57UEU0962126_1774416469008_pyrev4, 条码=P2306M57UEU0962126
2026-03-25T13:27:49: [MPF][perf][trace][#20259] persistFlowRecordPatch 3ms active=2->1
2026-03-25T13:27:49: [MPF][perf][trace][#20254] scanProcessComponents 36ms active=1->0
2026-03-25T13:27:49: 托盘条码异步处理任务已提交: P2306M57UEU0962126, JobId: pallet_P2306M57UEU0962126_1774416469008_pyrev4
2026-03-25T13:27:50: [API] 设备条码初始化 - 请求参数: { barcode: '1020260300621H24XX7M1A0S7', machineIp: '192.168.35.30' }
2026-03-25T13:27:50: [MPF][perf][trace][#20260] initializeMachineBarcode 7ms active=1->0
2026-03-25T13:27:50: [API] 工序子物料批量扫码提交 - 请求参数: {
  mainBarcode: '1020260300621H24XX7M1A2Z1',
  processStepId: '69be073eb62fba7cdf2dbdb1',
  componentScans: [
    {
      materialId: '6757a56f354604091e7be893',
      barcode: '102250-117290010703-20260303-56830'
    }
  ],
  userId: '67b810085cd22d7b23a52873',
  lineId: '67582bc0eebf2a4b34951ef6'
}
2026-03-25T13:27:50: 🔒 成功获取关键物料条码锁: 102250-117290010703-20260303-56830 (主条码: 1020260300621H24XX7M1A2Z1)
2026-03-25T13:27:50: [MPF][perf][trace][#20262] markMaterialBarcodeBatchesUsed 2ms active=2->1
2026-03-25T13:27:50: [MPF][perf][trace][#20263] preloadMaterialsByIds 2ms active=2->1
2026-03-25T13:27:50: [MPF][perf][trace][#20265] validateDICode 2ms active=3->2
2026-03-25T13:27:50: [MPF][perf][trace][#20264] validateBarcodeWithMaterial 2ms active=2->1
2026-03-25T13:27:51: [MPF][perf][trace][#20267] validateDICode 1ms active=3->2
2026-03-25T13:27:51: [MPF][perf][trace][#20266] validateBarcodeWithMaterial 3ms active=2->1
2026-03-25T13:27:51: [MPF][perf][trace][#20268] persistFlowRecordPatch 5ms active=2->1
2026-03-25T13:27:51: 🔓 成功释放关键物料条码锁: 102250-117290010703-20260303-56830 (主条码: 1020260300621H24XX7M1A2Z1)
2026-03-25T13:27:51: [MPF][perf][trace][#20261] scanProcessComponents 84ms active=1->0
2026-03-25T13:27:52: [API] 设备条码初始化 - 请求参数: { barcode: '1020260300621H24XX7M1A4U6', machineIp: '2' }
2026-03-25T13:27:53: [MPF][perf][trace][#20269] initializeMachineBarcode 20ms active=1->0
2026-03-25T13:27:53: [API] 设备条码初始化 - 请求参数: { barcode: '1020260300621H24XX7M1A1H9', machineIp: '192.168.35.33' }
2026-03-25T13:27:53: [MPF][perf][trace][#20270] initializeMachineBarcode 7ms active=1->0
2026-03-25T13:27:53: [API] 设备条码初始化 - 请求参数: { barcode: 'YDC-BL0532-1-202603240446', machineIp: '192.168.26.36' }
2026-03-25T13:27:53: [MPF][perf][trace][#20271] initializeMachineBarcode 2ms active=1->0
2026-03-25T13:27:53: [MPF][perf][trace][#20273] markMaterialBarcodeBatchesUsed 0ms active=2->1
2026-03-25T13:27:53: [MPF][perf][trace][#20274] preloadMaterialsByIds 0ms active=2->1
2026-03-25T13:27:53: [MPF][perf][trace][#20276] validateDICode 2ms active=3->2
2026-03-25T13:27:53: [MPF][perf][trace][#20275] validateBarcodeWithMaterial 3ms active=2->1
2026-03-25T13:27:53: [MPF][perf][trace][#20277] persistFlowRecordPatch 2ms active=2->1
2026-03-25T13:27:53: [MPF][perf][trace][#20272] scanProcessComponents 10ms active=1->0
2026-03-25T13:27:56: [API] 检查条码节点完成情况 - 请求参数: { params: {}, query: { barcode: 'FW300XXXH17XL309Z0J000047QA57QA5' } }
2026-03-25T13:27:56: [MPF][perf][trace][#20278] checkBarcodeCompletion 4ms active=1->0
2026-03-25T13:27:56: 🚀 托盘条码处理 - 队列模式: 1020260300621H24XX7M1A5Z0
2026-03-25T13:27:56: 开始托盘条码异步处理: 1020260300621H24XX7M1A5Z0, 产线: 面罩主机1号线
2026-03-25T13:27:56: 添加托盘处理任务到队列: 条码=1020260300621H24XX7M1A5Z0, 产线=面罩主机1号线
2026-03-25T13:27:56: 托盘处理任务已添加到队列: JobId=pallet_1020260300621H24XX7M1A5Z0_1774416476501_odnp6f, 条码=1020260300621H24XX7M1A5Z0
2026-03-25T13:27:56: 🎯 开始处理托盘任务: pallet_1020260300621H24XX7M1A5Z0_1774416476501_odnp6f, 条码: 1020260300621H24XX7M1A5Z0, 产线: 面罩主机1号线, Worker: worker_28792_1774416476503_tt471b
2026-03-25T13:27:56: 🔐 尝试获取托盘锁: 1020260300621H24XX7M1A5Z0
2026-03-25T13:27:56: 🔒 托盘锁已获取: 1020260300621H24XX7M1A5Z0 by worker_28792_1774416476503_tt471b
2026-03-25T13:27:56: 托盘条码异步处理任务已提交: 1020260300621H24XX7M1A5Z0, JobId: pallet_1020260300621H24XX7M1A5Z0_1774416476501_odnp6f
2026-03-25T13:27:56: 开始处理托盘条码（简化版本）: 1020260300621H24XX7M1A5Z0, 盒条码: null, 来自维修台: false
2026-03-25T13:27:56: 使用托盘: YDC-SN-1774415144598
2026-03-25T13:27:56: 开始触发工序完成: 1020260300621H24XX7M1A5Z0, 托盘编号: YDC-SN-1774415144598
2026-03-25T13:27:56: flowRecord.progress 100
2026-03-25T13:27:56: processPosition.isLast true
2026-03-25T13:27:56: 🔗 调用工单处理服务: http://localhost:2228/api/workorder/update-quantity {
  workOrderId: new ObjectId("69be02d8040d00d4bb253f37"),
  type: 'output',
  quantity: 1
}
2026-03-25T13:27:56: ✅ 工单处理服务响应: {
  success: true,
  jobId: '69be02d8040d00d4bb253f37_output_1774416476533',
  queueLength: 0
}
2026-03-25T13:27:56: [MPF][perf][trace][#20280] updateWorkOrderQuantity 4ms active=2->1
2026-03-25T13:27:56: 条码 1020260300621H24XX7M1A5Z0 首次完成生产，产出量+1
2026-03-25T13:27:56: [MPF][perf][trace][#20281] persistFlowRecordPatch 6ms active=2->1
2026-03-25T13:27:56: [MPF][perf][trace][#20279] scanBatchDocument 23ms active=1->0
2026-03-25T13:27:56: 条码 1020260300621H24XX7M1A5Z0 工序完成触发成功
2026-03-25T13:27:56: 工序绑定和托盘入托完成，条码 1020260300621H24XX7M1A5Z0 处理成功
2026-03-25T13:27:56: ✅ 托盘处理任务完成: pallet_1020260300621H24XX7M1A5Z0_1774416476501_odnp6f, 条码: 1020260300621H24XX7M1A5Z0, 耗时: 43ms, Worker: worker_28792_1774416476503_tt471b
2026-03-25T13:27:56: 📈 托盘队列任务进度: pallet_1020260300621H24XX7M1A5Z0_1774416476501_odnp6f - 100%
2026-03-25T13:27:56: 🔓 托盘锁已释放: 1020260300621H24XX7M1A5Z0 by worker_28792_1774416476503_tt471b
2026-03-25T13:27:56: ✅ 托盘队列任务完成: pallet_1020260300621H24XX7M1A5Z0_1774416476501_odnp6f {
  mainBarcode: '1020260300621H24XX7M1A5Z0',
  palletCode: 'YDC-SN-1774415144598',
  duration: 43
}
2026-03-25T13:27:57: [API] 创建流程记录 - 请求参数: {
  mainMaterialId: '67c74dc1ec33d3a13e3b9736',
  materialCode: '1313102302',
  barcode: 'FW300XXXH17XL309Z0A800047QA57QA5',
  productLineId: '6785024f34bd0b84f8bc8682',
  productLineName: '遥控器一线'
}
2026-03-25T13:27:57: [MPF][perf][trace][#20285] buildProcessNodes 3ms active=3->2
2026-03-25T13:27:57: [MPF][perf][trace][#20284] buildProcessNodes 6ms active=2->1
2026-03-25T13:27:57: [MPF][perf][detail][#20283] buildProcessNodes totalMs=19ms materialBatchLookupMs=2ms processMaterialsQueryMs=2ms processStepQueryMs=2ms recursionMs=3ms rootMaterialLookupMs=0ms slowestCallMs=6ms subCraftLookupMs=2ms calls=2 maxDepth=1 leafCount=0 cycleHits=0 totalNodes=35 slowestDepth=0 slowestMaterialId=67c74dc1ec33d3a13e3b9736
2026-03-25T13:27:57: [MPF][perf][detail][#20283] createFlowByMaterialCode totalMs=19ms buildNodesMs=6ms craftLookupMs=2ms materialLookupMs=1ms saveMs=7ms workOrderLookupMs=2ms barcode=FW300XXXH17XL309Z0A800047QA57QA5 isFromDevice=false hasWorkOrder=false buildCalls=2 buildMaxDepth=1 processNodeCount=20
2026-03-25T13:27:57: [MPF][perf][trace][#20282] createFlowByMaterialCode 19ms active=1->0
2026-03-25T13:27:57: [API] 工序子物料批量扫码提交 - 请求参数: {
  mainBarcode: 'FW300XXXH17XL309Z0A800047QA57QA5',
  processStepId: '684cc7feb24e29e1ffae069d',
  componentScans: [
    {
      materialId: '675ac74d354604091e8102ab',
      barcode: '1313102051-260313083359'
    }
  ],
  userId: '6784ef7553a924ac79a1ff42',
  lineId: '6785024f34bd0b84f8bc8682'
}
2026-03-25T13:27:57: 开始验证物料 1313102051 的工序节点兼容性
2026-03-25T13:27:57: 主物料中绑定节点的子节点数量: 14
2026-03-25T13:27:57: 子物料中非根节点数量: 14
2026-03-25T13:27:57: 主物料子树根节点数量: 1
2026-03-25T13:27:57: 子物料树根节点数量: 1
2026-03-25T13:27:57: 验证完成，发现 0 个错误
2026-03-25T13:27:57: [MPF][perf][trace][#20287] matchAndUpdateNodesRecursively 1ms active=2->1
2026-03-25T13:27:57: [MPF][perf][trace][#20288] markMaterialBarcodeBatchesUsed 1ms active=2->1
2026-03-25T13:27:57: [MPF][perf][trace][#20289] preloadMaterialsByIds 1ms active=2->1
2026-03-25T13:27:57: [MPF][perf][trace][#20290] validateBarcodeWithMaterial 1ms active=2->1
2026-03-25T13:27:57: [MPF][perf][trace][#20292] validateDICode 7ms active=3->2
2026-03-25T13:27:57: [MPF][perf][trace][#20291] validateBarcodeWithMaterial 7ms active=2->1
2026-03-25T13:27:57: [MPF][perf][trace][#20293] persistFlowRecordPatch 4ms active=2->1
2026-03-25T13:27:57: [MPF][perf][trace][#20294] fixFlowProgress 8ms active=2->1
2026-03-25T13:27:57: [MPF][perf][trace][#20286] scanProcessComponents 38ms active=1->0
2026-03-25T13:27:58: [API] 设备条码初始化 - 请求参数: { barcode: 'YDC-BL0532-1-202603240455', machineIp: '192.168.26.36' }
2026-03-25T13:27:58: [MPF][perf][trace][#20295] initializeMachineBarcode 2ms active=1->0
2026-03-25T13:27:58: [API] 工序子物料批量扫码提交 - 请求参数: {
  mainBarcode: '1020260300621H24XX7M1A2A3',
  processStepId: '69be073ea816dbe2ecd5a6ba',
  componentScans: [
    {
      materialId: '6757a56f354604091e7be893',
      barcode: '102250-117290010703-20260309-66996'
    }
  ],
  userId: '67b810085cd22d7b23a52873',
  lineId: '67582bc0eebf2a4b34951ef6'
}
2026-03-25T13:27:58: 🔒 成功获取关键物料条码锁: 102250-117290010703-20260309-66996 (主条码: 1020260300621H24XX7M1A2A3)
2026-03-25T13:27:58: [MPF][perf][trace][#20297] markMaterialBarcodeBatchesUsed 1ms active=2->1
2026-03-25T13:27:58: [MPF][perf][trace][#20298] preloadMaterialsByIds 1ms active=2->1
2026-03-25T13:27:58: [MPF][perf][trace][#20300] validateDICode 2ms active=3->2
2026-03-25T13:27:58: [MPF][perf][trace][#20299] validateBarcodeWithMaterial 3ms active=2->1
2026-03-25T13:27:58: [MPF][perf][trace][#20302] validateDICode 2ms active=3->2
2026-03-25T13:27:58: [MPF][perf][trace][#20301] validateBarcodeWithMaterial 3ms active=2->1
2026-03-25T13:27:58: [MPF][perf][trace][#20303] persistFlowRecordPatch 5ms active=2->1
2026-03-25T13:27:58: 🔓 成功释放关键物料条码锁: 102250-117290010703-20260309-66996 (主条码: 1020260300621H24XX7M1A2A3)
2026-03-25T13:27:58: [MPF][perf][trace][#20296] scanProcessComponents 72ms active=1->0
2026-03-25T13:27:58: [API] 设备条码初始化 - 请求参数: {
  barcode: 'FW300XXXH17XL309Z0Q000047QA57QA5',
  machineIp: '192.168.24.43'
}
2026-03-25T13:27:58: [MPF][perf][trace][#20304] initializeMachineBarcode 2ms active=1->0
2026-03-25T13:27:59: [API] 工序子物料批量扫码提交 - 请求参数: {
  mainBarcode: '1020260300621H24XX7M1A4U6',
  processStepId: '69be073ea278d47574e8dfb5',
  componentScans: [],
  userId: '675fe718f9bd4270460b2c29',
  lineId: '67582bc0eebf2a4b34951ef6'
}
2026-03-25T13:27:59: [MPF][perf][trace][#20306] markMaterialBarcodeBatchesUsed 0ms active=2->1
2026-03-25T13:27:59: [MPF][perf][trace][#20307] preloadMaterialsByIds 0ms active=2->1
2026-03-25T13:27:59: [MPF][perf][trace][#20309] validateDICode 2ms active=3->2
2026-03-25T13:27:59: [MPF][perf][trace][#20308] validateBarcodeWithMaterial 2ms active=2->1
2026-03-25T13:27:59: [MPF][perf][trace][#20310] persistFlowRecordPatch 7ms active=2->1
2026-03-25T13:27:59: [MPF][perf][trace][#20305] scanProcessComponents 62ms active=1->0
2026-03-25T13:27:59: [API] 设备条码初始化 - 请求参数: { barcode: '1020260300621H24XX7M1A1A7', machineIp: '192.168.35.31' }
2026-03-25T13:27:59: [MPF][perf][trace][#20311] initializeMachineBarcode 8ms active=1->0
2026-03-25T13:27:59: [MPF][perf][trace][#20313] markMaterialBarcodeBatchesUsed 0ms active=2->1
2026-03-25T13:27:59: [MPF][perf][trace][#20314] preloadMaterialsByIds 0ms active=2->1
2026-03-25T13:27:59: [MPF][perf][trace][#20316] validateDICode 2ms active=3->2
2026-03-25T13:27:59: [MPF][perf][trace][#20315] validateBarcodeWithMaterial 3ms active=2->1
2026-03-25T13:27:59: [MPF][perf][trace][#20317] persistFlowRecordPatch 5ms active=2->1
2026-03-25T13:27:59: [MPF][perf][trace][#20312] scanProcessComponents 57ms active=1->0
2026-03-25T13:28:00: [API] 设备条码初始化 - 请求参数: { barcode: '1020260300621H24XX7M1A1H9', machineIp: '192.168.35.33' }
2026-03-25T13:28:00: [MPF][perf][trace][#20318] initializeMachineBarcode 7ms active=1->0
2026-03-25T13:28:00: [MPF][perf][trace][#20320] markMaterialBarcodeBatchesUsed 0ms active=2->1
2026-03-25T13:28:00: [MPF][perf][trace][#20321] preloadMaterialsByIds 0ms active=2->1
2026-03-25T13:28:00: [MPF][perf][trace][#20323] validateDICode 2ms active=3->2
2026-03-25T13:28:00: [MPF][perf][trace][#20322] validateBarcodeWithMaterial 2ms active=2->1
2026-03-25T13:28:00: [MPF][perf][trace][#20324] persistFlowRecordPatch 5ms active=2->1
2026-03-25T13:28:00: [MPF][perf][trace][#20319] scanProcessComponents 58ms active=1->0
2026-03-25T13:28:02: [API] 工序子物料批量扫码提交 - 请求参数: {
  mainBarcode: '1020260300621H24XX7M1A1H0',
  processStepId: '69be073ef2567c6043a36d47',
  componentScans: [
    {
      materialId: '6757a580354604091e7bef1e',
      barcode: '1313102217-260316084200'
    },
    {
      materialId: '6757a580354604091e7beede',
      barcode: '1313102216-260316084031'
    }
  ],
  userId: '67b810085cd22d7b23a52873',
  lineId: '67582bc0eebf2a4b34951ef6'
}
2026-03-25T13:28:02: 开始验证物料 1313102217 的工序节点兼容性
2026-03-25T13:28:02: 主物料中绑定节点的子节点数量: 4
2026-03-25T13:28:02: 子物料中非根节点数量: 4
2026-03-25T13:28:02: 主物料子树根节点数量: 1
2026-03-25T13:28:02: 子物料树根节点数量: 1
2026-03-25T13:28:02: 验证完成，发现 0 个错误
2026-03-25T13:28:02: [MPF][perf][trace][#20326] matchAndUpdateNodesRecursively 1ms active=2->1
2026-03-25T13:28:02: 开始验证物料 1313102216 的工序节点兼容性
2026-03-25T13:28:02: 主物料中绑定节点的子节点数量: 4
2026-03-25T13:28:02: 子物料中非根节点数量: 4
2026-03-25T13:28:02: 主物料子树根节点数量: 1
2026-03-25T13:28:02: 子物料树根节点数量: 1
2026-03-25T13:28:02: 验证完成，发现 0 个错误
2026-03-25T13:28:02: [MPF][perf][trace][#20327] matchAndUpdateNodesRecursively 1ms active=2->1
2026-03-25T13:28:02: [MPF][perf][trace][#20328] markMaterialBarcodeBatchesUsed 1ms active=2->1
2026-03-25T13:28:02: [MPF][perf][trace][#20329] preloadMaterialsByIds 2ms active=2->1
2026-03-25T13:28:02: [MPF][perf][trace][#20330] validateBarcodeWithMaterial 0ms active=2->2
2026-03-25T13:28:02: [MPF][perf][trace][#20331] validateBarcodeWithMaterial 0ms active=3->1
2026-03-25T13:28:02: [MPF][perf][trace][#20333] validateDICode 2ms active=3->2
2026-03-25T13:28:02: [MPF][perf][trace][#20332] validateBarcodeWithMaterial 3ms active=2->1
2026-03-25T13:28:02: [MPF][perf][trace][#20334] persistFlowRecordPatch 6ms active=2->1
2026-03-25T13:28:02: [MPF][perf][trace][#20325] scanProcessComponents 70ms active=1->0
2026-03-25T13:28:02: [API] 工序子物料批量扫码提交 - 请求参数: {
  mainBarcode: '1020260300621H24XX7M1A1U3',
  processStepId: '69be073e39f371fe13c6e562',
  componentScans: [
    {
      materialId: '6757a580354604091e7bef2f',
      barcode: '1313102230-260324102631'
    },
    {
      materialId: '675d4f7f354604091e835085',
      barcode: '1313102234-260324102426'
    }
  ],
  userId: '67b810085cd22d7b23a52873',
  lineId: '67582bc0eebf2a4b34951ef6'
}
2026-03-25T13:28:02: 开始验证物料 1313102230 的工序节点兼容性
2026-03-25T13:28:02: 主物料中绑定节点的子节点数量: 5
2026-03-25T13:28:02: 子物料中非根节点数量: 5
2026-03-25T13:28:02: 主物料子树根节点数量: 1
2026-03-25T13:28:02: 子物料树根节点数量: 1
2026-03-25T13:28:02: 验证完成，发现 0 个错误
2026-03-25T13:28:02: [MPF][perf][trace][#20336] matchAndUpdateNodesRecursively 1ms active=2->1
2026-03-25T13:28:02: 开始验证物料 1313102234 的工序节点兼容性
2026-03-25T13:28:02: 主物料中绑定节点的子节点数量: 4
2026-03-25T13:28:02: 子物料中非根节点数量: 4
2026-03-25T13:28:02: 主物料子树根节点数量: 1
2026-03-25T13:28:02: 子物料树根节点数量: 1
2026-03-25T13:28:02: 验证完成，发现 0 个错误
2026-03-25T13:28:02: [MPF][perf][trace][#20337] matchAndUpdateNodesRecursively 1ms active=2->1
2026-03-25T13:28:02: [MPF][perf][trace][#20338] markMaterialBarcodeBatchesUsed 1ms active=2->1
2026-03-25T13:28:02: [MPF][perf][trace][#20339] preloadMaterialsByIds 1ms active=2->1
2026-03-25T13:28:02: [MPF][perf][trace][#20340] validateBarcodeWithMaterial 1ms active=2->2
2026-03-25T13:28:02: [MPF][perf][trace][#20341] validateBarcodeWithMaterial 1ms active=3->1
2026-03-25T13:28:02: [MPF][perf][trace][#20343] validateDICode 2ms active=3->2
2026-03-25T13:28:02: [MPF][perf][trace][#20342] validateBarcodeWithMaterial 3ms active=2->1
2026-03-25T13:28:02: [MPF][perf][trace][#20344] persistFlowRecordPatch 6ms active=2->1
2026-03-25T13:28:02: [MPF][perf][trace][#20335] scanProcessComponents 64ms active=1->0
2026-03-25T13:28:03: [API] 工序子物料批量扫码提交 - 请求参数: {
  mainBarcode: 'FW300XXXH17XL309Z0Q400047QA57QA5',
  processStepId: '684cc7fe3e948cf23178026e',
  componentScans: [],
  userId: '6784ef7553a924ac79a1ff42',
  lineId: '6785024f34bd0b84f8bc8682'
}
2026-03-25T13:28:03: [MPF][perf][trace][#20346] markMaterialBarcodeBatchesUsed 0ms active=2->1
2026-03-25T13:28:03: [MPF][perf][trace][#20347] preloadMaterialsByIds 0ms active=2->1
2026-03-25T13:28:03: [MPF][perf][trace][#20349] validateDICode 7ms active=3->2
2026-03-25T13:28:03: [MPF][perf][trace][#20348] validateBarcodeWithMaterial 7ms active=2->1
2026-03-25T13:28:03: [MPF][perf][trace][#20350] persistFlowRecordPatch 3ms active=2->1
2026-03-25T13:28:03: [MPF][perf][trace][#20345] scanProcessComponents 21ms active=1->0
2026-03-25T13:28:04: [API] 创建流程记录 - 请求参数: {
  mainMaterialId: '69784c439e5429556762ce96',
  materialCode: '1108102067',
  barcode: '1020260300621H24XX7M1A2A9',
  productLineId: '67582bc0eebf2a4b34951ef6',
  productLineName: '面罩主机1号线'
}
2026-03-25T13:28:04: [MPF][perf][trace][#20354] buildProcessNodes 4ms active=3->2
2026-03-25T13:28:04: [MPF][perf][trace][#20355] buildProcessNodes 3ms active=3->2
2026-03-25T13:28:04: [MPF][perf][trace][#20356] buildProcessNodes 3ms active=3->2
2026-03-25T13:28:04: [MPF][perf][trace][#20357] buildProcessNodes 3ms active=3->2
2026-03-25T13:28:04: [MPF][perf][trace][#20358] buildProcessNodes 3ms active=3->2
2026-03-25T13:28:04: [MPF][perf][trace][#20360] buildProcessNodes 3ms active=4->3
2026-03-25T13:28:04: [MPF][perf][trace][#20359] buildProcessNodes 6ms active=3->2
2026-03-25T13:28:04: [MPF][perf][trace][#20361] buildProcessNodes 2ms active=3->2
2026-03-25T13:28:04: [MPF][perf][trace][#20362] buildProcessNodes 3ms active=3->2
2026-03-25T13:28:04: [MPF][perf][trace][#20363] buildProcessNodes 3ms active=3->2
2026-03-25T13:28:04: [MPF][perf][trace][#20353] buildProcessNodes 34ms active=2->1
2026-03-25T13:28:04: [MPF][perf][detail][#20352] buildProcessNodes totalMs=68ms materialBatchLookupMs=12ms processMaterialsQueryMs=10ms processStepQueryMs=10ms recursionMs=34ms rootMaterialLookupMs=0ms slowestCallMs=34ms subCraftLookupMs=11ms calls=11 maxDepth=2 leafCount=0 cycleHits=0 totalNodes=166 slowestDepth=0 slowestMaterialId=69784c439e5429556762ce96
2026-03-25T13:28:04: [MPF][perf][detail][#20352] createFlowByMaterialCode totalMs=68ms buildNodesMs=34ms craftLookupMs=2ms materialLookupMs=2ms saveMs=21ms workOrderLookupMs=2ms barcode=1020260300621H24XX7M1A2A9 isFromDevice=false hasWorkOrder=true buildCalls=11 buildMaxDepth=2 processNodeCount=92
2026-03-25T13:28:04: [MPF][perf][trace][#20351] createFlowByMaterialCode 68ms active=1->0
2026-03-25T13:28:05: [API] 工序子物料批量扫码提交 - 请求参数: {
  mainBarcode: '1020260300621H24XX7M1A2A9',
  processStepId: '69be073ec78e4e58af18a0bd',
  componentScans: [],
  userId: '67b810085cd22d7b23a52873',
  lineId: '67582bc0eebf2a4b34951ef6'
}
2026-03-25T13:28:05: [MPF][perf][trace][#20365] markMaterialBarcodeBatchesUsed 0ms active=2->1
2026-03-25T13:28:05: 🔗 调用工单处理服务: http://localhost:2228/api/workorder/update-quantity {
  workOrderId: new ObjectId("69be02d8040d00d4bb253f37"),
  type: 'input',
  quantity: 1
}
2026-03-25T13:28:05: ✅ 工单处理服务响应: {
  success: true,
  jobId: '69be02d8040d00d4bb253f37_input_1774416485036',
  queueLength: 0
}
2026-03-25T13:28:05: [MPF][perf][trace][#20366] updateWorkOrderQuantity 4ms active=2->1
2026-03-25T13:28:05: [MPF][perf][trace][#20367] preloadMaterialsByIds 0ms active=2->1
2026-03-25T13:28:05: [MPF][perf][trace][#20369] validateDICode 3ms active=3->2
2026-03-25T13:28:05: [MPF][perf][trace][#20368] validateBarcodeWithMaterial 3ms active=2->1
2026-03-25T13:28:05: [MPF][perf][trace][#20370] persistFlowRecordPatch 5ms active=2->1
2026-03-25T13:28:05: [MPF][perf][trace][#20371] fixFlowProgress 25ms active=2->1
2026-03-25T13:28:05: [MPF][perf][trace][#20364] scanProcessComponents 84ms active=1->0
2026-03-25T13:28:05: [API] 设备条码初始化 - 请求参数: { barcode: '1020260300621H24XX7M1A1J0', machineIp: '192.168.35.32' }
2026-03-25T13:28:05: [MPF][perf][trace][#20372] initializeMachineBarcode 8ms active=1->0
2026-03-25T13:28:05: [API] 设备条码初始化 - 请求参数: { barcode: '1020260300621H24XX7M1A0K3', machineIp: '3' }
2026-03-25T13:28:05: [MPF][perf][trace][#20373] initializeMachineBarcode 8ms active=1->0
2026-03-25T13:28:05: 🔒 成功获取关键物料条码锁: FW3001595026X7HZ82AC0432603150279100026010028743 (主条码: 1020260300621H24XX7M1A1J0)
2026-03-25T13:28:05: 开始验证物料 1313102514 的工序节点兼容性
2026-03-25T13:28:05: 主物料中绑定节点的子节点数量: 1
2026-03-25T13:28:05: 子物料中非根节点数量: 1
2026-03-25T13:28:05: 主物料子树根节点数量: 1
2026-03-25T13:28:05: 子物料树根节点数量: 1
2026-03-25T13:28:05: 验证完成，发现 0 个错误
2026-03-25T13:28:05: [MPF][perf][trace][#20375] matchAndUpdateNodesRecursively 1ms active=2->1
2026-03-25T13:28:05: [MPF][perf][trace][#20376] markMaterialBarcodeBatchesUsed 1ms active=2->1
2026-03-25T13:28:05: [MPF][perf][trace][#20377] preloadMaterialsByIds 1ms active=2->1
2026-03-25T13:28:05: [MPF][perf][trace][#20379] validateDICode 2ms active=3->2
2026-03-25T13:28:05: [MPF][perf][trace][#20378] validateBarcodeWithMaterial 3ms active=2->1
2026-03-25T13:28:05: [MPF][perf][trace][#20381] validateDICode 2ms active=3->2
2026-03-25T13:28:05: [MPF][perf][trace][#20380] validateBarcodeWithMaterial 3ms active=2->1
2026-03-25T13:28:05: [MPF][perf][trace][#20382] persistFlowRecordPatch 5ms active=2->1
2026-03-25T13:28:05: 🔓 成功释放关键物料条码锁: FW3001595026X7HZ82AC0432603150279100026010028743 (主条码: 1020260300621H24XX7M1A1J0)
2026-03-25T13:28:05: [MPF][perf][trace][#20374] scanProcessComponents 82ms active=1->0
2026-03-25T13:28:07: [API] 检查条码节点完成情况 - 请求参数: { params: {}, query: { barcode: 'FW300XXXH17XL309Z0H900047QA57QA5' } }
2026-03-25T13:28:07: [MPF][perf][trace][#20383] checkBarcodeCompletion 3ms active=1->0
2026-03-25T13:28:08: [API] 设备条码初始化 - 请求参数: {
  barcode: 'FW300XXXH18XL309A1S300047QA57QA5',
  machineIp: '192.168.24.43'
}
2026-03-25T13:28:08: [MPF][perf][trace][#20384] initializeMachineBarcode 2ms active=1->0
2026-03-25T13:28:08: [API] 工序子物料批量扫码提交 - 请求参数: {
  mainBarcode: '1020260300621H24XX7M1A1S4',
  processStepId: '69be073e65b51dcfc935d132',
  componentScans: [
    {
      materialId: '675e2e1f354604091e8459bb',
      barcode: '1313102233-260321161705'
    },
    {
      materialId: '6757a56f354604091e7be8a4',
      barcode: '102251-114010190082-20260308-06267'
    }
  ],
  userId: '67b810085cd22d7b23a52873',
  lineId: '67582bc0eebf2a4b34951ef6'
}
2026-03-25T13:28:08: 🔒 成功获取关键物料条码锁: 102251-114010190082-20260308-06267 (主条码: 1020260300621H24XX7M1A1S4)
2026-03-25T13:28:08: 开始验证物料 1313102233 的工序节点兼容性
2026-03-25T13:28:08: 主物料中绑定节点的子节点数量: 4
2026-03-25T13:28:08: 子物料中非根节点数量: 4
2026-03-25T13:28:08: 主物料子树根节点数量: 1
2026-03-25T13:28:08: 子物料树根节点数量: 1
2026-03-25T13:28:08: 验证完成，发现 0 个错误
2026-03-25T13:28:08: [MPF][perf][trace][#20386] matchAndUpdateNodesRecursively 1ms active=2->1
2026-03-25T13:28:08: [MPF][perf][trace][#20387] markMaterialBarcodeBatchesUsed 1ms active=2->1
2026-03-25T13:28:08: [MPF][perf][trace][#20388] preloadMaterialsByIds 1ms active=2->1
2026-03-25T13:28:08: [MPF][perf][trace][#20389] validateBarcodeWithMaterial 0ms active=2->3
2026-03-25T13:28:08: [MPF][perf][trace][#20391] validateDICode 2ms active=4->2
2026-03-25T13:28:08: [MPF][perf][trace][#20390] validateBarcodeWithMaterial 3ms active=3->1
2026-03-25T13:28:08: [MPF][perf][trace][#20393] validateDICode 2ms active=3->2
2026-03-25T13:28:08: [MPF][perf][trace][#20392] validateBarcodeWithMaterial 3ms active=2->1
2026-03-25T13:28:08: [MPF][perf][trace][#20394] persistFlowRecordPatch 5ms active=2->1
2026-03-25T13:28:08: 🔓 成功释放关键物料条码锁: 102251-114010190082-20260308-06267 (主条码: 1020260300621H24XX7M1A1S4)
2026-03-25T13:28:08: [MPF][perf][trace][#20385] scanProcessComponents 66ms active=1->0
2026-03-25T13:28:10: [API] 设备条码初始化 - 请求参数: { barcode: '1020260300621H24XX7M1A1K6', machineIp: '192.168.35.30' }
2026-03-25T13:28:10: [MPF][perf][trace][#20395] initializeMachineBarcode 8ms active=1->0
2026-03-25T13:28:10: 🔒 成功获取关键物料条码锁: FW300XXXH19XL309Z1Q800047QA57QA5 (主条码: 1020260300621H24XX7M1A1K6)
2026-03-25T13:28:10: 🔒 成功获取关键物料条码锁: FW300XXX1459019X320L30826011008482 (主条码: 1020260300621H24XX7M1A1K6)
2026-03-25T13:28:10: 开始验证物料 1313102302 的工序节点兼容性
2026-03-25T13:28:10: 主物料中绑定节点的子节点数量: 18
2026-03-25T13:28:10: 子物料中非根节点数量: 19
2026-03-25T13:28:10: 主物料子树根节点数量: 3
2026-03-25T13:28:10: 子物料树根节点数量: 3
2026-03-25T13:28:10: 验证完成，发现 0 个错误
2026-03-25T13:28:10: [MPF][perf][trace][#20397] matchAndUpdateNodesRecursively 3ms active=2->1
2026-03-25T13:28:10: [MPF][perf][trace][#20398] markMaterialBarcodeBatchesUsed 2ms active=2->1
2026-03-25T13:28:10: [MPF][perf][trace][#20399] preloadMaterialsByIds 2ms active=2->1
2026-03-25T13:28:10: [MPF][perf][trace][#20402] validateDICode 14ms active=4->4
2026-03-25T13:28:10: [MPF][perf][trace][#20400] validateBarcodeWithMaterial 15ms active=2->3
2026-03-25T13:28:10: [MPF][perf][trace][#20403] validateDICode 23ms active=5->2
2026-03-25T13:28:10: [MPF][perf][trace][#20401] validateBarcodeWithMaterial 23ms active=3->1
2026-03-25T13:28:10: [MPF][perf][trace][#20405] validateDICode 2ms active=3->2
2026-03-25T13:28:10: [MPF][perf][trace][#20404] validateBarcodeWithMaterial 3ms active=2->1
2026-03-25T13:28:10: [MPF][perf][trace][#20406] persistFlowRecordPatch 7ms active=2->1
2026-03-25T13:28:10: 🔓 成功释放关键物料条码锁: FW300XXXH19XL309Z1Q800047QA57QA5 (主条码: 1020260300621H24XX7M1A1K6)
2026-03-25T13:28:10: 🔓 成功释放关键物料条码锁: FW300XXX1459019X320L30826011008482 (主条码: 1020260300621H24XX7M1A1K6)
2026-03-25T13:28:10: [MPF][perf][trace][#20396] scanProcessComponents 98ms active=1->0
2026-03-25T13:28:12: 🚀 托盘条码处理 - 队列模式: 1020260300621H24XX7M1A4U8
2026-03-25T13:28:12: 开始托盘条码异步处理: 1020260300621H24XX7M1A4U8, 产线: 面罩主机1号线
2026-03-25T13:28:12: 添加托盘处理任务到队列: 条码=1020260300621H24XX7M1A4U8, 产线=面罩主机1号线
2026-03-25T13:28:12: 托盘处理任务已添加到队列: JobId=pallet_1020260300621H24XX7M1A4U8_1774416492503_0u4jc1, 条码=1020260300621H24XX7M1A4U8
2026-03-25T13:28:12: 托盘条码异步处理任务已提交: 1020260300621H24XX7M1A4U8, JobId: pallet_1020260300621H24XX7M1A4U8_1774416492503_0u4jc1
2026-03-25T13:28:12: [API] 工序子物料批量扫码提交 - 请求参数: {
  mainBarcode: '1020260300621H24XX7M1A1F5',
  processStepId: '69be073e902e0a67bd505a7a',
  componentScans: [],
  userId: '67b810085cd22d7b23a52873',
  lineId: '67582bc0eebf2a4b34951ef6'
}
2026-03-25T13:28:12: [MPF][perf][trace][#20408] markMaterialBarcodeBatchesUsed 0ms active=2->1
2026-03-25T13:28:12: [MPF][perf][trace][#20409] preloadMaterialsByIds 0ms active=2->1
2026-03-25T13:28:12: [API] 设备条码初始化 - 请求参数: { barcode: '1020260300621H24XX7M1A1A5', machineIp: '192.168.35.32' }
2026-03-25T13:28:12: [MPF][perf][trace][#20410] initializeMachineBarcode 7ms active=2->2
2026-03-25T13:28:12: [MPF][perf][trace][#20412] validateDICode 3ms active=3->2
2026-03-25T13:28:12: [MPF][perf][trace][#20411] validateBarcodeWithMaterial 16ms active=3->1
2026-03-25T13:28:12: [MPF][perf][trace][#20413] persistFlowRecordPatch 5ms active=2->1
2026-03-25T13:28:12: [MPF][perf][trace][#20407] scanProcessComponents 74ms active=1->0
2026-03-25T13:28:12: [API] 设备条码初始化 - 请求参数: { barcode: '1020260300621H24XX7M1A1H2', machineIp: '192.168.35.31' }
2026-03-25T13:28:12: [MPF][perf][trace][#20414] initializeMachineBarcode 7ms active=1->0
2026-03-25T13:28:12: [API] 设备条码初始化 - 请求参数: { barcode: 'H16XX751Z1U3F', machineIp: '4' }
2026-03-25T13:28:12: 🗑️ 已清除物料 68811511150d569dae4a93b6 的条码规则缓存
2026-03-25T13:28:12: [MPF][perf][trace][#20416] validateBarcodeWithMaterial 5ms active=2->1
2026-03-25T13:28:12: 初始化设备条码失败: Error: 条码不符合任何已配置的规则或物料不匹配
    at Function.initializeMachineBarcode (D:\zrMes\dcMes_server\services\materialProcessFlowService.js:4965:15)
    at runMicrotasks (<anonymous>)
    at processTicksAndRejections (internal/process/task_queues.js:93:5)
    at async Function.wrappedMethod (D:\zrMes\dcMes_server\services\materialProcessFlowService.js:162:16)
    at async D:\zrMes\dcMes_server\routes\materialProcessFlowService.js:352:20
2026-03-25T13:28:12: [MPF][perf][error][#20415] initializeMachineBarcode 12ms active=1->0 msg=条码不符合任何已配置的规则或物料不匹配
2026-03-25T13:28:13: [API] 设备条码初始化 - 请求参数: { barcode: '1020260300621H24XX7M1A1A4', machineIp: '2' }
2026-03-25T13:28:13: [MPF][perf][trace][#20417] initializeMachineBarcode 7ms active=1->0
2026-03-25T13:28:13: [API] 设备条码初始化 - 请求参数: {
  barcode: 'FW300XXXH18XL309A1S400047QA57QA5',
  machineIp: '192.168.24.43'
}
2026-03-25T13:28:13: [MPF][perf][trace][#20418] initializeMachineBarcode 3ms active=1->0
2026-03-25T13:28:13: [API] 工序子物料批量扫码提交 - 请求参数: {
  mainBarcode: '1020260300621H24XX7M1A1S6',
  processStepId: '69be073ea44b1ba77491de81',
  componentScans: [
    {
      materialId: '6757a56f354604091e7be8ac',
      barcode: '102251-114010190087-20260315-02613'
    },
    {
      materialId: '675e2e1f354604091e8459ba',
      barcode: '1313102232-260316083812'
    }
  ],
  userId: '67b810085cd22d7b23a52873',
  lineId: '67582bc0eebf2a4b34951ef6'
}
2026-03-25T13:28:13: 🔒 成功获取关键物料条码锁: 102251-114010190087-20260315-02613 (主条码: 1020260300621H24XX7M1A1S6)
2026-03-25T13:28:13: 开始验证物料 1313102232 的工序节点兼容性
2026-03-25T13:28:13: 主物料中绑定节点的子节点数量: 4
2026-03-25T13:28:13: 子物料中非根节点数量: 4
2026-03-25T13:28:13: 主物料子树根节点数量: 1
2026-03-25T13:28:13: 子物料树根节点数量: 1
2026-03-25T13:28:13: 验证完成，发现 0 个错误
2026-03-25T13:28:13: [MPF][perf][trace][#20420] matchAndUpdateNodesRecursively 1ms active=2->1
2026-03-25T13:28:13: [MPF][perf][trace][#20421] markMaterialBarcodeBatchesUsed 2ms active=2->1
2026-03-25T13:28:13: [MPF][perf][trace][#20422] preloadMaterialsByIds 2ms active=2->1
2026-03-25T13:28:13: [MPF][perf][trace][#20424] validateBarcodeWithMaterial 1ms active=3->3
2026-03-25T13:28:13: [MPF][perf][trace][#20425] validateDICode 3ms active=4->2
2026-03-25T13:28:13: [MPF][perf][trace][#20423] validateBarcodeWithMaterial 4ms active=2->1
2026-03-25T13:28:14: [MPF][perf][trace][#20427] validateDICode 3ms active=3->2
2026-03-25T13:28:14: [MPF][perf][trace][#20426] validateBarcodeWithMaterial 3ms active=2->1
2026-03-25T13:28:14: [MPF][perf][trace][#20428] persistFlowRecordPatch 5ms active=2->1
2026-03-25T13:28:14: 🔓 成功释放关键物料条码锁: 102251-114010190087-20260315-02613 (主条码: 1020260300621H24XX7M1A1S6)
2026-03-25T13:28:14: [MPF][perf][trace][#20419] scanProcessComponents 88ms active=1->0
2026-03-25T13:28:14: [API] 设备条码初始化 - 请求参数: {
  barcode: 'FW3001595026X7HZ82AC0432603150182300026010028743',
  machineIp: '192.168.35.34'
}
2026-03-25T13:28:14: [MPF][perf][trace][#20431] validateDICode 4ms active=3->2
2026-03-25T13:28:14: [MPF][perf][trace][#20430] validateBarcodeWithMaterial 4ms active=2->1
2026-03-25T13:28:14: [MPF][perf][trace][#20434] buildProcessNodes 3ms active=3->2
2026-03-25T13:28:14: [MPF][perf][detail][#20433] buildProcessNodes totalMs=8ms materialBatchLookupMs=1ms processMaterialsQueryMs=0ms processStepQueryMs=1ms recursionMs=0ms rootMaterialLookupMs=0ms slowestCallMs=3ms subCraftLookupMs=1ms calls=1 maxDepth=0 leafCount=0 cycleHits=0 totalNodes=2 slowestDepth=0 slowestMaterialId=689e16129e542955670237ee
2026-03-25T13:28:14: [MPF][perf][detail][#20433] createFlowByMaterialCode totalMs=8ms buildNodesMs=3ms craftLookupMs=1ms materialLookupMs=1ms saveMs=3ms workOrderLookupMs=1ms barcode=FW3001595026X7HZ82AC0432603150182300026010028743 isFromDevice=false hasWorkOrder=false buildCalls=1 buildMaxDepth=0 processNodeCount=2
2026-03-25T13:28:14: [MPF][perf][trace][#20432] createFlowByMaterialCode 8ms active=2->1
2026-03-25T13:28:14: [MPF][perf][trace][#20429] initializeMachineBarcode 18ms active=1->0
2026-03-25T13:28:15: [API] 设备条码初始化 - 请求参数: { barcode: '1020260300621H24XX7M1A4U9', machineIp: '192.168.35.31' }
2026-03-25T13:28:15: [MPF][perf][trace][#20435] initializeMachineBarcode 8ms active=1->0
2026-03-25T13:28:15: [MPF][perf][trace][#20437] markMaterialBarcodeBatchesUsed 0ms active=2->1
2026-03-25T13:28:15: [MPF][perf][trace][#20438] preloadMaterialsByIds 0ms active=2->1
2026-03-25T13:28:15: [MPF][perf][trace][#20440] validateDICode 2ms active=3->2
2026-03-25T13:28:15: [MPF][perf][trace][#20439] validateBarcodeWithMaterial 3ms active=2->1
2026-03-25T13:28:15: [MPF][perf][trace][#20441] persistFlowRecordPatch 5ms active=2->1
2026-03-25T13:28:15: [MPF][perf][trace][#20436] scanProcessComponents 58ms active=1->0
2026-03-25T13:28:16: [API] 设备条码初始化 - 请求参数: { barcode: 'YDC-BL0532-1-202603240455', machineIp: '192.168.26.36' }
2026-03-25T13:28:16: [MPF][perf][trace][#20442] initializeMachineBarcode 2ms active=1->0
2026-03-25T13:28:16: [MPF][perf][trace][#20444] markMaterialBarcodeBatchesUsed 0ms active=2->1
2026-03-25T13:28:16: [MPF][perf][trace][#20445] preloadMaterialsByIds 0ms active=2->1
2026-03-25T13:28:16: [MPF][perf][trace][#20447] validateDICode 2ms active=3->2
2026-03-25T13:28:16: [MPF][perf][trace][#20446] validateBarcodeWithMaterial 3ms active=2->1
2026-03-25T13:28:16: [MPF][perf][trace][#20448] persistFlowRecordPatch 2ms active=2->1
2026-03-25T13:28:16: [MPF][perf][trace][#20443] scanProcessComponents 10ms active=1->0
2026-03-25T13:28:17: [API] 工序子物料批量扫码提交 - 请求参数: {
  mainBarcode: '1020260300621H24XX7M1A2Z2',
  processStepId: '69be073eb62fba7cdf2dbdb1',
  componentScans: [
    {
      materialId: '6757a56f354604091e7be893',
      barcode: '102250-117290010703-20260303-56810'
    }
  ],
  userId: '67b810085cd22d7b23a52873',
  lineId: '67582bc0eebf2a4b34951ef6'
}
2026-03-25T13:28:17: 🔒 成功获取关键物料条码锁: 102250-117290010703-20260303-56810 (主条码: 1020260300621H24XX7M1A2Z2)
2026-03-25T13:28:17: [MPF][perf][trace][#20450] markMaterialBarcodeBatchesUsed 1ms active=2->1
2026-03-25T13:28:17: [MPF][perf][trace][#20451] preloadMaterialsByIds 1ms active=2->1
2026-03-25T13:28:17: [MPF][perf][trace][#20453] validateDICode 2ms active=3->2
2026-03-25T13:28:17: [MPF][perf][trace][#20452] validateBarcodeWithMaterial 4ms active=2->1
2026-03-25T13:28:17: [MPF][perf][trace][#20455] validateDICode 2ms active=3->2
2026-03-25T13:28:17: [MPF][perf][trace][#20454] validateBarcodeWithMaterial 3ms active=2->1
2026-03-25T13:28:17: [MPF][perf][trace][#20456] persistFlowRecordPatch 5ms active=2->1
2026-03-25T13:28:17: 🔓 成功释放关键物料条码锁: 102250-117290010703-20260303-56810 (主条码: 1020260300621H24XX7M1A2Z2)
2026-03-25T13:28:17: [MPF][perf][trace][#20449] scanProcessComponents 64ms active=1->0
2026-03-25T13:28:17: [API] 工序子物料批量扫码提交 - 请求参数: {
  mainBarcode: '1020260300621H24XX7M1A1A4',
  processStepId: '69be073ea278d47574e8dfb5',
  componentScans: [],
  userId: '675fe718f9bd4270460b2c29',
  lineId: '67582bc0eebf2a4b34951ef6'
}
2026-03-25T13:28:17: [MPF][perf][trace][#20458] markMaterialBarcodeBatchesUsed 0ms active=2->1
2026-03-25T13:28:17: [MPF][perf][trace][#20459] preloadMaterialsByIds 0ms active=2->1
2026-03-25T13:28:17: [MPF][perf][trace][#20461] validateDICode 2ms active=3->2
2026-03-25T13:28:17: [MPF][perf][trace][#20460] validateBarcodeWithMaterial 2ms active=2->1
2026-03-25T13:28:17: [MPF][perf][trace][#20462] persistFlowRecordPatch 6ms active=2->1
2026-03-25T13:28:17: [MPF][perf][trace][#20457] scanProcessComponents 59ms active=1->0
2026-03-25T13:28:17: [API] 工序子物料批量扫码提交 - 请求参数: {
  mainBarcode: '1020260300621H24XX7M1A1U2',
  processStepId: '69be073e39f371fe13c6e562',
  componentScans: [
    {
      materialId: '6757a580354604091e7bef2f',
      barcode: '1313102230-260324102631'
    },
    {
      materialId: '675d4f7f354604091e835085',
      barcode: '1313102234-260324102426'
    }
  ],
  userId: '67b810085cd22d7b23a52873',
  lineId: '67582bc0eebf2a4b34951ef6'
}
2026-03-25T13:28:17: 开始验证物料 1313102230 的工序节点兼容性
2026-03-25T13:28:17: 主物料中绑定节点的子节点数量: 5
2026-03-25T13:28:17: 子物料中非根节点数量: 5
2026-03-25T13:28:17: 主物料子树根节点数量: 1
2026-03-25T13:28:17: 子物料树根节点数量: 1
2026-03-25T13:28:17: 验证完成，发现 0 个错误
2026-03-25T13:28:17: [MPF][perf][trace][#20464] matchAndUpdateNodesRecursively 1ms active=2->1
2026-03-25T13:28:17: 开始验证物料 1313102234 的工序节点兼容性
2026-03-25T13:28:17: 主物料中绑定节点的子节点数量: 4
2026-03-25T13:28:17: 子物料中非根节点数量: 4
2026-03-25T13:28:17: 主物料子树根节点数量: 1
2026-03-25T13:28:17: 子物料树根节点数量: 1
2026-03-25T13:28:17: 验证完成，发现 0 个错误
2026-03-25T13:28:17: [MPF][perf][trace][#20465] matchAndUpdateNodesRecursively 1ms active=2->1
2026-03-25T13:28:17: [MPF][perf][trace][#20466] markMaterialBarcodeBatchesUsed 1ms active=2->1
2026-03-25T13:28:17: [MPF][perf][trace][#20467] preloadMaterialsByIds 1ms active=2->1
2026-03-25T13:28:17: [MPF][perf][trace][#20468] validateBarcodeWithMaterial 0ms active=2->2
2026-03-25T13:28:17: [MPF][perf][trace][#20469] validateBarcodeWithMaterial 0ms active=3->1
2026-03-25T13:28:17: [MPF][perf][trace][#20471] validateDICode 2ms active=3->2
2026-03-25T13:28:17: [MPF][perf][trace][#20470] validateBarcodeWithMaterial 2ms active=2->1
2026-03-25T13:28:17: [MPF][perf][trace][#20472] persistFlowRecordPatch 6ms active=2->1
2026-03-25T13:28:17: [MPF][perf][trace][#20463] scanProcessComponents 66ms active=1->0
2026-03-25T13:28:19: [API] 工序子物料批量扫码提交 - 请求参数: {
  mainBarcode: '1020260300621H24XX7M1A1R1',
  processStepId: '69be073e29e3587154b01049',
  componentScans: [
    {
      materialId: '689e16129e542955670237ef',
      barcode: '1313102513-260324083757'
    }
  ],
  userId: '67b810085cd22d7b23a52873',
  lineId: '67582bc0eebf2a4b34951ef6'
}
2026-03-25T13:28:19: 开始验证物料 1313102513 的工序节点兼容性
2026-03-25T13:28:19: 主物料中绑定节点的子节点数量: 5
2026-03-25T13:28:19: 子物料中非根节点数量: 5
2026-03-25T13:28:19: 主物料子树根节点数量: 1
2026-03-25T13:28:19: 子物料树根节点数量: 1
2026-03-25T13:28:19: 验证完成，发现 0 个错误
2026-03-25T13:28:19: [MPF][perf][trace][#20474] matchAndUpdateNodesRecursively 1ms active=2->1
2026-03-25T13:28:19: [MPF][perf][trace][#20475] markMaterialBarcodeBatchesUsed 1ms active=2->1
2026-03-25T13:28:19: [MPF][perf][trace][#20476] preloadMaterialsByIds 1ms active=2->1
2026-03-25T13:28:19: [MPF][perf][trace][#20477] validateBarcodeWithMaterial 0ms active=2->1
2026-03-25T13:28:19: [MPF][perf][trace][#20479] validateDICode 2ms active=3->2
2026-03-25T13:28:19: [MPF][perf][trace][#20478] validateBarcodeWithMaterial 2ms active=2->1
2026-03-25T13:28:19: [MPF][perf][trace][#20480] persistFlowRecordPatch 6ms active=2->1
2026-03-25T13:28:19: [MPF][perf][trace][#20473] scanProcessComponents 65ms active=1->0
2026-03-25T13:28:20: [API] 设备条码初始化 - 请求参数: { barcode: '1020260300621H24XX7M1A1K7', machineIp: '192.168.35.30' }
2026-03-25T13:28:20: [MPF][perf][trace][#20481] initializeMachineBarcode 8ms active=1->0
2026-03-25T13:28:20: [API] 创建流程记录 - 请求参数: {
  mainMaterialId: '67c74dc1ec33d3a13e3b9736',
  materialCode: '1313102302',
  barcode: 'FW300XXXH17XL309Z0A700047QA57QA5',
  productLineId: '6785024f34bd0b84f8bc8682',
  productLineName: '遥控器一线'
}
2026-03-25T13:28:20: [MPF][perf][trace][#20485] buildProcessNodes 3ms active=3->2
2026-03-25T13:28:20: [MPF][perf][trace][#20484] buildProcessNodes 7ms active=2->1
2026-03-25T13:28:20: [MPF][perf][detail][#20483] buildProcessNodes totalMs=19ms materialBatchLookupMs=2ms processMaterialsQueryMs=2ms processStepQueryMs=2ms recursionMs=3ms rootMaterialLookupMs=0ms slowestCallMs=7ms subCraftLookupMs=2ms calls=2 maxDepth=1 leafCount=0 cycleHits=0 totalNodes=35 slowestDepth=0 slowestMaterialId=67c74dc1ec33d3a13e3b9736
2026-03-25T13:28:20: [MPF][perf][detail][#20483] createFlowByMaterialCode totalMs=19ms buildNodesMs=7ms craftLookupMs=2ms materialLookupMs=1ms saveMs=7ms workOrderLookupMs=2ms barcode=FW300XXXH17XL309Z0A700047QA57QA5 isFromDevice=false hasWorkOrder=false buildCalls=2 buildMaxDepth=1 processNodeCount=20
2026-03-25T13:28:20: [MPF][perf][trace][#20482] createFlowByMaterialCode 19ms active=1->0
2026-03-25T13:28:20: [API] 工序子物料批量扫码提交 - 请求参数: {
  mainBarcode: 'FW300XXXH17XL309Z0A700047QA57QA5',
  processStepId: '684cc7feb24e29e1ffae069d',
  componentScans: [
    {
      materialId: '675ac74d354604091e8102ab',
      barcode: '1313102051-260313083359'
    }
  ],
  userId: '6784ef7553a924ac79a1ff42',
  lineId: '6785024f34bd0b84f8bc8682'
}
2026-03-25T13:28:20: 开始验证物料 1313102051 的工序节点兼容性
2026-03-25T13:28:20: 主物料中绑定节点的子节点数量: 14
2026-03-25T13:28:20: 子物料中非根节点数量: 14
2026-03-25T13:28:20: 主物料子树根节点数量: 1
2026-03-25T13:28:20: 子物料树根节点数量: 1
2026-03-25T13:28:20: 验证完成，发现 0 个错误
2026-03-25T13:28:20: [MPF][perf][trace][#20487] matchAndUpdateNodesRecursively 1ms active=2->1
2026-03-25T13:28:20: [MPF][perf][trace][#20488] markMaterialBarcodeBatchesUsed 1ms active=2->1
2026-03-25T13:28:20: [MPF][perf][trace][#20489] preloadMaterialsByIds 1ms active=2->1
2026-03-25T13:28:20: [MPF][perf][trace][#20490] validateBarcodeWithMaterial 0ms active=2->1
2026-03-25T13:28:20: [MPF][perf][trace][#20492] validateDICode 7ms active=3->2
2026-03-25T13:28:20: [MPF][perf][trace][#20491] validateBarcodeWithMaterial 7ms active=2->1
2026-03-25T13:28:20: [MPF][perf][trace][#20493] persistFlowRecordPatch 4ms active=2->1
2026-03-25T13:28:20: [MPF][perf][trace][#20494] fixFlowProgress 8ms active=2->1
2026-03-25T13:28:20: [MPF][perf][trace][#20486] scanProcessComponents 38ms active=1->0
2026-03-25T13:28:20: [API] 检查条码节点完成情况 - 请求参数: { params: {}, query: { barcode: 'FW300XXXH17XL309Z0H400047QA57QA5' } }
2026-03-25T13:28:20: [MPF][perf][trace][#20495] checkBarcodeCompletion 3ms active=1->0
2026-03-25T13:28:21: [API] 设备条码初始化 - 请求参数: { barcode: 'YDC-BL0532-1-202603240452', machineIp: '192.168.26.36' }
2026-03-25T13:28:21: [MPF][perf][trace][#20496] initializeMachineBarcode 1ms active=1->0
2026-03-25T13:28:21: [API] 设备条码初始化 - 请求参数: { barcode: '1020260300621H24XX7M1A1J2', machineIp: '192.168.35.33' }
2026-03-25T13:28:21: [MPF][perf][trace][#20497] initializeMachineBarcode 7ms active=1->0
2026-03-25T13:28:21: [API] 工序子物料批量扫码提交 - 请求参数: {
  mainBarcode: '1020260300621H24XX7M1A2A4',
  processStepId: '69be073ea816dbe2ecd5a6ba',
  componentScans: [
    {
      materialId: '6757a56f354604091e7be893',
      barcode: '102250-117290010703-20260309-66906'
    }
  ],
  userId: '67b810085cd22d7b23a52873',
  lineId: '67582bc0eebf2a4b34951ef6'
}
2026-03-25T13:28:21: 🔒 成功获取关键物料条码锁: 102250-117290010703-20260309-66906 (主条码: 1020260300621H24XX7M1A2A4)
2026-03-25T13:28:21: [MPF][perf][trace][#20499] markMaterialBarcodeBatchesUsed 0ms active=2->1
2026-03-25T13:28:21: [MPF][perf][trace][#20500] preloadMaterialsByIds 1ms active=2->1
2026-03-25T13:28:21: [MPF][perf][trace][#20502] validateDICode 2ms active=3->2
2026-03-25T13:28:21: [MPF][perf][trace][#20501] validateBarcodeWithMaterial 2ms active=2->1
2026-03-25T13:28:21: [MPF][perf][trace][#20504] validateDICode 7ms active=3->2
2026-03-25T13:28:21: [MPF][perf][trace][#20503] validateBarcodeWithMaterial 24ms active=2->1
2026-03-25T13:28:21: [MPF][perf][trace][#20505] persistFlowRecordPatch 6ms active=2->1
2026-03-25T13:28:21: 🔓 成功释放关键物料条码锁: 102250-117290010703-20260309-66906 (主条码: 1020260300621H24XX7M1A2A4)
2026-03-25T13:28:21: [MPF][perf][trace][#20498] scanProcessComponents 85ms active=1->0
2026-03-25T13:28:21: [API] 工序子物料批量扫码提交 - 请求参数: {
  mainBarcode: '1020260300621H24XX7M1A1Z7',
  processStepId: '69be073e902e0a67bd505a7a',
  componentScans: [],
  userId: '67b810085cd22d7b23a52873',
  lineId: '67582bc0eebf2a4b34951ef6'
}
2026-03-25T13:28:21: [MPF][perf][trace][#20507] markMaterialBarcodeBatchesUsed 0ms active=2->1
2026-03-25T13:28:21: [MPF][perf][trace][#20508] preloadMaterialsByIds 0ms active=2->1
2026-03-25T13:28:21: [MPF][perf][trace][#20510] validateDICode 2ms active=3->2
2026-03-25T13:28:21: [MPF][perf][trace][#20509] validateBarcodeWithMaterial 3ms active=2->1
2026-03-25T13:28:21: [MPF][perf][trace][#20511] persistFlowRecordPatch 5ms active=2->1
2026-03-25T13:28:21: [MPF][perf][trace][#20506] scanProcessComponents 60ms active=1->0
2026-03-25T13:28:22: [API] 设备条码初始化 - 请求参数: {
  barcode: 'FW3001595026X7HZ82AC0432603150168300026010028743',
  machineIp: '192.168.35.34'
}
2026-03-25T13:28:22: [MPF][perf][trace][#20514] validateDICode 2ms active=3->2
2026-03-25T13:28:22: [MPF][perf][trace][#20513] validateBarcodeWithMaterial 2ms active=2->1
2026-03-25T13:28:22: [MPF][perf][trace][#20517] buildProcessNodes 3ms active=3->2
2026-03-25T13:28:22: [MPF][perf][detail][#20516] buildProcessNodes totalMs=8ms materialBatchLookupMs=1ms processMaterialsQueryMs=1ms processStepQueryMs=1ms recursionMs=0ms rootMaterialLookupMs=0ms slowestCallMs=3ms subCraftLookupMs=1ms calls=1 maxDepth=0 leafCount=0 cycleHits=0 totalNodes=2 slowestDepth=0 slowestMaterialId=689e16129e542955670237ee
2026-03-25T13:28:22: [MPF][perf][detail][#20516] createFlowByMaterialCode totalMs=8ms buildNodesMs=3ms craftLookupMs=2ms materialLookupMs=2ms saveMs=2ms workOrderLookupMs=2ms barcode=FW3001595026X7HZ82AC0432603150168300026010028743 isFromDevice=false hasWorkOrder=false buildCalls=1 buildMaxDepth=0 processNodeCount=2
2026-03-25T13:28:22: [MPF][perf][trace][#20515] createFlowByMaterialCode 8ms active=2->1
2026-03-25T13:28:22: [MPF][perf][trace][#20512] initializeMachineBarcode 16ms active=1->0
2026-03-25T13:28:25: [API] 设备条码初始化 - 请求参数: { barcode: '1020260300621H24XX7M1A0S7', machineIp: '192.168.35.30' }
2026-03-25T13:28:25: [MPF][perf][trace][#20518] initializeMachineBarcode 8ms active=1->0
2026-03-25T13:28:25: 🔒 成功获取关键物料条码锁: FW300XXXA20XL309F1F000047PKE7PKD (主条码: 1020260300621H24XX7M1A0S7)
2026-03-25T13:28:25: 🔒 成功获取关键物料条码锁: FW300XXX1459019X320L30826011007007 (主条码: 1020260300621H24XX7M1A0S7)
2026-03-25T13:28:25: 开始验证物料 1313102302 的工序节点兼容性
2026-03-25T13:28:25: 主物料中绑定节点的子节点数量: 18
2026-03-25T13:28:25: 子物料中非根节点数量: 19
2026-03-25T13:28:25: 主物料子树根节点数量: 3
2026-03-25T13:28:25: 子物料树根节点数量: 3
2026-03-25T13:28:25: 验证完成，发现 0 个错误
2026-03-25T13:28:25: [MPF][perf][trace][#20520] matchAndUpdateNodesRecursively 2ms active=2->1
2026-03-25T13:28:25: [MPF][perf][trace][#20521] markMaterialBarcodeBatchesUsed 1ms active=2->1
2026-03-25T13:28:25: [MPF][perf][trace][#20522] preloadMaterialsByIds 1ms active=2->1
2026-03-25T13:28:25: [MPF][perf][trace][#20525] validateDICode 9ms active=4->4
2026-03-25T13:28:25: [MPF][perf][trace][#20523] validateBarcodeWithMaterial 10ms active=2->3
2026-03-25T13:28:25: [MPF][perf][trace][#20526] validateDICode 13ms active=5->2
2026-03-25T13:28:25: [MPF][perf][trace][#20524] validateBarcodeWithMaterial 13ms active=3->1
2026-03-25T13:28:25: [MPF][perf][trace][#20528] validateDICode 2ms active=3->2
2026-03-25T13:28:25: [MPF][perf][trace][#20527] validateBarcodeWithMaterial 2ms active=2->1
2026-03-25T13:28:25: [MPF][perf][trace][#20529] persistFlowRecordPatch 7ms active=2->1
2026-03-25T13:28:25: 🔓 成功释放关键物料条码锁: FW300XXXA20XL309F1F000047PKE7PKD (主条码: 1020260300621H24XX7M1A0S7)
2026-03-25T13:28:25: 🔓 成功释放关键物料条码锁: FW300XXX1459019X320L30826011007007 (主条码: 1020260300621H24XX7M1A0S7)
2026-03-25T13:28:25: [MPF][perf][trace][#20519] scanProcessComponents 85ms active=1->0
2026-03-25T13:28:26: [API] 设备条码初始化 - 请求参数: { barcode: '1020260300621H24XX7M1A0A6', machineIp: '192.168.35.32' }
2026-03-25T13:28:26: [MPF][perf][trace][#20530] initializeMachineBarcode 8ms active=1->0
2026-03-25T13:28:26: [API] 工序子物料批量扫码提交 - 请求参数: {
  mainBarcode: 'FW300XXXH17XL309Z0A800047QA57QA5',
  processStepId: '684cc7fe3e948cf23178026e',
  componentScans: [],
  userId: '6784ef7553a924ac79a1ff42',
  lineId: '6785024f34bd0b84f8bc8682'
}
2026-03-25T13:28:26: [MPF][perf][trace][#20532] markMaterialBarcodeBatchesUsed 0ms active=2->1
2026-03-25T13:28:26: [MPF][perf][trace][#20533] preloadMaterialsByIds 0ms active=2->1
2026-03-25T13:28:26: [MPF][perf][trace][#20535] validateDICode 7ms active=3->2
2026-03-25T13:28:26: [MPF][perf][trace][#20534] validateBarcodeWithMaterial 7ms active=2->1
2026-03-25T13:28:26: [MPF][perf][trace][#20536] persistFlowRecordPatch 2ms active=2->1
2026-03-25T13:28:26: [MPF][perf][trace][#20531] scanProcessComponents 21ms active=1->0
2026-03-25T13:28:28: [API] 设备条码初始化 - 请求参数: { barcode: '1020260300621H24XX7M1A1J2', machineIp: '192.168.35.33' }
2026-03-25T13:28:28: [MPF][perf][trace][#20537] initializeMachineBarcode 8ms active=1->0
2026-03-25T13:28:28: [MPF][perf][trace][#20539] markMaterialBarcodeBatchesUsed 0ms active=2->1
2026-03-25T13:28:28: [MPF][perf][trace][#20540] preloadMaterialsByIds 0ms active=2->1
2026-03-25T13:28:28: [MPF][perf][trace][#20542] validateDICode 2ms active=3->2
2026-03-25T13:28:28: [MPF][perf][trace][#20541] validateBarcodeWithMaterial 2ms active=2->1
2026-03-25T13:28:28: [MPF][perf][trace][#20543] persistFlowRecordPatch 5ms active=2->1
2026-03-25T13:28:28: [MPF][perf][trace][#20538] scanProcessComponents 58ms active=1->0
2026-03-25T13:28:29: [API] 设备条码初始化 - 请求参数: {
  barcode: 'FW3001595026X7HZ82AC0432603150182300026010028743',
  machineIp: '192.168.35.34'
}
2026-03-25T13:28:29: [MPF][perf][trace][#20544] initializeMachineBarcode 1ms active=1->0
2026-03-25T13:28:29: [MPF][perf][trace][#20546] markMaterialBarcodeBatchesUsed 0ms active=2->1
2026-03-25T13:28:29: [MPF][perf][trace][#20547] preloadMaterialsByIds 0ms active=2->1
2026-03-25T13:28:29: [MPF][perf][trace][#20549] validateDICode 2ms active=3->2
2026-03-25T13:28:29: [MPF][perf][trace][#20548] validateBarcodeWithMaterial 3ms active=2->1
2026-03-25T13:28:29: [MPF][perf][trace][#20550] persistFlowRecordPatch 2ms active=2->1
2026-03-25T13:28:29: [MPF][perf][trace][#20545] scanProcessComponents 10ms active=1->0
2026-03-25T13:28:29: [API] 工序子物料批量扫码提交 - 请求参数: {
  mainBarcode: '1020260300621H24XX7M1A1S6',
  processStepId: '69be073e65b51dcfc935d132',
  componentScans: [
    {
      materialId: '675e2e1f354604091e8459bb',
      barcode: '1313102233-260321161705'
    },
    {
      materialId: '6757a56f354604091e7be8a4',
      barcode: '102251-114010190082-20260308-07844'
    }
  ],
  userId: '67b810085cd22d7b23a52873',
  lineId: '67582bc0eebf2a4b34951ef6'
}
2026-03-25T13:28:29: 🔒 成功获取关键物料条码锁: 102251-114010190082-20260308-07844 (主条码: 1020260300621H24XX7M1A1S6)
2026-03-25T13:28:29: 开始验证物料 1313102233 的工序节点兼容性
2026-03-25T13:28:29: 主物料中绑定节点的子节点数量: 4
2026-03-25T13:28:29: 子物料中非根节点数量: 4
2026-03-25T13:28:29: 主物料子树根节点数量: 1
2026-03-25T13:28:29: 子物料树根节点数量: 1
2026-03-25T13:28:29: 验证完成，发现 0 个错误
2026-03-25T13:28:29: [MPF][perf][trace][#20552] matchAndUpdateNodesRecursively 0ms active=2->1
2026-03-25T13:28:29: [MPF][perf][trace][#20553] markMaterialBarcodeBatchesUsed 1ms active=2->1
2026-03-25T13:28:29: [MPF][perf][trace][#20554] preloadMaterialsByIds 1ms active=2->1
2026-03-25T13:28:29: [MPF][perf][trace][#20555] validateBarcodeWithMaterial 5ms active=2->2
2026-03-25T13:28:29: [MPF][perf][trace][#20557] validateDICode 2ms active=3->2
2026-03-25T13:28:29: [MPF][perf][trace][#20556] validateBarcodeWithMaterial 9ms active=3->1
2026-03-25T13:28:29: [MPF][perf][trace][#20559] validateDICode 2ms active=3->2
2026-03-25T13:28:29: [MPF][perf][trace][#20558] validateBarcodeWithMaterial 2ms active=2->1
2026-03-25T13:28:29: [MPF][perf][trace][#20560] persistFlowRecordPatch 6ms active=2->1
2026-03-25T13:28:29: 🔓 成功释放关键物料条码锁: 102251-114010190082-20260308-07844 (主条码: 1020260300621H24XX7M1A1S6)
2026-03-25T13:28:29: [MPF][perf][trace][#20551] scanProcessComponents 74ms active=1->0
2026-03-25T13:28:30: [API] 设备条码初始化 - 请求参数: { barcode: '1020260300621H24XX7M1A1F0', machineIp: '2' }
2026-03-25T13:28:30: [MPF][perf][trace][#20561] initializeMachineBarcode 8ms active=1->0
2026-03-25T13:28:31: [API] 工序子物料批量扫码提交 - 请求参数: {
  mainBarcode: '1020260300621H24XX7M1A1U4',
  processStepId: '69be073e39f371fe13c6e562',
  componentScans: [
    {
      materialId: '6757a580354604091e7bef2f',
      barcode: '1313102230-260324102631'
    },
    {
      materialId: '675d4f7f354604091e835085',
      barcode: '1313102234-260324102426'
    }
  ],
  userId: '67b810085cd22d7b23a52873',
  lineId: '67582bc0eebf2a4b34951ef6'
}
2026-03-25T13:28:31: 开始验证物料 1313102230 的工序节点兼容性
2026-03-25T13:28:31: 主物料中绑定节点的子节点数量: 5
2026-03-25T13:28:31: 子物料中非根节点数量: 5
2026-03-25T13:28:31: 主物料子树根节点数量: 1
2026-03-25T13:28:31: 子物料树根节点数量: 1
2026-03-25T13:28:31: 验证完成，发现 0 个错误
2026-03-25T13:28:31: [MPF][perf][trace][#20563] matchAndUpdateNodesRecursively 1ms active=2->1
2026-03-25T13:28:31: 开始验证物料 1313102234 的工序节点兼容性
2026-03-25T13:28:31: 主物料中绑定节点的子节点数量: 4
2026-03-25T13:28:31: 子物料中非根节点数量: 4
2026-03-25T13:28:31: 主物料子树根节点数量: 1
2026-03-25T13:28:31: 子物料树根节点数量: 1
2026-03-25T13:28:31: 验证完成，发现 0 个错误
2026-03-25T13:28:31: [MPF][perf][trace][#20564] matchAndUpdateNodesRecursively 1ms active=2->1
2026-03-25T13:28:31: [MPF][perf][trace][#20565] markMaterialBarcodeBatchesUsed 1ms active=2->1
2026-03-25T13:28:31: [MPF][perf][trace][#20566] preloadMaterialsByIds 1ms active=2->1
2026-03-25T13:28:31: [MPF][perf][trace][#20567] validateBarcodeWithMaterial 1ms active=2->2
2026-03-25T13:28:31: [MPF][perf][trace][#20568] validateBarcodeWithMaterial 1ms active=3->1
2026-03-25T13:28:31: [MPF][perf][trace][#20570] validateDICode 2ms active=3->2
2026-03-25T13:28:31: [MPF][perf][trace][#20569] validateBarcodeWithMaterial 3ms active=2->1
2026-03-25T13:28:31: [MPF][perf][trace][#20571] persistFlowRecordPatch 6ms active=2->1
2026-03-25T13:28:31: [MPF][perf][trace][#20562] scanProcessComponents 65ms active=1->0
2026-03-25T13:28:31: 🚀 托盘条码处理 - 队列模式: 1020260300621H24XX7M1A0K3
2026-03-25T13:28:31: 开始托盘条码异步处理: 1020260300621H24XX7M1A0K3, 产线: 面罩主机1号线
2026-03-25T13:28:31: 添加托盘处理任务到队列: 条码=1020260300621H24XX7M1A0K3, 产线=面罩主机1号线
2026-03-25T13:28:31: 托盘处理任务已添加到队列: JobId=pallet_1020260300621H24XX7M1A0K3_1774416511838_lbo22g, 条码=1020260300621H24XX7M1A0K3
2026-03-25T13:28:31: 托盘条码异步处理任务已提交: 1020260300621H24XX7M1A0K3, JobId: pallet_1020260300621H24XX7M1A0K3_1774416511838_lbo22g
2026-03-25T13:28:32: [API] 工序子物料批量扫码提交 - 请求参数: {
  mainBarcode: '1020260300621H24XX7M1A1F9',
  processStepId: '69be073ef2567c6043a36d47',
  componentScans: [
    {
      materialId: '6757a580354604091e7bef1e',
      barcode: '1313102217-260316084200'
    },
    {
      materialId: '6757a580354604091e7beede',
      barcode: '1313102216-260316084031'
    }
  ],
  userId: '67b810085cd22d7b23a52873',
  lineId: '67582bc0eebf2a4b34951ef6'
}
2026-03-25T13:28:32: 开始验证物料 1313102217 的工序节点兼容性
2026-03-25T13:28:32: 主物料中绑定节点的子节点数量: 4
2026-03-25T13:28:32: 子物料中非根节点数量: 4
2026-03-25T13:28:32: 主物料子树根节点数量: 1
2026-03-25T13:28:32: 子物料树根节点数量: 1
2026-03-25T13:28:32: 验证完成，发现 0 个错误
2026-03-25T13:28:32: [MPF][perf][trace][#20573] matchAndUpdateNodesRecursively 1ms active=2->1
2026-03-25T13:28:32: 开始验证物料 1313102216 的工序节点兼容性
2026-03-25T13:28:32: 主物料中绑定节点的子节点数量: 4
2026-03-25T13:28:32: 子物料中非根节点数量: 4
2026-03-25T13:28:32: 主物料子树根节点数量: 1
2026-03-25T13:28:32: 子物料树根节点数量: 1
2026-03-25T13:28:32: 验证完成，发现 0 个错误
2026-03-25T13:28:32: [MPF][perf][trace][#20574] matchAndUpdateNodesRecursively 1ms active=2->1
2026-03-25T13:28:32: [MPF][perf][trace][#20575] markMaterialBarcodeBatchesUsed 1ms active=2->1
2026-03-25T13:28:32: [MPF][perf][trace][#20576] preloadMaterialsByIds 1ms active=2->1
2026-03-25T13:28:32: [MPF][perf][trace][#20577] validateBarcodeWithMaterial 4ms active=2->2
2026-03-25T13:28:32: [MPF][perf][trace][#20578] validateBarcodeWithMaterial 4ms active=3->1
2026-03-25T13:28:32: [MPF][perf][trace][#20580] validateDICode 3ms active=3->2
2026-03-25T13:28:32: [MPF][perf][trace][#20579] validateBarcodeWithMaterial 3ms active=2->1
2026-03-25T13:28:32: [MPF][perf][trace][#20581] persistFlowRecordPatch 9ms active=2->1
2026-03-25T13:28:32: [MPF][perf][trace][#20572] scanProcessComponents 78ms active=1->0
2026-03-25T13:28:34: [API] 工序子物料批量扫码提交 - 请求参数: {
  mainBarcode: '1020260300621H24XX7M1A1F0',
  processStepId: '69be073ea278d47574e8dfb5',
  componentScans: [],
  userId: '675fe718f9bd4270460b2c29',
  lineId: '67582bc0eebf2a4b34951ef6'
}
2026-03-25T13:28:34: [MPF][perf][trace][#20583] markMaterialBarcodeBatchesUsed 0ms active=2->1
2026-03-25T13:28:34: [MPF][perf][trace][#20584] preloadMaterialsByIds 0ms active=2->1
2026-03-25T13:28:34: [MPF][perf][trace][#20586] validateDICode 2ms active=3->2
2026-03-25T13:28:34: [MPF][perf][trace][#20585] validateBarcodeWithMaterial 2ms active=2->1
2026-03-25T13:28:34: [MPF][perf][trace][#20587] persistFlowRecordPatch 6ms active=2->1
2026-03-25T13:28:34: [MPF][perf][trace][#20582] scanProcessComponents 58ms active=1->0
2026-03-25T13:28:35: [API] 检查条码节点完成情况 - 请求参数: { params: {}, query: { barcode: 'FW300XXXH17XL309Z0J900047QA57QA5' } }
2026-03-25T13:28:35: [MPF][perf][trace][#20588] checkBarcodeCompletion 3ms active=1->0
2026-03-25T13:28:35: [API] 设备条码初始化 - 请求参数: { barcode: '1020260300621H24XX7M1A1K8', machineIp: '192.168.35.30' }
2026-03-25T13:28:35: [MPF][perf][trace][#20589] initializeMachineBarcode 7ms active=1->0
2026-03-25T13:28:37: [API] 工序子物料批量扫码提交 - 请求参数: {
  mainBarcode: '1020260300621H24XX7M1A1S7',
  processStepId: '69be073ea44b1ba77491de81',
  componentScans: [
    {
      materialId: '6757a56f354604091e7be8ac',
      barcode: '102251-114010190087-20260315-02343'
    },
    {
      materialId: '675e2e1f354604091e8459ba',
      barcode: '1313102232-260316083812'
    }
  ],
  userId: '67b810085cd22d7b23a52873',
  lineId: '67582bc0eebf2a4b34951ef6'
}
2026-03-25T13:28:37: 🔒 成功获取关键物料条码锁: 102251-114010190087-20260315-02343 (主条码: 1020260300621H24XX7M1A1S7)
2026-03-25T13:28:37: 开始验证物料 1313102232 的工序节点兼容性
2026-03-25T13:28:37: 主物料中绑定节点的子节点数量: 4
2026-03-25T13:28:37: 子物料中非根节点数量: 4
2026-03-25T13:28:37: 主物料子树根节点数量: 1
2026-03-25T13:28:37: 子物料树根节点数量: 1
2026-03-25T13:28:37: 验证完成，发现 0 个错误
2026-03-25T13:28:37: [MPF][perf][trace][#20591] matchAndUpdateNodesRecursively 0ms active=2->1
2026-03-25T13:28:37: [MPF][perf][trace][#20592] markMaterialBarcodeBatchesUsed 1ms active=2->1
2026-03-25T13:28:37: [MPF][perf][trace][#20593] preloadMaterialsByIds 1ms active=2->1
2026-03-25T13:28:37: [MPF][perf][trace][#20595] validateBarcodeWithMaterial 1ms active=3->3
2026-03-25T13:28:37: [MPF][perf][trace][#20596] validateDICode 2ms active=4->2
2026-03-25T13:28:37: [MPF][perf][trace][#20594] validateBarcodeWithMaterial 3ms active=2->1
2026-03-25T13:28:37: [MPF][perf][trace][#20598] validateDICode 2ms active=3->2
2026-03-25T13:28:37: [MPF][perf][trace][#20597] validateBarcodeWithMaterial 2ms active=2->1
2026-03-25T13:28:37: [MPF][perf][trace][#20599] persistFlowRecordPatch 6ms active=2->1
2026-03-25T13:28:37: 🔓 成功释放关键物料条码锁: 102251-114010190087-20260315-02343 (主条码: 1020260300621H24XX7M1A1S7)
2026-03-25T13:28:37: [MPF][perf][trace][#20590] scanProcessComponents 66ms active=1->0
2026-03-25T13:28:37: [API] 设备条码初始化 - 请求参数: { barcode: '1020260300621H24XX7M1A1A5', machineIp: '192.168.35.32' }
2026-03-25T13:28:37: [MPF][perf][trace][#20600] initializeMachineBarcode 7ms active=1->0
2026-03-25T13:28:37: 🔒 成功获取关键物料条码锁: FW3001595026X7HZ82AC0432603150334100026010028743 (主条码: 1020260300621H24XX7M1A1A5)
2026-03-25T13:28:37: 开始验证物料 1313102514 的工序节点兼容性
2026-03-25T13:28:37: 主物料中绑定节点的子节点数量: 1
2026-03-25T13:28:37: 子物料中非根节点数量: 1
2026-03-25T13:28:37: 主物料子树根节点数量: 1
2026-03-25T13:28:37: 子物料树根节点数量: 1
2026-03-25T13:28:37: 验证完成，发现 0 个错误
2026-03-25T13:28:37: [MPF][perf][trace][#20602] matchAndUpdateNodesRecursively 0ms active=2->1
2026-03-25T13:28:37: [MPF][perf][trace][#20603] markMaterialBarcodeBatchesUsed 1ms active=2->1
2026-03-25T13:28:37: [MPF][perf][trace][#20604] preloadMaterialsByIds 1ms active=2->1
2026-03-25T13:28:37: [MPF][perf][trace][#20606] validateDICode 2ms active=3->2
2026-03-25T13:28:37: [MPF][perf][trace][#20605] validateBarcodeWithMaterial 2ms active=2->1
2026-03-25T13:28:37: [MPF][perf][trace][#20608] validateDICode 2ms active=3->2
2026-03-25T13:28:37: [MPF][perf][trace][#20607] validateBarcodeWithMaterial 2ms active=2->1
2026-03-25T13:28:37: [MPF][perf][trace][#20609] persistFlowRecordPatch 6ms active=2->1
2026-03-25T13:28:37: 🔓 成功释放关键物料条码锁: FW3001595026X7HZ82AC0432603150334100026010028743 (主条码: 1020260300621H24XX7M1A1A5)
2026-03-25T13:28:37: [MPF][perf][trace][#20601] scanProcessComponents 65ms active=1->0
2026-03-25T13:28:38: [API] 设备条码初始化 - 请求参数: {
  barcode: 'FW3001595026X7HZ82AC0432603150168300026010028743',
  machineIp: '192.168.35.34'
}
2026-03-25T13:28:38: [MPF][perf][trace][#20610] initializeMachineBarcode 1ms active=1->0
2026-03-25T13:28:38: [MPF][perf][trace][#20612] markMaterialBarcodeBatchesUsed 0ms active=2->1
2026-03-25T13:28:38: [MPF][perf][trace][#20613] preloadMaterialsByIds 0ms active=2->1
2026-03-25T13:28:38: [MPF][perf][trace][#20615] validateDICode 2ms active=3->2
2026-03-25T13:28:38: [MPF][perf][trace][#20614] validateBarcodeWithMaterial 2ms active=2->1
2026-03-25T13:28:38: [MPF][perf][trace][#20616] persistFlowRecordPatch 2ms active=2->1
2026-03-25T13:28:38: [MPF][perf][trace][#20611] scanProcessComponents 8ms active=1->0
2026-03-25T13:28:38: [API] 设备条码初始化 - 请求参数: { barcode: 'YDC-BL0532-1-202603240452', machineIp: '192.168.26.36' }
2026-03-25T13:28:38: [MPF][perf][trace][#20617] initializeMachineBarcode 1ms active=1->0
2026-03-25T13:28:38: [MPF][perf][trace][#20619] markMaterialBarcodeBatchesUsed 0ms active=2->1
2026-03-25T13:28:38: [MPF][perf][trace][#20620] preloadMaterialsByIds 0ms active=2->1
2026-03-25T13:28:38: [MPF][perf][trace][#20622] validateDICode 2ms active=3->2
2026-03-25T13:28:38: [MPF][perf][trace][#20621] validateBarcodeWithMaterial 4ms active=2->1
2026-03-25T13:28:38: [MPF][perf][trace][#20623] persistFlowRecordPatch 2ms active=2->1
2026-03-25T13:28:38: [MPF][perf][trace][#20618] scanProcessComponents 13ms active=1->0
2026-03-25T13:28:38: [API] 工序子物料批量扫码提交 - 请求参数: {
  mainBarcode: '1020260300621H24XX7M1Z9R7',
  processStepId: '69be073e902e0a67bd505a7a',
  componentScans: [],
  userId: '67b810085cd22d7b23a52873',
  lineId: '67582bc0eebf2a4b34951ef6'
}
2026-03-25T13:28:39: [MPF][perf][trace][#20625] markMaterialBarcodeBatchesUsed 0ms active=2->1
2026-03-25T13:28:39: [MPF][perf][trace][#20626] preloadMaterialsByIds 0ms active=2->1
2026-03-25T13:28:39: [MPF][perf][trace][#20628] validateDICode 2ms active=3->2
2026-03-25T13:28:39: [MPF][perf][trace][#20627] validateBarcodeWithMaterial 2ms active=2->1
2026-03-25T13:28:39: [MPF][perf][trace][#20629] persistFlowRecordPatch 5ms active=2->1
2026-03-25T13:28:39: [MPF][perf][trace][#20624] scanProcessComponents 58ms active=1->0
2026-03-25T13:28:40: [API] 设备条码初始化 - 请求参数: { barcode: '1020260300621H24XX7M1A1H3', machineIp: '192.168.35.31' }
2026-03-25T13:28:40: [MPF][perf][trace][#20630] initializeMachineBarcode 8ms active=1->0
2026-03-25T13:28:44: [API] 设备条码初始化 - 请求参数: { barcode: 'YDC-BL0532-1-202603240445', machineIp: '192.168.26.36' }
2026-03-25T13:28:44: [MPF][perf][trace][#20631] initializeMachineBarcode 2ms active=1->0
2026-03-25T13:28:44: [API] 设备条码初始化 - 请求参数: { barcode: 'H16XX751Z1R2F', machineIp: '4' }
2026-03-25T13:28:44: 🗑️ 已清除物料 68811511150d569dae4a93b6 的条码规则缓存
2026-03-25T13:28:44: [MPF][perf][trace][#20633] validateBarcodeWithMaterial 4ms active=2->1
2026-03-25T13:28:44: 初始化设备条码失败: Error: 条码不符合任何已配置的规则或物料不匹配
    at Function.initializeMachineBarcode (D:\zrMes\dcMes_server\services\materialProcessFlowService.js:4965:15)
    at runMicrotasks (<anonymous>)
    at processTicksAndRejections (internal/process/task_queues.js:93:5)
    at async Function.wrappedMethod (D:\zrMes\dcMes_server\services\materialProcessFlowService.js:162:16)
    at async D:\zrMes\dcMes_server\routes\materialProcessFlowService.js:352:20
2026-03-25T13:28:44: [MPF][perf][error][#20632] initializeMachineBarcode 11ms active=1->0 msg=条码不符合任何已配置的规则或物料不匹配
2026-03-25T13:28:44: [API] 创建流程记录 - 请求参数: {
  mainMaterialId: '67c74dc1ec33d3a13e3b9736',
  materialCode: '1313102302',
  barcode: 'FW300XXXH17XL309Z0Q900047QA57QA5',
  productLineId: '6785024f34bd0b84f8bc8682',
  productLineName: '遥控器一线'
}
2026-03-25T13:28:44: [MPF][perf][trace][#20637] buildProcessNodes 4ms active=3->2
2026-03-25T13:28:44: [MPF][perf][trace][#20636] buildProcessNodes 7ms active=2->1
2026-03-25T13:28:44: [MPF][perf][detail][#20635] buildProcessNodes totalMs=19ms materialBatchLookupMs=2ms processMaterialsQueryMs=2ms processStepQueryMs=1ms recursionMs=4ms rootMaterialLookupMs=0ms slowestCallMs=7ms subCraftLookupMs=2ms calls=2 maxDepth=1 leafCount=0 cycleHits=0 totalNodes=35 slowestDepth=0 slowestMaterialId=67c74dc1ec33d3a13e3b9736
2026-03-25T13:28:44: [MPF][perf][detail][#20635] createFlowByMaterialCode totalMs=18ms buildNodesMs=7ms craftLookupMs=2ms materialLookupMs=2ms saveMs=6ms workOrderLookupMs=2ms barcode=FW300XXXH17XL309Z0Q900047QA57QA5 isFromDevice=false hasWorkOrder=false buildCalls=2 buildMaxDepth=1 processNodeCount=20
2026-03-25T13:28:44: [MPF][perf][trace][#20634] createFlowByMaterialCode 19ms active=1->0
2026-03-25T13:28:45: [API] 工序子物料批量扫码提交 - 请求参数: {
  mainBarcode: 'FW300XXXH17XL309Z0Q900047QA57QA5',
  processStepId: '684cc7feb24e29e1ffae069d',
  componentScans: [
    {
      materialId: '675ac74d354604091e8102ab',
      barcode: '1313102051-260313083359'
    }
  ],
  userId: '6784ef7553a924ac79a1ff42',
  lineId: '6785024f34bd0b84f8bc8682'
}
2026-03-25T13:28:45: 开始验证物料 1313102051 的工序节点兼容性
2026-03-25T13:28:45: 主物料中绑定节点的子节点数量: 14
2026-03-25T13:28:45: 子物料中非根节点数量: 14
2026-03-25T13:28:45: 主物料子树根节点数量: 1
2026-03-25T13:28:45: 子物料树根节点数量: 1
2026-03-25T13:28:45: 验证完成，发现 0 个错误
2026-03-25T13:28:45: [MPF][perf][trace][#20639] matchAndUpdateNodesRecursively 1ms active=2->1
2026-03-25T13:28:45: [MPF][perf][trace][#20640] markMaterialBarcodeBatchesUsed 1ms active=2->1
2026-03-25T13:28:45: [MPF][perf][trace][#20641] preloadMaterialsByIds 2ms active=2->1
2026-03-25T13:28:45: [MPF][perf][trace][#20642] validateBarcodeWithMaterial 0ms active=2->1
2026-03-25T13:28:45: [MPF][perf][trace][#20644] validateDICode 7ms active=3->2
2026-03-25T13:28:45: [MPF][perf][trace][#20643] validateBarcodeWithMaterial 7ms active=2->1
2026-03-25T13:28:45: [MPF][perf][trace][#20645] persistFlowRecordPatch 4ms active=2->1
2026-03-25T13:28:45: [MPF][perf][trace][#20646] fixFlowProgress 9ms active=2->1
2026-03-25T13:28:45: [MPF][perf][trace][#20638] scanProcessComponents 38ms active=1->0
2026-03-25T13:28:45: [API] 工序子物料批量扫码提交 - 请求参数: {
  mainBarcode: '1020260300621H24XX7M1A1U5',
  processStepId: '69be073e39f371fe13c6e562',
  componentScans: [
    {
      materialId: '6757a580354604091e7bef2f',
      barcode: '1313102230-260324102631'
    },
    {
      materialId: '675d4f7f354604091e835085',
      barcode: '1313102234-260324102426'
    }
  ],
  userId: '67b810085cd22d7b23a52873',
  lineId: '67582bc0eebf2a4b34951ef6'
}
2026-03-25T13:28:45: 开始验证物料 1313102230 的工序节点兼容性
2026-03-25T13:28:45: 主物料中绑定节点的子节点数量: 5
2026-03-25T13:28:45: 子物料中非根节点数量: 5
2026-03-25T13:28:45: 主物料子树根节点数量: 1
2026-03-25T13:28:45: 子物料树根节点数量: 1
2026-03-25T13:28:45: 验证完成，发现 0 个错误
2026-03-25T13:28:45: [MPF][perf][trace][#20648] matchAndUpdateNodesRecursively 1ms active=2->1
2026-03-25T13:28:45: 开始验证物料 1313102234 的工序节点兼容性
2026-03-25T13:28:45: 主物料中绑定节点的子节点数量: 4
2026-03-25T13:28:45: 子物料中非根节点数量: 4
2026-03-25T13:28:45: 主物料子树根节点数量: 1
2026-03-25T13:28:45: 子物料树根节点数量: 1
2026-03-25T13:28:45: 验证完成，发现 0 个错误
2026-03-25T13:28:45: [MPF][perf][trace][#20649] matchAndUpdateNodesRecursively 0ms active=2->1
2026-03-25T13:28:45: [MPF][perf][trace][#20650] markMaterialBarcodeBatchesUsed 1ms active=2->1
2026-03-25T13:28:45: [MPF][perf][trace][#20651] preloadMaterialsByIds 1ms active=2->1
2026-03-25T13:28:45: [MPF][perf][trace][#20652] validateBarcodeWithMaterial 0ms active=2->2
2026-03-25T13:28:45: [MPF][perf][trace][#20653] validateBarcodeWithMaterial 0ms active=3->1
2026-03-25T13:28:45: [MPF][perf][trace][#20655] validateDICode 3ms active=3->2
2026-03-25T13:28:45: [MPF][perf][trace][#20654] validateBarcodeWithMaterial 4ms active=2->1
2026-03-25T13:28:45: [MPF][perf][trace][#20656] persistFlowRecordPatch 9ms active=2->1
2026-03-25T13:28:45: [MPF][perf][trace][#20647] scanProcessComponents 71ms active=1->0
2026-03-25T13:28:45: [API] 设备条码初始化 - 请求参数: { barcode: '1020260300621H24XX7M1A1H2', machineIp: '192.168.35.31' }
2026-03-25T13:28:45: [MPF][perf][trace][#20657] initializeMachineBarcode 8ms active=1->0
2026-03-25T13:28:45: [MPF][perf][trace][#20659] markMaterialBarcodeBatchesUsed 0ms active=2->1
2026-03-25T13:28:45: [MPF][perf][trace][#20660] preloadMaterialsByIds 0ms active=2->1
2026-03-25T13:28:45: [MPF][perf][trace][#20662] validateDICode 2ms active=3->2
2026-03-25T13:28:45: [MPF][perf][trace][#20661] validateBarcodeWithMaterial 3ms active=2->1
2026-03-25T13:28:45: [MPF][perf][trace][#20663] persistFlowRecordPatch 5ms active=2->1
2026-03-25T13:28:45: [MPF][perf][trace][#20658] scanProcessComponents 58ms active=1->0
2026-03-25T13:28:45: [API] 设备条码初始化 - 请求参数: { barcode: '1020260300621H24XX7M1A4U6', machineIp: '3' }
2026-03-25T13:28:45: [MPF][perf][trace][#20664] initializeMachineBarcode 8ms active=1->0
2026-03-25T13:28:47: [API] 检查条码节点完成情况 - 请求参数: { params: {}, query: { barcode: 'FW300XXXH17XL309Z0K000047QA57QA5' } }
2026-03-25T13:28:47: [MPF][perf][trace][#20665] checkBarcodeCompletion 4ms active=1->0
2026-03-25T13:28:49: [API] 工序子物料批量扫码提交 - 请求参数: {
  mainBarcode: '1020260300621H24XX7M1A1R2',
  processStepId: '69be073e29e3587154b01049',
  componentScans: [
    {
      materialId: '689e16129e542955670237ef',
      barcode: '1313102513-260324083757'
    }
  ],
  userId: '67b810085cd22d7b23a52873',
  lineId: '67582bc0eebf2a4b34951ef6'
}
2026-03-25T13:28:49: 开始验证物料 1313102513 的工序节点兼容性
2026-03-25T13:28:49: 主物料中绑定节点的子节点数量: 5
2026-03-25T13:28:49: 子物料中非根节点数量: 5
2026-03-25T13:28:49: 主物料子树根节点数量: 1
2026-03-25T13:28:49: 子物料树根节点数量: 1
2026-03-25T13:28:49: 验证完成，发现 0 个错误
2026-03-25T13:28:49: [MPF][perf][trace][#20667] matchAndUpdateNodesRecursively 1ms active=2->1
2026-03-25T13:28:49: [MPF][perf][trace][#20668] markMaterialBarcodeBatchesUsed 1ms active=2->1
2026-03-25T13:28:49: [MPF][perf][trace][#20669] preloadMaterialsByIds 1ms active=2->1
2026-03-25T13:28:49: [MPF][perf][trace][#20670] validateBarcodeWithMaterial 0ms active=2->1
2026-03-25T13:28:49: [MPF][perf][trace][#20672] validateDICode 2ms active=3->2
2026-03-25T13:28:49: [MPF][perf][trace][#20671] validateBarcodeWithMaterial 3ms active=2->1
2026-03-25T13:28:49: [MPF][perf][trace][#20673] persistFlowRecordPatch 5ms active=2->1
2026-03-25T13:28:49: [MPF][perf][trace][#20666] scanProcessComponents 64ms active=1->0
2026-03-25T13:28:50: [API] 工序子物料批量扫码提交 - 请求参数: {
  mainBarcode: '1020260300621H24XX7M1A2Z3',
  processStepId: '69be073eb62fba7cdf2dbdb1',
  componentScans: [
    {
      materialId: '6757a56f354604091e7be893',
      barcode: '102250-117290010703-20260303-56940'
    }
  ],
  userId: '67b810085cd22d7b23a52873',
  lineId: '67582bc0eebf2a4b34951ef6'
}
2026-03-25T13:28:50: 🔒 成功获取关键物料条码锁: 102250-117290010703-20260303-56940 (主条码: 1020260300621H24XX7M1A2Z3)
2026-03-25T13:28:50: [MPF][perf][trace][#20675] markMaterialBarcodeBatchesUsed 1ms active=2->1
2026-03-25T13:28:50: [MPF][perf][trace][#20676] preloadMaterialsByIds 1ms active=2->1
2026-03-25T13:28:50: [MPF][perf][trace][#20678] validateDICode 2ms active=3->2
2026-03-25T13:28:50: [MPF][perf][trace][#20677] validateBarcodeWithMaterial 3ms active=2->1
2026-03-25T13:28:50: [MPF][perf][trace][#20680] validateDICode 2ms active=3->2
2026-03-25T13:28:50: [MPF][perf][trace][#20679] validateBarcodeWithMaterial 3ms active=2->1
2026-03-25T13:28:50: [MPF][perf][trace][#20681] persistFlowRecordPatch 5ms active=2->1
2026-03-25T13:28:50: 🔓 成功释放关键物料条码锁: 102250-117290010703-20260303-56940 (主条码: 1020260300621H24XX7M1A2Z3)
2026-03-25T13:28:50: [MPF][perf][trace][#20674] scanProcessComponents 59ms active=1->0
2026-03-25T13:28:50: [API] 设备条码初始化 - 请求参数: { barcode: '1020260300621H24XX7M1A1J4', machineIp: '192.168.35.33' }
2026-03-25T13:28:50: [MPF][perf][trace][#20682] initializeMachineBarcode 7ms active=1->0
2026-03-25T13:28:50: [API] 设备条码初始化 - 请求参数: {
  barcode: 'FW3001595026X7HZ82AC0432603150208400026010028743',
  machineIp: '192.168.35.34'
}
2026-03-25T13:28:50: [MPF][perf][trace][#20683] initializeMachineBarcode 1ms active=1->0
2026-03-25T13:28:50: [API] 设备条码初始化 - 请求参数: { barcode: '1020260300621H24XX7M1A1H8', machineIp: '192.168.35.32' }
2026-03-25T13:28:50: [MPF][perf][trace][#20684] initializeMachineBarcode 7ms active=1->0
2026-03-25T13:28:51: [API] 设备条码初始化 - 请求参数: { barcode: '1020260300621H24XX7M1A0A6', machineIp: '192.168.35.32' }
2026-03-25T13:28:51: [MPF][perf][trace][#20685] initializeMachineBarcode 7ms active=1->0
2026-03-25T13:28:51: 🔒 成功获取关键物料条码锁: FW3001595026X7HZ82AC0432603150333400026010028743 (主条码: 1020260300621H24XX7M1A0A6)
2026-03-25T13:28:51: 开始验证物料 1313102514 的工序节点兼容性
2026-03-25T13:28:51: 主物料中绑定节点的子节点数量: 1
2026-03-25T13:28:51: 子物料中非根节点数量: 1
2026-03-25T13:28:51: 主物料子树根节点数量: 1
2026-03-25T13:28:51: 子物料树根节点数量: 1
2026-03-25T13:28:51: 验证完成，发现 0 个错误
2026-03-25T13:28:51: [MPF][perf][trace][#20687] matchAndUpdateNodesRecursively 0ms active=2->1
2026-03-25T13:28:51: [MPF][perf][trace][#20688] markMaterialBarcodeBatchesUsed 2ms active=2->1
2026-03-25T13:28:51: [MPF][perf][trace][#20689] preloadMaterialsByIds 1ms active=2->1
2026-03-25T13:28:51: [MPF][perf][trace][#20691] validateDICode 3ms active=3->2
2026-03-25T13:28:51: [MPF][perf][trace][#20690] validateBarcodeWithMaterial 9ms active=2->1
2026-03-25T13:28:51: [MPF][perf][trace][#20693] validateDICode 2ms active=3->2
2026-03-25T13:28:51: [MPF][perf][trace][#20692] validateBarcodeWithMaterial 2ms active=2->1
2026-03-25T13:28:51: [MPF][perf][trace][#20694] persistFlowRecordPatch 6ms active=2->1
2026-03-25T13:28:51: 🔓 成功释放关键物料条码锁: FW3001595026X7HZ82AC0432603150333400026010028743 (主条码: 1020260300621H24XX7M1A0A6)
2026-03-25T13:28:51: [MPF][perf][trace][#20686] scanProcessComponents 76ms active=1->0
2026-03-25T13:28:51: [API] 创建流程记录 - 请求参数: {
  mainMaterialId: '69784c439e5429556762ce96',
  materialCode: '1108102067',
  barcode: '1020260300621H24XX7M1A2F0',
  productLineId: '67582bc0eebf2a4b34951ef6',
  productLineName: '面罩主机1号线'
}
2026-03-25T13:28:51: [MPF][perf][trace][#20698] buildProcessNodes 3ms active=3->2
2026-03-25T13:28:51: [MPF][perf][trace][#20699] buildProcessNodes 3ms active=3->2
2026-03-25T13:28:51: [MPF][perf][trace][#20700] buildProcessNodes 3ms active=3->2
2026-03-25T13:28:51: [MPF][perf][trace][#20701] buildProcessNodes 2ms active=3->2
2026-03-25T13:28:51: [MPF][perf][trace][#20702] buildProcessNodes 3ms active=3->2
2026-03-25T13:28:51: [MPF][perf][trace][#20704] buildProcessNodes 3ms active=4->3
2026-03-25T13:28:51: [MPF][perf][trace][#20703] buildProcessNodes 6ms active=3->2
2026-03-25T13:28:51: [MPF][perf][trace][#20705] buildProcessNodes 3ms active=3->2
2026-03-25T13:28:51: [MPF][perf][trace][#20706] buildProcessNodes 2ms active=3->2
2026-03-25T13:28:51: [MPF][perf][trace][#20707] buildProcessNodes 2ms active=3->2
2026-03-25T13:28:51: [MPF][perf][trace][#20697] buildProcessNodes 32ms active=2->1
2026-03-25T13:28:51: [MPF][perf][detail][#20696] buildProcessNodes totalMs=62ms materialBatchLookupMs=11ms processMaterialsQueryMs=9ms processStepQueryMs=9ms recursionMs=31ms rootMaterialLookupMs=0ms slowestCallMs=32ms subCraftLookupMs=11ms calls=11 maxDepth=2 leafCount=0 cycleHits=0 totalNodes=166 slowestDepth=0 slowestMaterialId=69784c439e5429556762ce96
2026-03-25T13:28:51: [MPF][perf][detail][#20696] createFlowByMaterialCode totalMs=62ms buildNodesMs=33ms craftLookupMs=2ms materialLookupMs=2ms saveMs=16ms workOrderLookupMs=2ms barcode=1020260300621H24XX7M1A2F0 isFromDevice=false hasWorkOrder=true buildCalls=11 buildMaxDepth=2 processNodeCount=92
2026-03-25T13:28:51: [MPF][perf][trace][#20695] createFlowByMaterialCode 63ms active=1->0
2026-03-25T13:28:52: [API] 工序子物料批量扫码提交 - 请求参数: {
  mainBarcode: '1020260300621H24XX7M1A2F0',
  processStepId: '69be073ec78e4e58af18a0bd',
  componentScans: [],
  userId: '67b810085cd22d7b23a52873',
  lineId: '67582bc0eebf2a4b34951ef6'
}
2026-03-25T13:28:52: [MPF][perf][trace][#20709] markMaterialBarcodeBatchesUsed 0ms active=2->1
2026-03-25T13:28:52: 🔗 调用工单处理服务: http://localhost:2228/api/workorder/update-quantity {
  workOrderId: new ObjectId("69be02d8040d00d4bb253f37"),
  type: 'input',
  quantity: 1
}
2026-03-25T13:28:52: ✅ 工单处理服务响应: {
  success: true,
  jobId: '69be02d8040d00d4bb253f37_input_1774416532055',
  queueLength: 0
}
2026-03-25T13:28:52: [MPF][perf][trace][#20710] updateWorkOrderQuantity 13ms active=2->1
2026-03-25T13:28:52: [MPF][perf][trace][#20711] preloadMaterialsByIds 0ms active=2->1
2026-03-25T13:28:52: [MPF][perf][trace][#20713] validateDICode 3ms active=3->2
2026-03-25T13:28:52: [MPF][perf][trace][#20712] validateBarcodeWithMaterial 3ms active=2->1
2026-03-25T13:28:52: [MPF][perf][trace][#20714] persistFlowRecordPatch 4ms active=2->1
2026-03-25T13:28:52: [MPF][perf][trace][#20715] fixFlowProgress 27ms active=2->1
2026-03-25T13:28:52: [MPF][perf][trace][#20708] scanProcessComponents 94ms active=1->0
2026-03-25T13:28:52: [API] 工序子物料批量扫码提交 - 请求参数: {
  mainBarcode: '1020260300621H24XX7M1A1S7',
  processStepId: '69be073e65b51dcfc935d132',
  componentScans: [
    {
      materialId: '675e2e1f354604091e8459bb',
      barcode: '1313102233-260321161705'
    },
    {
      materialId: '6757a56f354604091e7be8a4',
      barcode: '102251-114010190082-20260308-07834'
    }
  ],
  userId: '67b810085cd22d7b23a52873',
  lineId: '67582bc0eebf2a4b34951ef6'
}
2026-03-25T13:28:52: 🔒 成功获取关键物料条码锁: 102251-114010190082-20260308-07834 (主条码: 1020260300621H24XX7M1A1S7)
2026-03-25T13:28:52: 开始验证物料 1313102233 的工序节点兼容性
2026-03-25T13:28:52: 主物料中绑定节点的子节点数量: 4
2026-03-25T13:28:52: 子物料中非根节点数量: 4
2026-03-25T13:28:52: 主物料子树根节点数量: 1
2026-03-25T13:28:52: 子物料树根节点数量: 1
2026-03-25T13:28:52: 验证完成，发现 0 个错误
2026-03-25T13:28:52: [MPF][perf][trace][#20717] matchAndUpdateNodesRecursively 1ms active=2->1
2026-03-25T13:28:52: [MPF][perf][trace][#20718] markMaterialBarcodeBatchesUsed 2ms active=2->1
2026-03-25T13:28:52: [MPF][perf][trace][#20719] preloadMaterialsByIds 2ms active=2->1
2026-03-25T13:28:52: [MPF][perf][trace][#20720] validateBarcodeWithMaterial 1ms active=2->3
2026-03-25T13:28:52: [MPF][perf][trace][#20722] validateDICode 3ms active=4->2
2026-03-25T13:28:52: [MPF][perf][trace][#20721] validateBarcodeWithMaterial 4ms active=3->1
2026-03-25T13:28:52: [MPF][perf][trace][#20724] validateDICode 2ms active=3->2
2026-03-25T13:28:52: [MPF][perf][trace][#20723] validateBarcodeWithMaterial 2ms active=2->1
2026-03-25T13:28:52: [MPF][perf][trace][#20725] persistFlowRecordPatch 5ms active=2->1
2026-03-25T13:28:52: 🔓 成功释放关键物料条码锁: 102251-114010190082-20260308-07834 (主条码: 1020260300621H24XX7M1A1S7)
2026-03-25T13:28:52: [MPF][perf][trace][#20716] scanProcessComponents 87ms active=1->0
2026-03-25T13:28:53: [API] 设备条码初始化 - 请求参数: {
  barcode: 'FW300XXXA20XL309F1K700047PKD7PKD',
  machineIp: '192.168.24.43'
}
2026-03-25T13:28:53: [MPF][perf][trace][#20726] initializeMachineBarcode 3ms active=1->0
2026-03-25T13:28:54: [API] 工序子物料批量扫码提交 - 请求参数: {
  mainBarcode: '1020260300621H24XX7M1A1S8',
  processStepId: '69be073ea44b1ba77491de81',
  componentScans: [
    {
      materialId: '6757a56f354604091e7be8ac',
      barcode: '102251-114010190087-20260315-02765'
    },
    {
      materialId: '675e2e1f354604091e8459ba',
      barcode: '1313102232-260316083812'
    }
  ],
  userId: '67b810085cd22d7b23a52873',
  lineId: '67582bc0eebf2a4b34951ef6'
}
2026-03-25T13:28:54: 🔒 成功获取关键物料条码锁: 102251-114010190087-20260315-02765 (主条码: 1020260300621H24XX7M1A1S8)
2026-03-25T13:28:54: 开始验证物料 1313102232 的工序节点兼容性
2026-03-25T13:28:54: 主物料中绑定节点的子节点数量: 4
2026-03-25T13:28:54: 子物料中非根节点数量: 4
2026-03-25T13:28:54: 主物料子树根节点数量: 1
2026-03-25T13:28:54: 子物料树根节点数量: 1
2026-03-25T13:28:54: 验证完成，发现 0 个错误
2026-03-25T13:28:54: [MPF][perf][trace][#20728] matchAndUpdateNodesRecursively 1ms active=2->1
2026-03-25T13:28:54: [MPF][perf][trace][#20729] markMaterialBarcodeBatchesUsed 1ms active=2->1
2026-03-25T13:28:54: [MPF][perf][trace][#20730] preloadMaterialsByIds 1ms active=2->1
2026-03-25T13:28:54: [MPF][perf][trace][#20732] validateBarcodeWithMaterial 1ms active=3->3
2026-03-25T13:28:54: [MPF][perf][trace][#20733] validateDICode 2ms active=4->2
2026-03-25T13:28:54: [MPF][perf][trace][#20731] validateBarcodeWithMaterial 3ms active=2->1
2026-03-25T13:28:54: [MPF][perf][trace][#20735] validateDICode 2ms active=3->2
2026-03-25T13:28:54: [MPF][perf][trace][#20734] validateBarcodeWithMaterial 2ms active=2->1
2026-03-25T13:28:54: [MPF][perf][trace][#20736] persistFlowRecordPatch 5ms active=2->1
2026-03-25T13:28:54: 🔓 成功释放关键物料条码锁: 102251-114010190087-20260315-02765 (主条码: 1020260300621H24XX7M1A1S8)
2026-03-25T13:28:54: [MPF][perf][trace][#20727] scanProcessComponents 65ms active=1->0
2026-03-25T13:28:55: [API] 设备条码初始化 - 请求参数: { barcode: '1020260300621H24XX7M1A1K7', machineIp: '192.168.35.30' }
2026-03-25T13:28:55: [MPF][perf][trace][#20737] initializeMachineBarcode 8ms active=1->0
2026-03-25T13:28:55: [API] 工序子物料批量扫码提交 - 请求参数: {
  mainBarcode: 'FW300XXXH17XL309Z0A700047QA57QA5',
  processStepId: '684cc7fe3e948cf23178026e',
  componentScans: [],
  userId: '6784ef7553a924ac79a1ff42',
  lineId: '6785024f34bd0b84f8bc8682'
}
2026-03-25T13:28:55: [MPF][perf][trace][#20739] markMaterialBarcodeBatchesUsed 0ms active=2->1
2026-03-25T13:28:55: [MPF][perf][trace][#20740] preloadMaterialsByIds 0ms active=2->1
2026-03-25T13:28:55: [MPF][perf][trace][#20742] validateDICode 7ms active=3->2
2026-03-25T13:28:55: [MPF][perf][trace][#20741] validateBarcodeWithMaterial 7ms active=2->1
2026-03-25T13:28:55: [MPF][perf][trace][#20743] persistFlowRecordPatch 2ms active=2->1
2026-03-25T13:28:55: [MPF][perf][trace][#20738] scanProcessComponents 21ms active=1->0
2026-03-25T13:28:55: 🔒 成功获取关键物料条码锁: FW300XXXH19XL309Z1U700047QA57QA5 (主条码: 1020260300621H24XX7M1A1K7)
2026-03-25T13:28:55: 🔒 成功获取关键物料条码锁: FW300XXX1459019X320L30826011008126 (主条码: 1020260300621H24XX7M1A1K7)
2026-03-25T13:28:55: 开始验证物料 1313102302 的工序节点兼容性
2026-03-25T13:28:55: 主物料中绑定节点的子节点数量: 18
2026-03-25T13:28:55: 子物料中非根节点数量: 19
2026-03-25T13:28:55: 主物料子树根节点数量: 3
2026-03-25T13:28:55: 子物料树根节点数量: 3
2026-03-25T13:28:55: 验证完成，发现 0 个错误
2026-03-25T13:28:55: [MPF][perf][trace][#20745] matchAndUpdateNodesRecursively 2ms active=2->1
2026-03-25T13:28:55: [MPF][perf][trace][#20746] markMaterialBarcodeBatchesUsed 1ms active=2->1
2026-03-25T13:28:55: [MPF][perf][trace][#20747] preloadMaterialsByIds 2ms active=2->1
2026-03-25T13:28:55: [MPF][perf][trace][#20750] validateDICode 9ms active=4->4
2026-03-25T13:28:55: [MPF][perf][trace][#20748] validateBarcodeWithMaterial 9ms active=2->3
2026-03-25T13:28:55: [MPF][perf][trace][#20751] validateDICode 13ms active=5->2
2026-03-25T13:28:55: [MPF][perf][trace][#20749] validateBarcodeWithMaterial 14ms active=3->1
2026-03-25T13:28:55: [MPF][perf][trace][#20753] validateDICode 2ms active=3->2
2026-03-25T13:28:55: [MPF][perf][trace][#20752] validateBarcodeWithMaterial 2ms active=2->1
2026-03-25T13:28:55: [MPF][perf][trace][#20754] persistFlowRecordPatch 6ms active=2->1
2026-03-25T13:28:55: 🔓 成功释放关键物料条码锁: FW300XXXH19XL309Z1U700047QA57QA5 (主条码: 1020260300621H24XX7M1A1K7)
2026-03-25T13:28:55: 🔓 成功释放关键物料条码锁: FW300XXX1459019X320L30826011008126 (主条码: 1020260300621H24XX7M1A1K7)
2026-03-25T13:28:55: [MPF][perf][trace][#20744] scanProcessComponents 83ms active=1->0
2026-03-25T13:28:57: 🚀 托盘条码处理 - 队列模式: P2306M57UEU2056126
2026-03-25T13:28:57: 开始托盘条码异步处理: P2306M57UEU2056126, 产线: 德昌追觅C线包装
2026-03-25T13:28:57: 添加托盘处理任务到队列: 条码=P2306M57UEU2056126, 产线=德昌追觅C线包装
2026-03-25T13:28:57: 托盘处理任务已添加到队列: JobId=pallet_P2306M57UEU2056126_1774416537272_yqpaev, 条码=P2306M57UEU2056126
2026-03-25T13:28:57: 托盘条码异步处理任务已提交: P2306M57UEU2056126, JobId: pallet_P2306M57UEU2056126_1774416537272_yqpaev
2026-03-25T13:28:57: [API] 设备条码初始化 - 请求参数: { barcode: '1020260300621H24XX7M1A1J4', machineIp: '192.168.35.33' }
2026-03-25T13:28:57: [MPF][perf][trace][#20755] initializeMachineBarcode 7ms active=1->0
2026-03-25T13:28:57: [MPF][perf][trace][#20757] markMaterialBarcodeBatchesUsed 0ms active=2->1
2026-03-25T13:28:57: [MPF][perf][trace][#20758] preloadMaterialsByIds 0ms active=2->1
2026-03-25T13:28:57: [MPF][perf][trace][#20760] validateDICode 2ms active=3->2
2026-03-25T13:28:57: [MPF][perf][trace][#20759] validateBarcodeWithMaterial 2ms active=2->1
2026-03-25T13:28:57: [MPF][perf][trace][#20761] persistFlowRecordPatch 5ms active=2->1
2026-03-25T13:28:57: [MPF][perf][trace][#20756] scanProcessComponents 59ms active=1->0
2026-03-25T13:28:57: 🚀 托盘条码处理 - 队列模式: P2306M57UEU1982126
2026-03-25T13:28:57: 开始托盘条码异步处理: P2306M57UEU1982126, 产线: 德昌追觅C线包装
2026-03-25T13:28:57: 添加托盘处理任务到队列: 条码=P2306M57UEU1982126, 产线=德昌追觅C线包装
2026-03-25T13:28:57: 托盘处理任务已添加到队列: JobId=pallet_P2306M57UEU1982126_1774416537855_gtguoc, 条码=P2306M57UEU1982126
2026-03-25T13:28:57: 托盘条码异步处理任务已提交: P2306M57UEU1982126, JobId: pallet_P2306M57UEU1982126_1774416537855_gtguoc
2026-03-25T13:28:57: [API] 设备条码初始化 - 请求参数: {
  barcode: 'FW3001595026X7HZ82AC0432603150208100026010028743',
  machineIp: '192.168.35.34'
}
2026-03-25T13:28:57: [MPF][perf][trace][#20762] initializeMachineBarcode 3ms active=1->0
2026-03-25T13:28:58: 🚀 托盘条码处理 - 队列模式: P2306M57UEU1925126
2026-03-25T13:28:58: 开始托盘条码异步处理: P2306M57UEU1925126, 产线: 德昌追觅C线包装
2026-03-25T13:28:58: 添加托盘处理任务到队列: 条码=P2306M57UEU1925126, 产线=德昌追觅C线包装
2026-03-25T13:28:58: 托盘处理任务已添加到队列: JobId=pallet_P2306M57UEU1925126_1774416538445_xyl0bs, 条码=P2306M57UEU1925126
2026-03-25T13:28:58: 托盘条码异步处理任务已提交: P2306M57UEU1925126, JobId: pallet_P2306M57UEU1925126_1774416538445_xyl0bs
2026-03-25T13:28:59: 🚀 托盘条码处理 - 队列模式: P2306M57UEU1107126
2026-03-25T13:28:59: 开始托盘条码异步处理: P2306M57UEU1107126, 产线: 德昌追觅C线包装
2026-03-25T13:28:59: 添加托盘处理任务到队列: 条码=P2306M57UEU1107126, 产线=德昌追觅C线包装
2026-03-25T13:28:59: 托盘处理任务已添加到队列: JobId=pallet_P2306M57UEU1107126_1774416539024_n8b3ki, 条码=P2306M57UEU1107126
2026-03-25T13:28:59: 托盘条码异步处理任务已提交: P2306M57UEU1107126, JobId: pallet_P2306M57UEU1107126_1774416539024_n8b3ki
2026-03-25T13:28:59: [API] 工序子物料批量扫码提交 - 请求参数: {
  mainBarcode: '1020260300621H24XX7M1A1H1',
  processStepId: '69be073ef2567c6043a36d47',
  componentScans: [
    {
      materialId: '6757a580354604091e7bef1e',
      barcode: '1313102217-260316084200'
    },
    {
      materialId: '6757a580354604091e7beede',
      barcode: '1313102216-260316084031'
    }
  ],
  userId: '67b810085cd22d7b23a52873',
  lineId: '67582bc0eebf2a4b34951ef6'
}
2026-03-25T13:28:59: 开始验证物料 1313102217 的工序节点兼容性
2026-03-25T13:28:59: 主物料中绑定节点的子节点数量: 4
2026-03-25T13:28:59: 子物料中非根节点数量: 4
2026-03-25T13:28:59: 主物料子树根节点数量: 1
2026-03-25T13:28:59: 子物料树根节点数量: 1
2026-03-25T13:28:59: 验证完成，发现 0 个错误
2026-03-25T13:28:59: [MPF][perf][trace][#20764] matchAndUpdateNodesRecursively 1ms active=2->1
2026-03-25T13:28:59: 开始验证物料 1313102216 的工序节点兼容性
2026-03-25T13:28:59: 主物料中绑定节点的子节点数量: 4
2026-03-25T13:28:59: 子物料中非根节点数量: 4
2026-03-25T13:28:59: 主物料子树根节点数量: 1
2026-03-25T13:28:59: 子物料树根节点数量: 1
2026-03-25T13:28:59: 验证完成，发现 0 个错误
2026-03-25T13:28:59: [MPF][perf][trace][#20765] matchAndUpdateNodesRecursively 0ms active=2->1
2026-03-25T13:28:59: [MPF][perf][trace][#20766] markMaterialBarcodeBatchesUsed 1ms active=2->1
2026-03-25T13:28:59: [MPF][perf][trace][#20767] preloadMaterialsByIds 1ms active=2->1
2026-03-25T13:28:59: [MPF][perf][trace][#20768] validateBarcodeWithMaterial 0ms active=2->2
2026-03-25T13:28:59: [MPF][perf][trace][#20769] validateBarcodeWithMaterial 0ms active=3->1
2026-03-25T13:28:59: 🚀 托盘条码处理 - 队列模式: P2306M57UEU1307126
2026-03-25T13:28:59: 开始托盘条码异步处理: P2306M57UEU1307126, 产线: 德昌追觅C线包装
2026-03-25T13:28:59: [MPF][perf][trace][#20771] validateDICode 5ms active=3->2
2026-03-25T13:28:59: [MPF][perf][trace][#20770] validateBarcodeWithMaterial 7ms active=2->1
2026-03-25T13:28:59: [MPF][perf][trace][#20772] persistFlowRecordPatch 8ms active=2->1
2026-03-25T13:28:59: [MPF][perf][trace][#20763] scanProcessComponents 78ms active=1->0
2026-03-25T13:28:59: 添加托盘处理任务到队列: 条码=P2306M57UEU1307126, 产线=德昌追觅C线包装
2026-03-25T13:28:59: 托盘处理任务已添加到队列: JobId=pallet_P2306M57UEU1307126_1774416539632_dvasyy, 条码=P2306M57UEU1307126
2026-03-25T13:28:59: 托盘条码异步处理任务已提交: P2306M57UEU1307126, JobId: pallet_P2306M57UEU1307126_1774416539632_dvasyy
2026-03-25T13:29:00: 🚀 托盘条码处理 - 队列模式: P2306M57UEU1133126
2026-03-25T13:29:00: 开始托盘条码异步处理: P2306M57UEU1133126, 产线: 德昌追觅C线包装
2026-03-25T13:29:00: 添加托盘处理任务到队列: 条码=P2306M57UEU1133126, 产线=德昌追觅C线包装
2026-03-25T13:29:00: 托盘处理任务已添加到队列: JobId=pallet_P2306M57UEU1133126_1774416540204_rtf4yl, 条码=P2306M57UEU1133126
2026-03-25T13:29:00: 托盘条码异步处理任务已提交: P2306M57UEU1133126, JobId: pallet_P2306M57UEU1133126_1774416540204_rtf4yl
2026-03-25T13:29:00: 🚀 托盘条码处理 - 队列模式: P2306M57UEU1225126
2026-03-25T13:29:00: 开始托盘条码异步处理: P2306M57UEU1225126, 产线: 德昌追觅C线包装
2026-03-25T13:29:00: 添加托盘处理任务到队列: 条码=P2306M57UEU1225126, 产线=德昌追觅C线包装
2026-03-25T13:29:00: 托盘处理任务已添加到队列: JobId=pallet_P2306M57UEU1225126_1774416540781_rfwivr, 条码=P2306M57UEU1225126
2026-03-25T13:29:00: 托盘条码异步处理任务已提交: P2306M57UEU1225126, JobId: pallet_P2306M57UEU1225126_1774416540781_rfwivr
2026-03-25T13:29:01: [API] 设备条码初始化 - 请求参数: { barcode: '1020260300621H24XX7M1A1A4', machineIp: '3' }
2026-03-25T13:29:01: [MPF][perf][trace][#20773] initializeMachineBarcode 7ms active=1->0
2026-03-25T13:29:01: 🚀 托盘条码处理 - 队列模式: P2306M57UEU1003126
2026-03-25T13:29:01: 开始托盘条码异步处理: P2306M57UEU1003126, 产线: 德昌追觅C线包装
2026-03-25T13:29:01: 添加托盘处理任务到队列: 条码=P2306M57UEU1003126, 产线=德昌追觅C线包装
2026-03-25T13:29:01: 托盘处理任务已添加到队列: JobId=pallet_P2306M57UEU1003126_1774416541353_dum1a4, 条码=P2306M57UEU1003126
2026-03-25T13:29:01: 🎯 开始处理托盘任务: pallet_P2306M57UEU1003126_1774416541353_dum1a4, 条码: P2306M57UEU1003126, 产线: 德昌追觅C线包装, Worker: worker_28792_1774416541354_77zsbi
2026-03-25T13:29:01: 🔐 尝试获取托盘锁: P2306M57UEU1003126
2026-03-25T13:29:01: 🔒 托盘锁已获取: P2306M57UEU1003126 by worker_28792_1774416541354_77zsbi
2026-03-25T13:29:01: 托盘条码异步处理任务已提交: P2306M57UEU1003126, JobId: pallet_P2306M57UEU1003126_1774416541353_dum1a4
2026-03-25T13:29:01: 开始处理托盘条码（简化版本）: P2306M57UEU1003126, 盒条码: 1001998512121963, 来自维修台: false
2026-03-25T13:29:01: 使用托盘: YDC-SN-1774416187642
2026-03-25T13:29:01: 开始触发工序完成: P2306M57UEU1003126, 托盘编号: YDC-SN-1774416187642
2026-03-25T13:29:01: flowRecord.progress 100
2026-03-25T13:29:01: processPosition.isLast true
2026-03-25T13:29:01: 🔗 调用工单处理服务: http://localhost:2228/api/workorder/update-quantity {
  workOrderId: new ObjectId("68744d51deb41f5b58c474b5"),
  type: 'output',
  quantity: 1
}
2026-03-25T13:29:01: ✅ 工单处理服务响应: {
  success: true,
  jobId: '68744d51deb41f5b58c474b5_output_1774416541375',
  queueLength: 0
}
2026-03-25T13:29:01: [MPF][perf][trace][#20775] updateWorkOrderQuantity 4ms active=2->1
2026-03-25T13:29:01: 条码 P2306M57UEU1003126 首次完成生产，产出量+1
2026-03-25T13:29:01: [MPF][perf][trace][#20776] persistFlowRecordPatch 2ms active=2->1
2026-03-25T13:29:01: [MPF][perf][trace][#20774] scanBatchDocument 12ms active=1->0
2026-03-25T13:29:01: 条码 P2306M57UEU1003126 工序完成触发成功
2026-03-25T13:29:01: 工序绑定和托盘入托完成，条码 P2306M57UEU1003126 处理成功
2026-03-25T13:29:01: ✅ 托盘处理任务完成: pallet_P2306M57UEU1003126_1774416541353_dum1a4, 条码: P2306M57UEU1003126, 耗时: 30ms, Worker: worker_28792_1774416541354_77zsbi
2026-03-25T13:29:01: 📈 托盘队列任务进度: pallet_P2306M57UEU1003126_1774416541353_dum1a4 - 100%
2026-03-25T13:29:01: 🔓 托盘锁已释放: P2306M57UEU1003126 by worker_28792_1774416541354_77zsbi
2026-03-25T13:29:01: ✅ 托盘队列任务完成: pallet_P2306M57UEU1003126_1774416541353_dum1a4 {
  mainBarcode: 'P2306M57UEU1003126',
  palletCode: 'YDC-SN-1774416187642',
  duration: 30
}
2026-03-25T13:29:01: [API] 设备条码初始化 - 请求参数: { barcode: 'YDC-BL0532-1-202603240445', machineIp: '192.168.26.36' }
2026-03-25T13:29:01: [MPF][perf][trace][#20777] initializeMachineBarcode 2ms active=1->0
2026-03-25T13:29:01: [MPF][perf][trace][#20779] markMaterialBarcodeBatchesUsed 0ms active=2->1
2026-03-25T13:29:01: [MPF][perf][trace][#20780] preloadMaterialsByIds 0ms active=2->1
2026-03-25T13:29:01: [MPF][perf][trace][#20782] validateDICode 2ms active=3->2
2026-03-25T13:29:01: [MPF][perf][trace][#20781] validateBarcodeWithMaterial 3ms active=2->1
2026-03-25T13:29:01: [MPF][perf][trace][#20783] persistFlowRecordPatch 2ms active=2->1
2026-03-25T13:29:01: [MPF][perf][trace][#20778] scanProcessComponents 11ms active=1->0
2026-03-25T13:29:02: [API] 设备条码初始化 - 请求参数: { barcode: '1020260300621H24XX7M1A1H4', machineIp: '192.168.35.31' }
2026-03-25T13:29:02: [MPF][perf][trace][#20784] initializeMachineBarcode 8ms active=1->0
2026-03-25T13:29:03: [API] 检查条码节点完成情况 - 请求参数: { params: {}, query: { barcode: 'FW300XXXH17XL309Z0Q000047QA57QA5' } }
2026-03-25T13:29:03: [MPF][perf][trace][#20785] checkBarcodeCompletion 3ms active=1->0
2026-03-25T13:29:04: [API] 设备条码初始化 - 请求参数: { barcode: '1020260300621H24XX7M1A1J3', machineIp: '192.168.35.30' }
2026-03-25T13:29:04: [MPF][perf][trace][#20786] initializeMachineBarcode 8ms active=1->0
2026-03-25T13:29:04: [API] 工序子物料批量扫码提交 - 请求参数: {
  mainBarcode: '1020260300621H24XX7M1A1F6',
  processStepId: '69be073e902e0a67bd505a7a',
  componentScans: [],
  userId: '67b810085cd22d7b23a52873',
  lineId: '67582bc0eebf2a4b34951ef6'
}
2026-03-25T13:29:04: [MPF][perf][trace][#20788] markMaterialBarcodeBatchesUsed 0ms active=2->1
2026-03-25T13:29:04: [MPF][perf][trace][#20789] preloadMaterialsByIds 0ms active=2->1
2026-03-25T13:29:04: [MPF][perf][trace][#20791] validateDICode 3ms active=3->2
2026-03-25T13:29:04: [MPF][perf][trace][#20790] validateBarcodeWithMaterial 3ms active=2->1
2026-03-25T13:29:04: [MPF][perf][trace][#20792] persistFlowRecordPatch 9ms active=2->1
2026-03-25T13:29:04: [MPF][perf][trace][#20787] scanProcessComponents 66ms active=1->0
2026-03-25T13:29:05: [API] 设备条码初始化 - 请求参数: {
  barcode: 'FW3001595026X7HZ82AC0432603150208400026010028743',
  machineIp: '192.168.35.34'
}
2026-03-25T13:29:05: [MPF][perf][trace][#20793] initializeMachineBarcode 2ms active=1->0
2026-03-25T13:29:05: [MPF][perf][trace][#20795] markMaterialBarcodeBatchesUsed 0ms active=2->1
2026-03-25T13:29:05: [MPF][perf][trace][#20796] preloadMaterialsByIds 0ms active=2->1
2026-03-25T13:29:05: [MPF][perf][trace][#20798] validateDICode 2ms active=3->2
2026-03-25T13:29:05: [MPF][perf][trace][#20797] validateBarcodeWithMaterial 2ms active=2->1
2026-03-25T13:29:05: [MPF][perf][trace][#20799] persistFlowRecordPatch 2ms active=2->1
2026-03-25T13:29:05: [MPF][perf][trace][#20794] scanProcessComponents 9ms active=1->0
2026-03-25T13:29:07: [API] 设备条码初始化 - 请求参数: { barcode: 'YDC-BL0532-1-202603240449', machineIp: '192.168.26.36' }
2026-03-25T13:29:07: [MPF][perf][trace][#20800] initializeMachineBarcode 2ms active=1->0
2026-03-25T13:29:08: [API] 创建流程记录 - 请求参数: {
  mainMaterialId: '69784c439e5429556762ce96',
  materialCode: '1108102067',
  barcode: '1020260300621H24XX7M1A2F1',
  productLineId: '67582bc0eebf2a4b34951ef6',
  productLineName: '面罩主机1号线'
}
2026-03-25T13:29:08: [MPF][perf][trace][#20804] buildProcessNodes 2ms active=3->2
2026-03-25T13:29:08: [MPF][perf][trace][#20805] buildProcessNodes 2ms active=3->2
2026-03-25T13:29:08: [MPF][perf][trace][#20806] buildProcessNodes 3ms active=3->2
2026-03-25T13:29:08: [MPF][perf][trace][#20807] buildProcessNodes 3ms active=3->2
2026-03-25T13:29:08: [MPF][perf][trace][#20808] buildProcessNodes 3ms active=3->2
2026-03-25T13:29:08: [MPF][perf][trace][#20810] buildProcessNodes 3ms active=4->3
2026-03-25T13:29:08: [MPF][perf][trace][#20809] buildProcessNodes 6ms active=3->2
2026-03-25T13:29:08: [MPF][perf][trace][#20811] buildProcessNodes 3ms active=3->2
2026-03-25T13:29:08: [MPF][perf][trace][#20812] buildProcessNodes 2ms active=3->2
2026-03-25T13:29:08: [MPF][perf][trace][#20813] buildProcessNodes 4ms active=3->2
2026-03-25T13:29:08: [MPF][perf][trace][#20803] buildProcessNodes 33ms active=2->1
2026-03-25T13:29:08: [API] 设备条码初始化 - 请求参数: {
  barcode: 'FW300XXXH18XL309A1S100047QA57QA5',
  machineIp: '192.168.24.43'
}
2026-03-25T13:29:08: [MPF][perf][detail][#20802] buildProcessNodes totalMs=65ms materialBatchLookupMs=10ms processMaterialsQueryMs=9ms processStepQueryMs=9ms recursionMs=32ms rootMaterialLookupMs=0ms slowestCallMs=33ms subCraftLookupMs=12ms calls=11 maxDepth=2 leafCount=0 cycleHits=0 totalNodes=166 slowestDepth=0 slowestMaterialId=69784c439e5429556762ce96
2026-03-25T13:29:08: [MPF][perf][detail][#20802] createFlowByMaterialCode totalMs=65ms buildNodesMs=33ms craftLookupMs=2ms materialLookupMs=2ms saveMs=19ms workOrderLookupMs=2ms barcode=1020260300621H24XX7M1A2F1 isFromDevice=false hasWorkOrder=true buildCalls=11 buildMaxDepth=2 processNodeCount=92
2026-03-25T13:29:08: [MPF][perf][trace][#20801] createFlowByMaterialCode 66ms active=1->1
2026-03-25T13:29:08: [MPF][perf][trace][#20814] initializeMachineBarcode 7ms active=2->0
2026-03-25T13:29:08: [API] 工序子物料批量扫码提交 - 请求参数: {
  mainBarcode: '1020260300621H24XX7M1A2F1',
  processStepId: '69be073ec78e4e58af18a0bd',
  componentScans: [],
  userId: '67b810085cd22d7b23a52873',
  lineId: '67582bc0eebf2a4b34951ef6'
}
2026-03-25T13:29:08: [MPF][perf][trace][#20816] markMaterialBarcodeBatchesUsed 0ms active=2->1
2026-03-25T13:29:08: 🔗 调用工单处理服务: http://localhost:2228/api/workorder/update-quantity {
  workOrderId: new ObjectId("69be02d8040d00d4bb253f37"),
  type: 'input',
  quantity: 1
}
2026-03-25T13:29:08: ✅ 工单处理服务响应: {
  success: true,
  jobId: '69be02d8040d00d4bb253f37_input_1774416548900',
  queueLength: 0
}
2026-03-25T13:29:08: [MPF][perf][trace][#20817] updateWorkOrderQuantity 5ms active=2->1
2026-03-25T13:29:08: [MPF][perf][trace][#20818] preloadMaterialsByIds 0ms active=2->1
2026-03-25T13:29:08: [MPF][perf][trace][#20820] validateDICode 2ms active=3->2
2026-03-25T13:29:08: [MPF][perf][trace][#20819] validateBarcodeWithMaterial 3ms active=2->1
2026-03-25T13:29:08: [MPF][perf][trace][#20821] persistFlowRecordPatch 5ms active=2->1
2026-03-25T13:29:08: [MPF][perf][trace][#20822] fixFlowProgress 24ms active=2->1
2026-03-25T13:29:08: [MPF][perf][trace][#20815] scanProcessComponents 84ms active=1->0
2026-03-25T13:29:09: [API] 设备条码初始化 - 请求参数: { barcode: '1020260300621H24XX7M1A1K8', machineIp: '192.168.35.30' }
2026-03-25T13:29:09: [MPF][perf][trace][#20823] initializeMachineBarcode 7ms active=1->0
2026-03-25T13:29:10: 🔒 成功获取关键物料条码锁: FW300XXXH18XL309A1U400047QA57QA5 (主条码: 1020260300621H24XX7M1A1K8)
2026-03-25T13:29:10: 🔒 成功获取关键物料条码锁: FW300XXX1459019X320L30826011008259 (主条码: 1020260300621H24XX7M1A1K8)
2026-03-25T13:29:10: 开始验证物料 1313102302 的工序节点兼容性
2026-03-25T13:29:10: 主物料中绑定节点的子节点数量: 18
2026-03-25T13:29:10: 子物料中非根节点数量: 19
2026-03-25T13:29:10: 主物料子树根节点数量: 3
2026-03-25T13:29:10: 子物料树根节点数量: 3
2026-03-25T13:29:10: 验证完成，发现 0 个错误
2026-03-25T13:29:10: [MPF][perf][trace][#20825] matchAndUpdateNodesRecursively 2ms active=2->1
2026-03-25T13:29:10: [MPF][perf][trace][#20826] markMaterialBarcodeBatchesUsed 1ms active=2->1
2026-03-25T13:29:10: [MPF][perf][trace][#20827] preloadMaterialsByIds 1ms active=2->1
2026-03-25T13:29:10: [MPF][perf][trace][#20830] validateDICode 8ms active=4->4
2026-03-25T13:29:10: [MPF][perf][trace][#20828] validateBarcodeWithMaterial 9ms active=2->3
2026-03-25T13:29:10: [MPF][perf][trace][#20831] validateDICode 12ms active=5->2
2026-03-25T13:29:10: [MPF][perf][trace][#20829] validateBarcodeWithMaterial 13ms active=3->1
2026-03-25T13:29:10: [MPF][perf][trace][#20833] validateDICode 2ms active=3->2
2026-03-25T13:29:10: [MPF][perf][trace][#20832] validateBarcodeWithMaterial 2ms active=2->1
2026-03-25T13:29:10: [MPF][perf][trace][#20834] persistFlowRecordPatch 7ms active=2->1
2026-03-25T13:29:10: 🔓 成功释放关键物料条码锁: FW300XXXH18XL309A1U400047QA57QA5 (主条码: 1020260300621H24XX7M1A1K8)
2026-03-25T13:29:10: 🔓 成功释放关键物料条码锁: FW300XXX1459019X320L30826011008259 (主条码: 1020260300621H24XX7M1A1K8)
2026-03-25T13:29:10: [MPF][perf][trace][#20824] scanProcessComponents 83ms active=1->0
2026-03-25T13:29:10: [API] 工序子物料批量扫码提交 - 请求参数: {
  mainBarcode: '1020260300621H24XX7M1A1R4',
  processStepId: '69be073e29e3587154b01049',
  componentScans: [
    {
      materialId: '689e16129e542955670237ef',
      barcode: '1313102513-260324083757'
    }
  ],
  userId: '67b810085cd22d7b23a52873',
  lineId: '67582bc0eebf2a4b34951ef6'
}
2026-03-25T13:29:10: 开始验证物料 1313102513 的工序节点兼容性
2026-03-25T13:29:10: 主物料中绑定节点的子节点数量: 5
2026-03-25T13:29:10: 子物料中非根节点数量: 5
2026-03-25T13:29:10: 主物料子树根节点数量: 1
2026-03-25T13:29:10: 子物料树根节点数量: 1
2026-03-25T13:29:10: 验证完成，发现 0 个错误
2026-03-25T13:29:10: [MPF][perf][trace][#20836] matchAndUpdateNodesRecursively 0ms active=2->1
2026-03-25T13:29:10: [MPF][perf][trace][#20837] markMaterialBarcodeBatchesUsed 0ms active=2->1
2026-03-25T13:29:10: [MPF][perf][trace][#20838] preloadMaterialsByIds 1ms active=2->1
2026-03-25T13:29:10: [MPF][perf][trace][#20839] validateBarcodeWithMaterial 1ms active=2->1
2026-03-25T13:29:10: [MPF][perf][trace][#20841] validateDICode 2ms active=3->2
2026-03-25T13:29:10: [MPF][perf][trace][#20840] validateBarcodeWithMaterial 2ms active=2->1
2026-03-25T13:29:10: [MPF][perf][trace][#20842] persistFlowRecordPatch 6ms active=2->1
2026-03-25T13:29:10: [MPF][perf][trace][#20835] scanProcessComponents 62ms active=1->0
2026-03-25T13:29:13: [API] 设备条码初始化 - 请求参数: { barcode: '1020260300621H24XX7M1A1H3', machineIp: '192.168.35.31' }
2026-03-25T13:29:13: [MPF][perf][trace][#20843] initializeMachineBarcode 7ms active=1->0
2026-03-25T13:29:13: [MPF][perf][trace][#20845] markMaterialBarcodeBatchesUsed 0ms active=2->1
2026-03-25T13:29:13: [MPF][perf][trace][#20846] preloadMaterialsByIds 0ms active=2->1
2026-03-25T13:29:13: [MPF][perf][trace][#20848] validateDICode 2ms active=3->2
2026-03-25T13:29:13: [MPF][perf][trace][#20847] validateBarcodeWithMaterial 3ms active=2->1
2026-03-25T13:29:13: [MPF][perf][trace][#20849] persistFlowRecordPatch 5ms active=2->1
2026-03-25T13:29:13: [MPF][perf][trace][#20844] scanProcessComponents 57ms active=1->0
2026-03-25T13:29:13: [API] 设备条码初始化 - 请求参数: {
  barcode: 'FW3001595026X7HZ82AC0432603150208100026010028743',
  machineIp: '192.168.35.34'
}
2026-03-25T13:29:13: [MPF][perf][trace][#20850] initializeMachineBarcode 1ms active=1->0
2026-03-25T13:29:13: [MPF][perf][trace][#20852] markMaterialBarcodeBatchesUsed 0ms active=2->1
2026-03-25T13:29:13: [MPF][perf][trace][#20853] preloadMaterialsByIds 0ms active=2->1
2026-03-25T13:29:13: [MPF][perf][trace][#20855] validateDICode 2ms active=3->2
2026-03-25T13:29:13: [MPF][perf][trace][#20854] validateBarcodeWithMaterial 2ms active=2->1
2026-03-25T13:29:13: [MPF][perf][trace][#20856] persistFlowRecordPatch 2ms active=2->1
2026-03-25T13:29:13: [MPF][perf][trace][#20851] scanProcessComponents 9ms active=1->0
2026-03-25T13:29:14: 🚀 托盘条码处理 - 队列模式: 1020260300621H24XX7M1A4U6
2026-03-25T13:29:14: 开始托盘条码异步处理: 1020260300621H24XX7M1A4U6, 产线: 面罩主机1号线
2026-03-25T13:29:14: 添加托盘处理任务到队列: 条码=1020260300621H24XX7M1A4U6, 产线=面罩主机1号线
2026-03-25T13:29:14: 托盘处理任务已添加到队列: JobId=pallet_1020260300621H24XX7M1A4U6_1774416554801_76w5f7, 条码=1020260300621H24XX7M1A4U6
2026-03-25T13:29:14: 托盘条码异步处理任务已提交: 1020260300621H24XX7M1A4U6, JobId: pallet_1020260300621H24XX7M1A4U6_1774416554801_76w5f7
2026-03-25T13:29:14: 🚀 托盘条码处理 - 队列模式: P2306M57UEU1124126
2026-03-25T13:29:14: 开始托盘条码异步处理: P2306M57UEU1124126, 产线: 德昌追觅C线包装
2026-03-25T13:29:14: 添加托盘处理任务到队列: 条码=P2306M57UEU1124126, 产线=德昌追觅C线包装
2026-03-25T13:29:14: 托盘处理任务已添加到队列: JobId=pallet_P2306M57UEU1124126_1774416554945_7a50v8, 条码=P2306M57UEU1124126
2026-03-25T13:29:14: 托盘条码异步处理任务已提交: P2306M57UEU1124126, JobId: pallet_P2306M57UEU1124126_1774416554945_7a50v8
2026-03-25T13:29:15: [API] 设备条码初始化 - 请求参数: { barcode: '1020260300621H24XX7M1A1H8', machineIp: '192.168.35.32' }
2026-03-25T13:29:15: [MPF][perf][trace][#20857] initializeMachineBarcode 7ms active=1->0
2026-03-25T13:29:15: 🔒 成功获取关键物料条码锁: FW3001595026X7HZ82AC0432603150278800026010028743 (主条码: 1020260300621H24XX7M1A1H8)
2026-03-25T13:29:15: 开始验证物料 1313102514 的工序节点兼容性
2026-03-25T13:29:15: 主物料中绑定节点的子节点数量: 1
2026-03-25T13:29:15: 子物料中非根节点数量: 1
2026-03-25T13:29:15: 主物料子树根节点数量: 1
2026-03-25T13:29:15: 子物料树根节点数量: 1
2026-03-25T13:29:15: 验证完成，发现 0 个错误
2026-03-25T13:29:15: [MPF][perf][trace][#20859] matchAndUpdateNodesRecursively 0ms active=2->1
2026-03-25T13:29:15: [MPF][perf][trace][#20860] markMaterialBarcodeBatchesUsed 1ms active=2->1
2026-03-25T13:29:15: [MPF][perf][trace][#20861] preloadMaterialsByIds 1ms active=2->1
2026-03-25T13:29:15: [MPF][perf][trace][#20863] validateDICode 3ms active=3->2
2026-03-25T13:29:15: [MPF][perf][trace][#20862] validateBarcodeWithMaterial 3ms active=2->1
2026-03-25T13:29:15: [MPF][perf][trace][#20865] validateDICode 2ms active=3->2
2026-03-25T13:29:15: [MPF][perf][trace][#20864] validateBarcodeWithMaterial 2ms active=2->1
2026-03-25T13:29:15: [MPF][perf][trace][#20866] persistFlowRecordPatch 5ms active=2->1
2026-03-25T13:29:15: 🔓 成功释放关键物料条码锁: FW3001595026X7HZ82AC0432603150278800026010028743 (主条码: 1020260300621H24XX7M1A1H8)
2026-03-25T13:29:15: [MPF][perf][trace][#20858] scanProcessComponents 90ms active=1->0
2026-03-25T13:29:15: 🚀 托盘条码处理 - 队列模式: P2306M57UEU1129126
2026-03-25T13:29:15: 开始托盘条码异步处理: P2306M57UEU1129126, 产线: 德昌追觅C线包装
2026-03-25T13:29:15: 添加托盘处理任务到队列: 条码=P2306M57UEU1129126, 产线=德昌追觅C线包装
2026-03-25T13:29:15: 托盘处理任务已添加到队列: JobId=pallet_P2306M57UEU1129126_1774416555531_q75rmi, 条码=P2306M57UEU1129126
2026-03-25T13:29:15: 托盘条码异步处理任务已提交: P2306M57UEU1129126, JobId: pallet_P2306M57UEU1129126_1774416555531_q75rmi
2026-03-25T13:29:15: [API] 工序子物料批量扫码提交 - 请求参数: {
  mainBarcode: '1020260300621H24XX7M1A1A7',
  processStepId: '69be073ef2567c6043a36d47',
  componentScans: [
    {
      materialId: '6757a580354604091e7bef1e',
      barcode: '1313102217-260316084200'
    },
    {
      materialId: '6757a580354604091e7beede',
      barcode: '1313102216-260316084031'
    }
  ],
  userId: '67b810085cd22d7b23a52873',
  lineId: '67582bc0eebf2a4b34951ef6'
}
2026-03-25T13:29:15: 开始验证物料 1313102217 的工序节点兼容性
2026-03-25T13:29:15: 主物料中绑定节点的子节点数量: 4
2026-03-25T13:29:15: 子物料中非根节点数量: 4
2026-03-25T13:29:15: 主物料子树根节点数量: 1
2026-03-25T13:29:15: 子物料树根节点数量: 1
2026-03-25T13:29:15: 验证完成，发现 0 个错误
2026-03-25T13:29:15: [MPF][perf][trace][#20868] matchAndUpdateNodesRecursively 1ms active=2->1
2026-03-25T13:29:15: 开始验证物料 1313102216 的工序节点兼容性
2026-03-25T13:29:15: 主物料中绑定节点的子节点数量: 4
2026-03-25T13:29:15: 子物料中非根节点数量: 4
2026-03-25T13:29:15: 主物料子树根节点数量: 1
2026-03-25T13:29:15: 子物料树根节点数量: 1
2026-03-25T13:29:15: 验证完成，发现 0 个错误
2026-03-25T13:29:15: [MPF][perf][trace][#20869] matchAndUpdateNodesRecursively 1ms active=2->1
2026-03-25T13:29:15: [MPF][perf][trace][#20870] markMaterialBarcodeBatchesUsed 2ms active=2->1
2026-03-25T13:29:15: [MPF][perf][trace][#20871] preloadMaterialsByIds 1ms active=2->1
2026-03-25T13:29:15: [MPF][perf][trace][#20872] validateBarcodeWithMaterial 0ms active=2->2
2026-03-25T13:29:15: [MPF][perf][trace][#20873] validateBarcodeWithMaterial 1ms active=3->1
2026-03-25T13:29:15: [MPF][perf][trace][#20875] validateDICode 2ms active=3->2
2026-03-25T13:29:15: [MPF][perf][trace][#20874] validateBarcodeWithMaterial 2ms active=2->1
2026-03-25T13:29:15: [MPF][perf][trace][#20876] persistFlowRecordPatch 6ms active=2->1
2026-03-25T13:29:15: [MPF][perf][trace][#20867] scanProcessComponents 68ms active=1->0
2026-03-25T13:29:16: [API] 工序子物料批量扫码提交 - 请求参数: {
  mainBarcode: 'FW300XXXH17XL309Z0Q900047QA57QA5',
  processStepId: '684cc7fe3e948cf23178026e',
  componentScans: [],
  userId: '6784ef7553a924ac79a1ff42',
  lineId: '6785024f34bd0b84f8bc8682'
}
2026-03-25T13:29:16: [MPF][perf][trace][#20878] markMaterialBarcodeBatchesUsed 0ms active=2->1
2026-03-25T13:29:16: [MPF][perf][trace][#20879] preloadMaterialsByIds 0ms active=2->1
2026-03-25T13:29:16: [MPF][perf][trace][#20881] validateDICode 7ms active=3->2
2026-03-25T13:29:16: [MPF][perf][trace][#20880] validateBarcodeWithMaterial 7ms active=2->1
2026-03-25T13:29:16: [MPF][perf][trace][#20882] persistFlowRecordPatch 2ms active=2->1
2026-03-25T13:29:16: [MPF][perf][trace][#20877] scanProcessComponents 21ms active=1->0
2026-03-25T13:29:16: [API] 设备条码初始化 - 请求参数: { barcode: '1020260300621H24XX7M1A1F0', machineIp: '3' }
2026-03-25T13:29:16: [MPF][perf][trace][#20883] initializeMachineBarcode 7ms active=1->0
2026-03-25T13:29:16: [API] 检查条码节点完成情况 - 请求参数: { params: {}, query: { barcode: 'FW300XXXH18XL309A0Q500047QA57QA5' } }
2026-03-25T13:29:16: [MPF][perf][trace][#20884] checkBarcodeCompletion 2ms active=1->0
2026-03-25T13:29:16: 🚀 托盘条码处理 - 队列模式: P2306M57UEU1132126
2026-03-25T13:29:16: 开始托盘条码异步处理: P2306M57UEU1132126, 产线: 德昌追觅C线包装
2026-03-25T13:29:16: 添加托盘处理任务到队列: 条码=P2306M57UEU1132126, 产线=德昌追觅C线包装
2026-03-25T13:29:16: 托盘处理任务已添加到队列: JobId=pallet_P2306M57UEU1132126_1774416556713_uh3x96, 条码=P2306M57UEU1132126
2026-03-25T13:29:16: 托盘条码异步处理任务已提交: P2306M57UEU1132126, JobId: pallet_P2306M57UEU1132126_1774416556713_uh3x96
2026-03-25T13:29:16: [API] 工序子物料批量扫码提交 - 请求参数: {
  mainBarcode: '1020260300621H24XX7M1A2A5',
  processStepId: '69be073ea816dbe2ecd5a6ba',
  componentScans: [
    {
      materialId: '6757a56f354604091e7be893',
      barcode: '102250-117290010703-20260309-67357'
    }
  ],
  userId: '67b810085cd22d7b23a52873',
  lineId: '67582bc0eebf2a4b34951ef6'
}
2026-03-25T13:29:16: 🔒 成功获取关键物料条码锁: 102250-117290010703-20260309-67357 (主条码: 1020260300621H24XX7M1A2A5)
2026-03-25T13:29:16: [MPF][perf][trace][#20886] markMaterialBarcodeBatchesUsed 1ms active=2->1
2026-03-25T13:29:16: [MPF][perf][trace][#20887] preloadMaterialsByIds 1ms active=2->1
2026-03-25T13:29:16: [MPF][perf][trace][#20889] validateDICode 2ms active=3->2
2026-03-25T13:29:16: [MPF][perf][trace][#20888] validateBarcodeWithMaterial 3ms active=2->1
2026-03-25T13:29:16: [MPF][perf][trace][#20891] validateDICode 2ms active=3->2
2026-03-25T13:29:16: [MPF][perf][trace][#20890] validateBarcodeWithMaterial 2ms active=2->1
2026-03-25T13:29:16: [MPF][perf][trace][#20892] persistFlowRecordPatch 6ms active=2->1
2026-03-25T13:29:16: 🔓 成功释放关键物料条码锁: 102250-117290010703-20260309-67357 (主条码: 1020260300621H24XX7M1A2A5)
2026-03-25T13:29:16: [MPF][perf][trace][#20885] scanProcessComponents 61ms active=1->0
2026-03-25T13:29:17: 🚀 托盘条码处理 - 队列模式: P2306M57UEU1155126
2026-03-25T13:29:17: 开始托盘条码异步处理: P2306M57UEU1155126, 产线: 德昌追觅C线包装
2026-03-25T13:29:17: 添加托盘处理任务到队列: 条码=P2306M57UEU1155126, 产线=德昌追觅C线包装
2026-03-25T13:29:17: 托盘处理任务已添加到队列: JobId=pallet_P2306M57UEU1155126_1774416557296_7u6zgh, 条码=P2306M57UEU1155126
2026-03-25T13:29:17: 🎯 开始处理托盘任务: pallet_P2306M57UEU1155126_1774416557296_7u6zgh, 条码: P2306M57UEU1155126, 产线: 德昌追觅C线包装, Worker: worker_28792_1774416557298_4ixvui
2026-03-25T13:29:17: 🔐 尝试获取托盘锁: P2306M57UEU1155126
2026-03-25T13:29:17: 🔒 托盘锁已获取: P2306M57UEU1155126 by worker_28792_1774416557298_4ixvui
2026-03-25T13:29:17: 托盘条码异步处理任务已提交: P2306M57UEU1155126, JobId: pallet_P2306M57UEU1155126_1774416557296_7u6zgh
2026-03-25T13:29:17: 开始处理托盘条码（简化版本）: P2306M57UEU1155126, 盒条码: 1001998512121958, 来自维修台: false
2026-03-25T13:29:17: 使用托盘: YDC-SN-1774416187642
2026-03-25T13:29:17: 开始触发工序完成: P2306M57UEU1155126, 托盘编号: YDC-SN-1774416187642
2026-03-25T13:29:17: flowRecord.progress 100
2026-03-25T13:29:17: processPosition.isLast true
2026-03-25T13:29:17: 🔗 调用工单处理服务: http://localhost:2228/api/workorder/update-quantity {
  workOrderId: new ObjectId("68744d51deb41f5b58c474b5"),
  type: 'output',
  quantity: 1
}
2026-03-25T13:29:17: ✅ 工单处理服务响应: {
  success: true,
  jobId: '68744d51deb41f5b58c474b5_output_1774416557319',
  queueLength: 0
}
2026-03-25T13:29:17: [MPF][perf][trace][#20894] updateWorkOrderQuantity 4ms active=2->1
2026-03-25T13:29:17: 条码 P2306M57UEU1155126 首次完成生产，产出量+1
2026-03-25T13:29:17: [MPF][perf][trace][#20895] persistFlowRecordPatch 2ms active=2->1
2026-03-25T13:29:17: [MPF][perf][trace][#20893] scanBatchDocument 12ms active=1->0
2026-03-25T13:29:17: 条码 P2306M57UEU1155126 工序完成触发成功
2026-03-25T13:29:17: 工序绑定和托盘入托完成，条码 P2306M57UEU1155126 处理成功
2026-03-25T13:29:17: ✅ 托盘处理任务完成: pallet_P2306M57UEU1155126_1774416557296_7u6zgh, 条码: P2306M57UEU1155126, 耗时: 32ms, Worker: worker_28792_1774416557298_4ixvui
2026-03-25T13:29:17: 📈 托盘队列任务进度: pallet_P2306M57UEU1155126_1774416557296_7u6zgh - 100%
2026-03-25T13:29:17: 🔓 托盘锁已释放: P2306M57UEU1155126 by worker_28792_1774416557298_4ixvui
2026-03-25T13:29:17: ✅ 托盘队列任务完成: pallet_P2306M57UEU1155126_1774416557296_7u6zgh {
  mainBarcode: 'P2306M57UEU1155126',
  palletCode: 'YDC-SN-1774416187642',
  duration: 32
}
2026-03-25T13:29:17: [API] 设备条码初始化 - 请求参数: {
  barcode: 'FW3001595026X7HZ82AC0432603150208900026010028743',
  machineIp: '192.168.35.34'
}
2026-03-25T13:29:17: [MPF][perf][trace][#20896] initializeMachineBarcode 2ms active=1->0
2026-03-25T13:29:17: [API] 工序子物料批量扫码提交 - 请求参数: {
  mainBarcode: '1020260300621H24XX7M1A2Z4',
  processStepId: '69be073eb62fba7cdf2dbdb1',
  componentScans: [
    {
      materialId: '6757a56f354604091e7be893',
      barcode: '102250-117290010703-20260303-56907'
    }
  ],
  userId: '67b810085cd22d7b23a52873',
  lineId: '67582bc0eebf2a4b34951ef6'
}
2026-03-25T13:29:17: 🔒 成功获取关键物料条码锁: 102250-117290010703-20260303-56907 (主条码: 1020260300621H24XX7M1A2Z4)
2026-03-25T13:29:17: [MPF][perf][trace][#20898] markMaterialBarcodeBatchesUsed 1ms active=2->1
2026-03-25T13:29:17: [MPF][perf][trace][#20899] preloadMaterialsByIds 1ms active=2->1
2026-03-25T13:29:17: [MPF][perf][trace][#20901] validateDICode 2ms active=3->2
2026-03-25T13:29:17: [MPF][perf][trace][#20900] validateBarcodeWithMaterial 2ms active=2->1
2026-03-25T13:29:17: [MPF][perf][trace][#20903] validateDICode 2ms active=3->2
2026-03-25T13:29:17: [MPF][perf][trace][#20902] validateBarcodeWithMaterial 12ms active=2->1
2026-03-25T13:29:17: [MPF][perf][trace][#20904] persistFlowRecordPatch 5ms active=2->1
2026-03-25T13:29:17: 🔓 成功释放关键物料条码锁: 102250-117290010703-20260303-56907 (主条码: 1020260300621H24XX7M1A2Z4)
2026-03-25T13:29:17: [MPF][perf][trace][#20897] scanProcessComponents 71ms active=1->0
2026-03-25T13:29:17: [API] 工序子物料批量扫码提交 - 请求参数: {
  mainBarcode: '1020260300621H24XX7M1A1S9',
  processStepId: '69be073ea44b1ba77491de81',
  componentScans: [
    {
      materialId: '6757a56f354604091e7be8ac',
      barcode: '102251-114010190087-20260315-01095'
    },
    {
      materialId: '675e2e1f354604091e8459ba',
      barcode: '1313102232-260316083812'
    }
  ],
  userId: '67b810085cd22d7b23a52873',
  lineId: '67582bc0eebf2a4b34951ef6'
}
2026-03-25T13:29:17: 🔒 成功获取关键物料条码锁: 102251-114010190087-20260315-01095 (主条码: 1020260300621H24XX7M1A1S9)
2026-03-25T13:29:17: 开始验证物料 1313102232 的工序节点兼容性
2026-03-25T13:29:17: 主物料中绑定节点的子节点数量: 4
2026-03-25T13:29:17: 子物料中非根节点数量: 4
2026-03-25T13:29:17: 主物料子树根节点数量: 1
2026-03-25T13:29:17: 子物料树根节点数量: 1
2026-03-25T13:29:17: 验证完成，发现 0 个错误
2026-03-25T13:29:17: [MPF][perf][trace][#20906] matchAndUpdateNodesRecursively 0ms active=2->1
2026-03-25T13:29:17: [MPF][perf][trace][#20907] markMaterialBarcodeBatchesUsed 0ms active=2->1
2026-03-25T13:29:17: [MPF][perf][trace][#20908] preloadMaterialsByIds 2ms active=2->1
2026-03-25T13:29:17: [MPF][perf][trace][#20910] validateBarcodeWithMaterial 1ms active=3->3
2026-03-25T13:29:17: [MPF][perf][trace][#20911] validateDICode 4ms active=4->2
2026-03-25T13:29:17: [MPF][perf][trace][#20909] validateBarcodeWithMaterial 5ms active=2->1
2026-03-25T13:29:17: [MPF][perf][trace][#20913] validateDICode 32ms active=3->2
2026-03-25T13:29:17: [MPF][perf][trace][#20912] validateBarcodeWithMaterial 34ms active=2->1
2026-03-25T13:29:17: [MPF][perf][trace][#20914] persistFlowRecordPatch 19ms active=2->1
2026-03-25T13:29:17: 🚀 托盘条码处理 - 队列模式: P2306M57UEU1125126
2026-03-25T13:29:17: 开始托盘条码异步处理: P2306M57UEU1125126, 产线: 德昌追觅C线包装
2026-03-25T13:29:17: 🔓 成功释放关键物料条码锁: 102251-114010190087-20260315-01095 (主条码: 1020260300621H24XX7M1A1S9)
2026-03-25T13:29:17: [MPF][perf][trace][#20905] scanProcessComponents 115ms active=1->0
2026-03-25T13:29:17: 添加托盘处理任务到队列: 条码=P2306M57UEU1125126, 产线=德昌追觅C线包装
2026-03-25T13:29:17: 托盘处理任务已添加到队列: JobId=pallet_P2306M57UEU1125126_1774416557936_kbfkm1, 条码=P2306M57UEU1125126
2026-03-25T13:29:17: 托盘条码异步处理任务已提交: P2306M57UEU1125126, JobId: pallet_P2306M57UEU1125126_1774416557936_kbfkm1
2026-03-25T13:29:18: [API] 工序子物料批量扫码提交 - 请求参数: {
  mainBarcode: '1020260300621H24XX7M1A1U6',
  processStepId: '69be073e39f371fe13c6e562',
  componentScans: [
    {
      materialId: '6757a580354604091e7bef2f',
      barcode: '1313102230-260324102631'
    },
    {
      materialId: '675d4f7f354604091e835085',
      barcode: '1313102234-260324102426'
    }
  ],
  userId: '67b810085cd22d7b23a52873',
  lineId: '67582bc0eebf2a4b34951ef6'
}
2026-03-25T13:29:18: 开始验证物料 1313102230 的工序节点兼容性
2026-03-25T13:29:18: 主物料中绑定节点的子节点数量: 5
2026-03-25T13:29:18: 子物料中非根节点数量: 5
2026-03-25T13:29:18: 主物料子树根节点数量: 1
2026-03-25T13:29:18: 子物料树根节点数量: 1
2026-03-25T13:29:18: 验证完成，发现 0 个错误
2026-03-25T13:29:18: [MPF][perf][trace][#20916] matchAndUpdateNodesRecursively 0ms active=2->1
2026-03-25T13:29:18: 开始验证物料 1313102234 的工序节点兼容性
2026-03-25T13:29:18: 主物料中绑定节点的子节点数量: 4
2026-03-25T13:29:18: 子物料中非根节点数量: 4
2026-03-25T13:29:18: 主物料子树根节点数量: 1
2026-03-25T13:29:18: 子物料树根节点数量: 1
2026-03-25T13:29:18: 验证完成，发现 0 个错误
2026-03-25T13:29:18: [MPF][perf][trace][#20917] matchAndUpdateNodesRecursively 0ms active=2->1
2026-03-25T13:29:18: [MPF][perf][trace][#20918] markMaterialBarcodeBatchesUsed 1ms active=2->1
2026-03-25T13:29:18: [MPF][perf][trace][#20919] preloadMaterialsByIds 2ms active=2->1
2026-03-25T13:29:18: [MPF][perf][trace][#20920] validateBarcodeWithMaterial 0ms active=2->2
2026-03-25T13:29:18: [MPF][perf][trace][#20921] validateBarcodeWithMaterial 0ms active=3->1
2026-03-25T13:29:18: [MPF][perf][trace][#20923] validateDICode 3ms active=3->2
2026-03-25T13:29:18: [MPF][perf][trace][#20922] validateBarcodeWithMaterial 3ms active=2->1
2026-03-25T13:29:18: [MPF][perf][trace][#20924] persistFlowRecordPatch 10ms active=2->1
2026-03-25T13:29:18: [MPF][perf][trace][#20915] scanProcessComponents 72ms active=1->0
2026-03-25T13:29:18: [API] 设备条码初始化 - 请求参数: { barcode: '1020260300621H24XX7M1A1J1', machineIp: '192.168.35.33' }
2026-03-25T13:29:18: [MPF][perf][trace][#20925] initializeMachineBarcode 8ms active=1->0
2026-03-25T13:29:18: 🚀 托盘条码处理 - 队列模式: P2306M57UEU1178126
2026-03-25T13:29:18: 开始托盘条码异步处理: P2306M57UEU1178126, 产线: 德昌追觅C线包装
2026-03-25T13:29:18: 添加托盘处理任务到队列: 条码=P2306M57UEU1178126, 产线=德昌追觅C线包装
2026-03-25T13:29:18: 托盘处理任务已添加到队列: JobId=pallet_P2306M57UEU1178126_1774416558528_3cthho, 条码=P2306M57UEU1178126
2026-03-25T13:29:18: 托盘条码异步处理任务已提交: P2306M57UEU1178126, JobId: pallet_P2306M57UEU1178126_1774416558528_3cthho
2026-03-25T13:29:19: 🚀 托盘条码处理 - 队列模式: P2306M57UEU1123126
2026-03-25T13:29:19: 开始托盘条码异步处理: P2306M57UEU1123126, 产线: 德昌追觅C线包装
2026-03-25T13:29:19: 添加托盘处理任务到队列: 条码=P2306M57UEU1123126, 产线=德昌追觅C线包装
2026-03-25T13:29:19: 托盘处理任务已添加到队列: JobId=pallet_P2306M57UEU1123126_1774416559106_s5tmmr, 条码=P2306M57UEU1123126
2026-03-25T13:29:19: 托盘条码异步处理任务已提交: P2306M57UEU1123126, JobId: pallet_P2306M57UEU1123126_1774416559106_s5tmmr
2026-03-25T13:29:19: [API] 设备条码初始化 - 请求参数: { barcode: '1020260300621H24XX7M1A1A1', machineIp: '1' }
2026-03-25T13:29:19: [MPF][perf][trace][#20926] initializeMachineBarcode 8ms active=1->0
2026-03-25T13:29:21: [API] 设备条码初始化 - 请求参数: { barcode: '1020260300621H24XX7M1A1K9', machineIp: '192.168.35.30' }
2026-03-25T13:29:21: [MPF][perf][trace][#20927] initializeMachineBarcode 9ms active=1->0
2026-03-25T13:29:22: [API] 工序子物料批量扫码提交 - 请求参数: {
  mainBarcode: '1020260300621H24XX7M1A1S8',
  processStepId: '69be073e65b51dcfc935d132',
  componentScans: [
    {
      materialId: '675e2e1f354604091e8459bb',
      barcode: '1313102233-260321161705'
    },
    {
      materialId: '6757a56f354604091e7be8a4',
      barcode: '102251-114010190082-20260308-06261'
    }
  ],
  userId: '67b810085cd22d7b23a52873',
  lineId: '67582bc0eebf2a4b34951ef6'
}
2026-03-25T13:29:22: 🔒 成功获取关键物料条码锁: 102251-114010190082-20260308-06261 (主条码: 1020260300621H24XX7M1A1S8)
2026-03-25T13:29:22: 开始验证物料 1313102233 的工序节点兼容性
2026-03-25T13:29:22: 主物料中绑定节点的子节点数量: 4
2026-03-25T13:29:22: 子物料中非根节点数量: 4
2026-03-25T13:29:22: 主物料子树根节点数量: 1
2026-03-25T13:29:22: 子物料树根节点数量: 1
2026-03-25T13:29:22: 验证完成，发现 0 个错误
2026-03-25T13:29:22: [MPF][perf][trace][#20929] matchAndUpdateNodesRecursively 1ms active=2->1
2026-03-25T13:29:22: [MPF][perf][trace][#20930] markMaterialBarcodeBatchesUsed 1ms active=2->1
2026-03-25T13:29:22: [MPF][perf][trace][#20931] preloadMaterialsByIds 2ms active=2->1
2026-03-25T13:29:22: [MPF][perf][trace][#20932] validateBarcodeWithMaterial 0ms active=2->3
2026-03-25T13:29:22: [MPF][perf][trace][#20934] validateDICode 2ms active=4->2
2026-03-25T13:29:22: [MPF][perf][trace][#20933] validateBarcodeWithMaterial 2ms active=3->1
2026-03-25T13:29:22: [MPF][perf][trace][#20936] validateDICode 2ms active=3->2
2026-03-25T13:29:22: [MPF][perf][trace][#20935] validateBarcodeWithMaterial 2ms active=2->1
2026-03-25T13:29:22: [MPF][perf][trace][#20937] persistFlowRecordPatch 6ms active=2->1
2026-03-25T13:29:22: 🔓 成功释放关键物料条码锁: 102251-114010190082-20260308-06261 (主条码: 1020260300621H24XX7M1A1S8)
2026-03-25T13:29:22: [MPF][perf][trace][#20928] scanProcessComponents 66ms active=1->0
2026-03-25T13:29:23: [API] 设备条码初始化 - 请求参数: {
  barcode: 'FW300XXXA20XL309F1A600047PKE7PKE',
  machineIp: '192.168.24.43'
}
2026-03-25T13:29:23: [MPF][perf][trace][#20938] initializeMachineBarcode 3ms active=1->0
2026-03-25T13:29:24: [API] 创建流程记录 - 请求参数: {
  mainMaterialId: '69784c439e5429556762ce96',
  materialCode: '1108102067',
  barcode: '1020260300621H24XX7M1A2F2',
  productLineId: '67582bc0eebf2a4b34951ef6',
  productLineName: '面罩主机1号线'
}
2026-03-25T13:29:24: [MPF][perf][trace][#20942] buildProcessNodes 2ms active=3->2
2026-03-25T13:29:24: [MPF][perf][trace][#20943] buildProcessNodes 2ms active=3->2
2026-03-25T13:29:24: [MPF][perf][trace][#20944] buildProcessNodes 3ms active=3->2
2026-03-25T13:29:24: [MPF][perf][trace][#20945] buildProcessNodes 4ms active=3->2
2026-03-25T13:29:24: [MPF][perf][trace][#20946] buildProcessNodes 3ms active=3->2
2026-03-25T13:29:24: [MPF][perf][trace][#20948] buildProcessNodes 3ms active=4->3
2026-03-25T13:29:24: [MPF][perf][trace][#20947] buildProcessNodes 6ms active=3->2
2026-03-25T13:29:24: [MPF][perf][trace][#20949] buildProcessNodes 2ms active=3->2
2026-03-25T13:29:24: [MPF][perf][trace][#20950] buildProcessNodes 3ms active=3->2
2026-03-25T13:29:24: [MPF][perf][trace][#20951] buildProcessNodes 3ms active=3->2
2026-03-25T13:29:24: [MPF][perf][trace][#20941] buildProcessNodes 34ms active=2->1
2026-03-25T13:29:24: [MPF][perf][detail][#20940] buildProcessNodes totalMs=66ms materialBatchLookupMs=10ms processMaterialsQueryMs=9ms processStepQueryMs=9ms recursionMs=31ms rootMaterialLookupMs=0ms slowestCallMs=34ms subCraftLookupMs=11ms calls=11 maxDepth=2 leafCount=0 cycleHits=0 totalNodes=166 slowestDepth=0 slowestMaterialId=69784c439e5429556762ce96
2026-03-25T13:29:24: [MPF][perf][detail][#20940] createFlowByMaterialCode totalMs=66ms buildNodesMs=34ms craftLookupMs=2ms materialLookupMs=2ms saveMs=19ms workOrderLookupMs=1ms barcode=1020260300621H24XX7M1A2F2 isFromDevice=false hasWorkOrder=true buildCalls=11 buildMaxDepth=2 processNodeCount=92
2026-03-25T13:29:24: [MPF][perf][trace][#20939] createFlowByMaterialCode 67ms active=1->0
2026-03-25T13:29:25: [API] 设备条码初始化 - 请求参数: { barcode: '1020260300621H24XX7M1A1J1', machineIp: '192.168.35.33' }
2026-03-25T13:29:25: [MPF][perf][trace][#20952] initializeMachineBarcode 7ms active=1->0
2026-03-25T13:29:25: [API] 工序子物料批量扫码提交 - 请求参数: {
  mainBarcode: '1020260300621H24XX7M1A2F2',
  processStepId: '69be073ec78e4e58af18a0bd',
  componentScans: [],
  userId: '67b810085cd22d7b23a52873',
  lineId: '67582bc0eebf2a4b34951ef6'
}
2026-03-25T13:29:25: [MPF][perf][trace][#20954] markMaterialBarcodeBatchesUsed 0ms active=2->1
2026-03-25T13:29:25: 🔗 调用工单处理服务: http://localhost:2228/api/workorder/update-quantity {
  workOrderId: new ObjectId("69be02d8040d00d4bb253f37"),
  type: 'input',
  quantity: 1
}
2026-03-25T13:29:25: ✅ 工单处理服务响应: {
  success: true,
  jobId: '69be02d8040d00d4bb253f37_input_1774416565057',
  queueLength: 0
}
2026-03-25T13:29:25: [MPF][perf][trace][#20955] updateWorkOrderQuantity 5ms active=2->1
2026-03-25T13:29:25: [MPF][perf][trace][#20956] preloadMaterialsByIds 0ms active=2->1
2026-03-25T13:29:25: [API] 设备条码初始化 - 请求参数: { barcode: 'YDC-BL0532-1-202603240449', machineIp: '192.168.26.36' }
2026-03-25T13:29:25: [MPF][perf][trace][#20957] initializeMachineBarcode 2ms active=2->2
2026-03-25T13:29:25: [MPF][perf][trace][#20959] validateDICode 2ms active=3->2
2026-03-25T13:29:25: [MPF][perf][trace][#20958] validateBarcodeWithMaterial 5ms active=3->1
2026-03-25T13:29:25: [MPF][perf][trace][#20960] persistFlowRecordPatch 5ms active=2->1
2026-03-25T13:29:25: [MPF][perf][trace][#20961] fixFlowProgress 26ms active=2->1
2026-03-25T13:29:25: [MPF][perf][trace][#20953] scanProcessComponents 88ms active=1->0
2026-03-25T13:29:25: [MPF][perf][trace][#20963] markMaterialBarcodeBatchesUsed 0ms active=2->1
2026-03-25T13:29:25: [MPF][perf][trace][#20964] preloadMaterialsByIds 0ms active=2->1
2026-03-25T13:29:25: [MPF][perf][trace][#20966] validateDICode 3ms active=3->2
2026-03-25T13:29:25: [MPF][perf][trace][#20965] validateBarcodeWithMaterial 3ms active=2->1
2026-03-25T13:29:25: [MPF][perf][trace][#20967] persistFlowRecordPatch 2ms active=2->1
2026-03-25T13:29:25: [MPF][perf][trace][#20962] scanProcessComponents 10ms active=1->0
2026-03-25T13:29:25: [API] 设备条码初始化 - 请求参数: { barcode: '1020260300621H24XX7M1A1H7', machineIp: '192.168.35.31' }
2026-03-25T13:29:25: [MPF][perf][trace][#20968] initializeMachineBarcode 7ms active=1->0
2026-03-25T13:29:28: [API] 工序子物料批量扫码提交 - 请求参数: {
  mainBarcode: '1020260300621H24XX7M1A2A6',
  processStepId: '69be073ea816dbe2ecd5a6ba',
  componentScans: [
    {
      materialId: '6757a56f354604091e7be893',
      barcode: '102250-117290010703-20260309-67050'
    }
  ],
  userId: '67b810085cd22d7b23a52873',
  lineId: '67582bc0eebf2a4b34951ef6'
}
2026-03-25T13:29:28: 🔒 成功获取关键物料条码锁: 102250-117290010703-20260309-67050 (主条码: 1020260300621H24XX7M1A2A6)
2026-03-25T13:29:28: [MPF][perf][trace][#20970] markMaterialBarcodeBatchesUsed 1ms active=2->1
2026-03-25T13:29:28: [MPF][perf][trace][#20971] preloadMaterialsByIds 1ms active=2->1
2026-03-25T13:29:28: [MPF][perf][trace][#20973] validateDICode 2ms active=3->2
2026-03-25T13:29:28: [MPF][perf][trace][#20972] validateBarcodeWithMaterial 3ms active=2->1
2026-03-25T13:29:28: [MPF][perf][trace][#20975] validateDICode 1ms active=3->2
2026-03-25T13:29:28: [MPF][perf][trace][#20974] validateBarcodeWithMaterial 3ms active=2->1
2026-03-25T13:29:28: [MPF][perf][trace][#20976] persistFlowRecordPatch 4ms active=2->1
2026-03-25T13:29:28: 🔓 成功释放关键物料条码锁: 102250-117290010703-20260309-67050 (主条码: 1020260300621H24XX7M1A2A6)
2026-03-25T13:29:28: [MPF][perf][trace][#20969] scanProcessComponents 59ms active=1->0
2026-03-25T13:29:28: [API] 设备条码初始化 - 请求参数: { barcode: '1020260300621H24XX7M1A1H9', machineIp: '192.168.35.32' }
2026-03-25T13:29:28: [MPF][perf][trace][#20977] initializeMachineBarcode 8ms active=1->0
2026-03-25T13:29:29: [API] 创建流程记录 - 请求参数: {
  mainMaterialId: '6757a138354604091e7a6199',
  materialCode: '411001B050102',
  barcode: 'YDC-BL0532-1-202603240493',
  productLineId: '689f00a8420fcf4cebef183f',
  productLineName: '旧风筒老化线'
}
2026-03-25T13:29:29: [MPF][perf][trace][#20980] buildProcessNodes 3ms active=2->1
2026-03-25T13:29:29: [MPF][perf][detail][#20979] buildProcessNodes totalMs=8ms materialBatchLookupMs=1ms processMaterialsQueryMs=1ms processStepQueryMs=1ms recursionMs=0ms rootMaterialLookupMs=0ms slowestCallMs=3ms subCraftLookupMs=1ms calls=1 maxDepth=0 leafCount=0 cycleHits=0 totalNodes=5 slowestDepth=0 slowestMaterialId=6757a138354604091e7a6199
2026-03-25T13:29:29: [MPF][perf][detail][#20979] createFlowByMaterialCode totalMs=8ms buildNodesMs=3ms craftLookupMs=2ms materialLookupMs=2ms saveMs=2ms workOrderLookupMs=2ms barcode=YDC-BL0532-1-202603240493 isFromDevice=false hasWorkOrder=false buildCalls=1 buildMaxDepth=0 processNodeCount=5
2026-03-25T13:29:29: [MPF][perf][trace][#20978] createFlowByMaterialCode 9ms active=1->0
2026-03-25T13:29:29: [API] 工序子物料批量扫码提交 - 请求参数: {
  mainBarcode: 'YDC-BL0532-1-202603240493',
  processStepId: '6881c85813c284ba0497a32c',
  componentScans: [],
  userId: '68a53b8eeae8df7d8877c7e5',
  lineId: '689f00a8420fcf4cebef183f'
}
2026-03-25T13:29:29: [MPF][perf][trace][#20982] markMaterialBarcodeBatchesUsed 0ms active=2->1
2026-03-25T13:29:29: [MPF][perf][trace][#20983] preloadMaterialsByIds 0ms active=2->1
2026-03-25T13:29:29: [MPF][perf][trace][#20985] validateDICode 3ms active=3->2
2026-03-25T13:29:29: [MPF][perf][trace][#20984] validateBarcodeWithMaterial 3ms active=2->1
2026-03-25T13:29:29: [MPF][perf][trace][#20986] persistFlowRecordPatch 2ms active=2->1
2026-03-25T13:29:29: [MPF][perf][trace][#20987] fixFlowProgress 4ms active=2->1
2026-03-25T13:29:29: [MPF][perf][trace][#20981] scanProcessComponents 15ms active=1->0
2026-03-25T13:29:30: [API] 设备条码初始化 - 请求参数: { barcode: 'YDC-BL0532-1-202603240448', machineIp: '192.168.26.36' }
2026-03-25T13:29:30: [MPF][perf][trace][#20988] initializeMachineBarcode 2ms active=1->0
2026-03-25T13:29:31: [API] 创建流程记录 - 请求参数: {
  mainMaterialId: '6757a138354604091e7a6199',
  materialCode: '411001B050102',
  barcode: 'YDC-BL0532-1-202603240498',
  productLineId: '689f00a8420fcf4cebef183f',
  productLineName: '旧风筒老化线'
}
2026-03-25T13:29:31: [MPF][perf][trace][#20991] buildProcessNodes 3ms active=2->1
2026-03-25T13:29:31: [MPF][perf][detail][#20990] buildProcessNodes totalMs=9ms materialBatchLookupMs=1ms processMaterialsQueryMs=1ms processStepQueryMs=1ms recursionMs=0ms rootMaterialLookupMs=0ms slowestCallMs=3ms subCraftLookupMs=1ms calls=1 maxDepth=0 leafCount=0 cycleHits=0 totalNodes=5 slowestDepth=0 slowestMaterialId=6757a138354604091e7a6199
2026-03-25T13:29:31: [MPF][perf][detail][#20990] createFlowByMaterialCode totalMs=9ms buildNodesMs=3ms craftLookupMs=1ms materialLookupMs=2ms saveMs=2ms workOrderLookupMs=1ms barcode=YDC-BL0532-1-202603240498 isFromDevice=false hasWorkOrder=false buildCalls=1 buildMaxDepth=0 processNodeCount=5
2026-03-25T13:29:31: [MPF][perf][trace][#20989] createFlowByMaterialCode 9ms active=1->0
2026-03-25T13:29:31: [API] 工序子物料批量扫码提交 - 请求参数: {
  mainBarcode: 'YDC-BL0532-1-202603240498',
  processStepId: '6881c85813c284ba0497a32c',
  componentScans: [],
  userId: '68a53b8eeae8df7d8877c7e5',
  lineId: '689f00a8420fcf4cebef183f'
}
2026-03-25T13:29:31: [MPF][perf][trace][#20993] markMaterialBarcodeBatchesUsed 0ms active=2->1
2026-03-25T13:29:31: [MPF][perf][trace][#20994] preloadMaterialsByIds 0ms active=2->1
2026-03-25T13:29:31: [MPF][perf][trace][#20996] validateDICode 3ms active=3->2
2026-03-25T13:29:31: [MPF][perf][trace][#20995] validateBarcodeWithMaterial 3ms active=2->1
2026-03-25T13:29:31: [MPF][perf][trace][#20997] persistFlowRecordPatch 1ms active=2->1
2026-03-25T13:29:31: [MPF][perf][trace][#20998] fixFlowProgress 4ms active=2->1
2026-03-25T13:29:31: [MPF][perf][trace][#20992] scanProcessComponents 15ms active=1->0
2026-03-25T13:29:32: 🚀 托盘条码处理 - 队列模式: P2306M57VEU0279126
2026-03-25T13:29:32: 开始托盘条码异步处理: P2306M57VEU0279126, 产线: 德昌追觅C线包装
2026-03-25T13:29:32: 添加托盘处理任务到队列: 条码=P2306M57VEU0279126, 产线=德昌追觅C线包装
2026-03-25T13:29:32: 托盘处理任务已添加到队列: JobId=pallet_P2306M57VEU0279126_1774416572319_vyf32h, 条码=P2306M57VEU0279126
2026-03-25T13:29:32: 托盘条码异步处理任务已提交: P2306M57VEU0279126, JobId: pallet_P2306M57VEU0279126_1774416572319_vyf32h
2026-03-25T13:29:32: [API] 创建流程记录 - 请求参数: {
  mainMaterialId: '67c74dc1ec33d3a13e3b9736',
  materialCode: '1313102302',
  barcode: 'FW300XXXH17XL309Z0R000047QA57QA5',
  productLineId: '6785024f34bd0b84f8bc8682',
  productLineName: '遥控器一线'
}
2026-03-25T13:29:32: [MPF][perf][trace][#21002] buildProcessNodes 4ms active=3->2
2026-03-25T13:29:32: [MPF][perf][trace][#21001] buildProcessNodes 7ms active=2->1
2026-03-25T13:29:32: [MPF][perf][detail][#21000] buildProcessNodes totalMs=17ms materialBatchLookupMs=3ms processMaterialsQueryMs=1ms processStepQueryMs=3ms recursionMs=4ms rootMaterialLookupMs=0ms slowestCallMs=7ms subCraftLookupMs=2ms calls=2 maxDepth=1 leafCount=0 cycleHits=0 totalNodes=35 slowestDepth=0 slowestMaterialId=67c74dc1ec33d3a13e3b9736
2026-03-25T13:29:32: [MPF][perf][detail][#21000] createFlowByMaterialCode totalMs=17ms buildNodesMs=7ms craftLookupMs=1ms materialLookupMs=1ms saveMs=6ms workOrderLookupMs=1ms barcode=FW300XXXH17XL309Z0R000047QA57QA5 isFromDevice=false hasWorkOrder=false buildCalls=2 buildMaxDepth=1 processNodeCount=20
2026-03-25T13:29:32: [MPF][perf][trace][#20999] createFlowByMaterialCode 17ms active=1->0
2026-03-25T13:29:32: [API] 工序子物料批量扫码提交 - 请求参数: {
  mainBarcode: 'FW300XXXH17XL309Z0R000047QA57QA5',
  processStepId: '684cc7feb24e29e1ffae069d',
  componentScans: [
    {
      materialId: '675ac74d354604091e8102ab',
      barcode: '1313102051-260313083359'
    }
  ],
  userId: '6784ef7553a924ac79a1ff42',
  lineId: '6785024f34bd0b84f8bc8682'
}
2026-03-25T13:29:32: 开始验证物料 1313102051 的工序节点兼容性
2026-03-25T13:29:32: 主物料中绑定节点的子节点数量: 14
2026-03-25T13:29:32: 子物料中非根节点数量: 14
2026-03-25T13:29:32: 主物料子树根节点数量: 1
2026-03-25T13:29:32: 子物料树根节点数量: 1
2026-03-25T13:29:32: 验证完成，发现 0 个错误
2026-03-25T13:29:32: [MPF][perf][trace][#21004] matchAndUpdateNodesRecursively 1ms active=2->1
2026-03-25T13:29:32: [MPF][perf][trace][#21005] markMaterialBarcodeBatchesUsed 1ms active=2->1
2026-03-25T13:29:32: [MPF][perf][trace][#21006] preloadMaterialsByIds 1ms active=2->1
2026-03-25T13:29:32: [MPF][perf][trace][#21007] validateBarcodeWithMaterial 3ms active=2->1
2026-03-25T13:29:32: [MPF][perf][trace][#21009] validateDICode 7ms active=3->2
2026-03-25T13:29:32: [MPF][perf][trace][#21008] validateBarcodeWithMaterial 7ms active=2->1
2026-03-25T13:29:32: [MPF][perf][trace][#21010] persistFlowRecordPatch 4ms active=2->1
2026-03-25T13:29:32: [MPF][perf][trace][#21011] fixFlowProgress 7ms active=2->1
2026-03-25T13:29:32: [MPF][perf][trace][#21003] scanProcessComponents 50ms active=1->0
2026-03-25T13:29:32: [API] 设备条码初始化 - 请求参数: {
  barcode: 'FW3001595026X7HZ82AC0432603150208900026010028743',
  machineIp: '192.168.35.34'
}
2026-03-25T13:29:32: [MPF][perf][trace][#21012] initializeMachineBarcode 2ms active=1->0
2026-03-25T13:29:32: [API] 工序子物料批量扫码提交 - 请求参数: {
  mainBarcode: '1020260300621H24XX7M1A1F8',
  processStepId: '69be073e902e0a67bd505a7a',
  componentScans: [],
  userId: '67b810085cd22d7b23a52873',
  lineId: '67582bc0eebf2a4b34951ef6'
}
2026-03-25T13:29:32: [MPF][perf][trace][#21014] markMaterialBarcodeBatchesUsed 0ms active=2->1
2026-03-25T13:29:32: [MPF][perf][trace][#21015] preloadMaterialsByIds 0ms active=2->1
2026-03-25T13:29:32: [MPF][perf][trace][#21019] markMaterialBarcodeBatchesUsed 0ms active=5->4
2026-03-25T13:29:32: [MPF][perf][trace][#21020] preloadMaterialsByIds 0ms active=5->4
2026-03-25T13:29:32: [MPF][perf][trace][#21018] validateDICode 4ms active=4->4
2026-03-25T13:29:32: [MPF][perf][trace][#21016] validateBarcodeWithMaterial 5ms active=2->3
2026-03-25T13:29:32: [MPF][perf][trace][#21022] persistFlowRecordPatch 6ms active=4->4
2026-03-25T13:29:32: [MPF][perf][trace][#21023] validateDICode 2ms active=5->3
2026-03-25T13:29:32: [MPF][perf][trace][#21021] validateBarcodeWithMaterial 7ms active=5->2
2026-03-25T13:29:32: [MPF][perf][trace][#21013] scanProcessComponents 65ms active=1->2
2026-03-25T13:29:32: [MPF][perf][trace][#21024] persistFlowRecordPatch 8ms active=3->1
2026-03-25T13:29:32: [MPF][perf][trace][#21017] scanProcessComponents 21ms active=3->0
2026-03-25T13:29:32: 🚀 托盘条码处理 - 队列模式: P2306M57UEU1819126
2026-03-25T13:29:32: 开始托盘条码异步处理: P2306M57UEU1819126, 产线: 德昌追觅C线包装
2026-03-25T13:29:32: 添加托盘处理任务到队列: 条码=P2306M57UEU1819126, 产线=德昌追觅C线包装
2026-03-25T13:29:32: 托盘处理任务已添加到队列: JobId=pallet_P2306M57UEU1819126_1774416572909_8pd85i, 条码=P2306M57UEU1819126
2026-03-25T13:29:32: 🎯 开始处理托盘任务: pallet_P2306M57UEU1819126_1774416572909_8pd85i, 条码: P2306M57UEU1819126, 产线: 德昌追觅C线包装, Worker: worker_28792_1774416572911_3pap4d
2026-03-25T13:29:32: 🔐 尝试获取托盘锁: P2306M57UEU1819126
2026-03-25T13:29:32: 🔒 托盘锁已获取: P2306M57UEU1819126 by worker_28792_1774416572911_3pap4d
2026-03-25T13:29:32: 开始处理托盘条码（简化版本）: P2306M57UEU1819126, 盒条码: 1001998512121897, 来自维修台: false
2026-03-25T13:29:32: 托盘条码异步处理任务已提交: P2306M57UEU1819126, JobId: pallet_P2306M57UEU1819126_1774416572909_8pd85i
2026-03-25T13:29:32: 使用托盘: YDC-SN-1774416187642
2026-03-25T13:29:32: 开始触发工序完成: P2306M57UEU1819126, 托盘编号: YDC-SN-1774416187642
2026-03-25T13:29:32: flowRecord.progress 100
2026-03-25T13:29:32: processPosition.isLast true
2026-03-25T13:29:32: 🔗 调用工单处理服务: http://localhost:2228/api/workorder/update-quantity {
  workOrderId: new ObjectId("68744d51deb41f5b58c474b5"),
  type: 'output',
  quantity: 1
}
2026-03-25T13:29:32: ✅ 工单处理服务响应: {
  success: true,
  jobId: '68744d51deb41f5b58c474b5_output_1774416572939',
  queueLength: 0
}
2026-03-25T13:29:32: [MPF][perf][trace][#21026] updateWorkOrderQuantity 4ms active=2->1
2026-03-25T13:29:32: 条码 P2306M57UEU1819126 首次完成生产，产出量+1
2026-03-25T13:29:32: [MPF][perf][trace][#21027] persistFlowRecordPatch 2ms active=2->1
2026-03-25T13:29:32: [MPF][perf][trace][#21025] scanBatchDocument 12ms active=1->0
2026-03-25T13:29:32: 条码 P2306M57UEU1819126 工序完成触发成功
2026-03-25T13:29:32: 工序绑定和托盘入托完成，条码 P2306M57UEU1819126 处理成功
2026-03-25T13:29:32: ✅ 托盘处理任务完成: pallet_P2306M57UEU1819126_1774416572909_8pd85i, 条码: P2306M57UEU1819126, 耗时: 38ms, Worker: worker_28792_1774416572911_3pap4d
2026-03-25T13:29:32: 📈 托盘队列任务进度: pallet_P2306M57UEU1819126_1774416572909_8pd85i - 100%
2026-03-25T13:29:32: 🔓 托盘锁已释放: P2306M57UEU1819126 by worker_28792_1774416572911_3pap4d
2026-03-25T13:29:32: ✅ 托盘队列任务完成: pallet_P2306M57UEU1819126_1774416572909_8pd85i {
  mainBarcode: 'P2306M57UEU1819126',
  palletCode: 'YDC-SN-1774416187642',
  duration: 38
}
2026-03-25T13:29:33: [API] 设备条码初始化 - 请求参数: {
  barcode: 'FW3001595026X7HZ82AC0432603150165200026010028743',
  machineIp: '192.168.35.34'
}
2026-03-25T13:29:33: [MPF][perf][trace][#21030] validateDICode 2ms active=3->2
2026-03-25T13:29:33: [MPF][perf][trace][#21029] validateBarcodeWithMaterial 2ms active=2->1
2026-03-25T13:29:33: [MPF][perf][trace][#21033] buildProcessNodes 2ms active=3->2
2026-03-25T13:29:33: [MPF][perf][detail][#21032] buildProcessNodes totalMs=7ms materialBatchLookupMs=1ms processMaterialsQueryMs=0ms processStepQueryMs=1ms recursionMs=0ms rootMaterialLookupMs=0ms slowestCallMs=2ms subCraftLookupMs=1ms calls=1 maxDepth=0 leafCount=0 cycleHits=0 totalNodes=2 slowestDepth=0 slowestMaterialId=689e16129e542955670237ee
2026-03-25T13:29:33: [MPF][perf][detail][#21032] createFlowByMaterialCode totalMs=7ms buildNodesMs=3ms craftLookupMs=2ms materialLookupMs=1ms saveMs=2ms workOrderLookupMs=2ms barcode=FW3001595026X7HZ82AC0432603150165200026010028743 isFromDevice=false hasWorkOrder=false buildCalls=1 buildMaxDepth=0 processNodeCount=2
2026-03-25T13:29:33: [MPF][perf][trace][#21031] createFlowByMaterialCode 7ms active=2->1
2026-03-25T13:29:33: [MPF][perf][trace][#21028] initializeMachineBarcode 15ms active=1->0
2026-03-25T13:29:33: 🚀 托盘条码处理 - 队列模式: P2306M57UEU1843126
2026-03-25T13:29:33: 开始托盘条码异步处理: P2306M57UEU1843126, 产线: 德昌追觅C线包装
2026-03-25T13:29:33: 添加托盘处理任务到队列: 条码=P2306M57UEU1843126, 产线=德昌追觅C线包装
2026-03-25T13:29:33: 托盘处理任务已添加到队列: JobId=pallet_P2306M57UEU1843126_1774416573497_2oecg0, 条码=P2306M57UEU1843126
2026-03-25T13:29:33: 托盘条码异步处理任务已提交: P2306M57UEU1843126, JobId: pallet_P2306M57UEU1843126_1774416573497_2oecg0
2026-03-25T13:29:34: 🚀 托盘条码处理 - 队列模式: P2306M57UEU1995126
2026-03-25T13:29:34: 开始托盘条码异步处理: P2306M57UEU1995126, 产线: 德昌追觅C线包装
2026-03-25T13:29:34: 添加托盘处理任务到队列: 条码=P2306M57UEU1995126, 产线=德昌追觅C线包装
2026-03-25T13:29:34: 托盘处理任务已添加到队列: JobId=pallet_P2306M57UEU1995126_1774416574077_d8agvd, 条码=P2306M57UEU1995126
2026-03-25T13:29:34: 托盘条码异步处理任务已提交: P2306M57UEU1995126, JobId: pallet_P2306M57UEU1995126_1774416574077_d8agvd
2026-03-25T13:29:34: 🚀 托盘条码处理 - 队列模式: P2306M57UEU1931126
2026-03-25T13:29:34: 开始托盘条码异步处理: P2306M57UEU1931126, 产线: 德昌追觅C线包装
2026-03-25T13:29:34: 添加托盘处理任务到队列: 条码=P2306M57UEU1931126, 产线=德昌追觅C线包装
2026-03-25T13:29:34: 托盘处理任务已添加到队列: JobId=pallet_P2306M57UEU1931126_1774416574660_qmka7a, 条码=P2306M57UEU1931126
2026-03-25T13:29:34: 托盘条码异步处理任务已提交: P2306M57UEU1931126, JobId: pallet_P2306M57UEU1931126_1774416574660_qmka7a
2026-03-25T13:29:34: [API] 创建流程记录 - 请求参数: {
  mainMaterialId: '6757a138354604091e7a6199',
  materialCode: '411001B050102',
  barcode: 'YDC-BL0532-1-202603240497',
  productLineId: '689f00a8420fcf4cebef183f',
  productLineName: '旧风筒老化线'
}
2026-03-25T13:29:34: [MPF][perf][trace][#21036] buildProcessNodes 3ms active=2->1
2026-03-25T13:29:34: [MPF][perf][detail][#21035] buildProcessNodes totalMs=8ms materialBatchLookupMs=1ms processMaterialsQueryMs=1ms processStepQueryMs=1ms recursionMs=0ms rootMaterialLookupMs=0ms slowestCallMs=3ms subCraftLookupMs=1ms calls=1 maxDepth=0 leafCount=0 cycleHits=0 totalNodes=5 slowestDepth=0 slowestMaterialId=6757a138354604091e7a6199
2026-03-25T13:29:34: [MPF][perf][detail][#21035] createFlowByMaterialCode totalMs=8ms buildNodesMs=3ms craftLookupMs=1ms materialLookupMs=2ms saveMs=2ms workOrderLookupMs=1ms barcode=YDC-BL0532-1-202603240497 isFromDevice=false hasWorkOrder=false buildCalls=1 buildMaxDepth=0 processNodeCount=5
2026-03-25T13:29:34: [MPF][perf][trace][#21034] createFlowByMaterialCode 8ms active=1->0
2026-03-25T13:29:34: [API] 工序子物料批量扫码提交 - 请求参数: {
  mainBarcode: 'YDC-BL0532-1-202603240497',
  processStepId: '6881c85813c284ba0497a32c',
  componentScans: [],
  userId: '68a53b8eeae8df7d8877c7e5',
  lineId: '689f00a8420fcf4cebef183f'
}
2026-03-25T13:29:34: [MPF][perf][trace][#21038] markMaterialBarcodeBatchesUsed 0ms active=2->1
2026-03-25T13:29:34: [MPF][perf][trace][#21039] preloadMaterialsByIds 0ms active=2->1
2026-03-25T13:29:34: [MPF][perf][trace][#21041] validateDICode 3ms active=3->2
2026-03-25T13:29:34: [MPF][perf][trace][#21040] validateBarcodeWithMaterial 4ms active=2->1
2026-03-25T13:29:34: [MPF][perf][trace][#21042] persistFlowRecordPatch 1ms active=2->1
2026-03-25T13:29:34: [MPF][perf][trace][#21043] fixFlowProgress 4ms active=2->1
2026-03-25T13:29:34: [MPF][perf][trace][#21037] scanProcessComponents 16ms active=1->0
2026-03-25T13:29:35: 🚀 托盘条码处理 - 队列模式: P2306M57UEU1061126
2026-03-25T13:29:35: 开始托盘条码异步处理: P2306M57UEU1061126, 产线: 德昌追觅C线包装
2026-03-25T13:29:35: 添加托盘处理任务到队列: 条码=P2306M57UEU1061126, 产线=德昌追觅C线包装
2026-03-25T13:29:35: 托盘处理任务已添加到队列: JobId=pallet_P2306M57UEU1061126_1774416575240_a7ex2l, 条码=P2306M57UEU1061126
2026-03-25T13:29:35: 托盘条码异步处理任务已提交: P2306M57UEU1061126, JobId: pallet_P2306M57UEU1061126_1774416575240_a7ex2l
2026-03-25T13:29:35: [API] 设备条码初始化 - 请求参数: { barcode: '1020260300621H24XX7M1A1H4', machineIp: '192.168.35.31' }
2026-03-25T13:29:35: [MPF][perf][trace][#21044] initializeMachineBarcode 8ms active=1->0
2026-03-25T13:29:35: [MPF][perf][trace][#21046] markMaterialBarcodeBatchesUsed 0ms active=2->1
2026-03-25T13:29:35: [MPF][perf][trace][#21047] preloadMaterialsByIds 0ms active=2->1
2026-03-25T13:29:35: [MPF][perf][trace][#21049] validateDICode 2ms active=3->2
2026-03-25T13:29:35: [MPF][perf][trace][#21048] validateBarcodeWithMaterial 2ms active=2->1
2026-03-25T13:29:35: [MPF][perf][trace][#21050] persistFlowRecordPatch 5ms active=2->1
2026-03-25T13:29:35: [MPF][perf][trace][#21045] scanProcessComponents 59ms active=1->0
2026-03-25T13:29:35: 🚀 托盘条码处理 - 队列模式: P2306M57UEU1019126
2026-03-25T13:29:35: 开始托盘条码异步处理: P2306M57UEU1019126, 产线: 德昌追觅C线包装
2026-03-25T13:29:35: 添加托盘处理任务到队列: 条码=P2306M57UEU1019126, 产线=德昌追觅C线包装
2026-03-25T13:29:35: 托盘处理任务已添加到队列: JobId=pallet_P2306M57UEU1019126_1774416575825_nhtnoy, 条码=P2306M57UEU1019126
2026-03-25T13:29:35: 托盘条码异步处理任务已提交: P2306M57UEU1019126, JobId: pallet_P2306M57UEU1019126_1774416575825_nhtnoy
2026-03-25T13:29:36: 🚀 托盘条码处理 - 队列模式: P2306M57UEU1226126
2026-03-25T13:29:36: 开始托盘条码异步处理: P2306M57UEU1226126, 产线: 德昌追觅C线包装
2026-03-25T13:29:36: 添加托盘处理任务到队列: 条码=P2306M57UEU1226126, 产线=德昌追觅C线包装
2026-03-25T13:29:36: 托盘处理任务已添加到队列: JobId=pallet_P2306M57UEU1226126_1774416576409_fm10dx, 条码=P2306M57UEU1226126
2026-03-25T13:29:36: 托盘条码异步处理任务已提交: P2306M57UEU1226126, JobId: pallet_P2306M57UEU1226126_1774416576409_fm10dx
2026-03-25T13:29:37: [API] 创建流程记录 - 请求参数: {
  mainMaterialId: '6757a138354604091e7a6199',
  materialCode: '411001B050102',
  barcode: 'YDC-BL0532-1-202603240496',
  productLineId: '689f00a8420fcf4cebef183f',
  productLineName: '旧风筒老化线'
}
2026-03-25T13:29:37: [MPF][perf][trace][#21053] buildProcessNodes 3ms active=2->1
2026-03-25T13:29:37: [MPF][perf][detail][#21052] buildProcessNodes totalMs=8ms materialBatchLookupMs=1ms processMaterialsQueryMs=1ms processStepQueryMs=1ms recursionMs=0ms rootMaterialLookupMs=0ms slowestCallMs=3ms subCraftLookupMs=1ms calls=1 maxDepth=0 leafCount=0 cycleHits=0 totalNodes=5 slowestDepth=0 slowestMaterialId=6757a138354604091e7a6199
2026-03-25T13:29:37: [MPF][perf][detail][#21052] createFlowByMaterialCode totalMs=8ms buildNodesMs=3ms craftLookupMs=2ms materialLookupMs=2ms saveMs=2ms workOrderLookupMs=2ms barcode=YDC-BL0532-1-202603240496 isFromDevice=false hasWorkOrder=false buildCalls=1 buildMaxDepth=0 processNodeCount=5
2026-03-25T13:29:37: [MPF][perf][trace][#21051] createFlowByMaterialCode 8ms active=1->0
2026-03-25T13:29:37: [API] 工序子物料批量扫码提交 - 请求参数: {
  mainBarcode: '1020260300621H24XX7M1A1R6',
  processStepId: '69be073e29e3587154b01049',
  componentScans: [
    {
      materialId: '689e16129e542955670237ef',
      barcode: '1313102513-260324083757'
    }
  ],
  userId: '67b810085cd22d7b23a52873',
  lineId: '67582bc0eebf2a4b34951ef6'
}
2026-03-25T13:29:37: 开始验证物料 1313102513 的工序节点兼容性
2026-03-25T13:29:37: 主物料中绑定节点的子节点数量: 5
2026-03-25T13:29:37: 子物料中非根节点数量: 5
2026-03-25T13:29:37: 主物料子树根节点数量: 1
2026-03-25T13:29:37: 子物料树根节点数量: 1
2026-03-25T13:29:37: 验证完成，发现 0 个错误
2026-03-25T13:29:37: [MPF][perf][trace][#21055] matchAndUpdateNodesRecursively 1ms active=2->1
2026-03-25T13:29:37: [MPF][perf][trace][#21056] markMaterialBarcodeBatchesUsed 1ms active=2->1
2026-03-25T13:29:37: [MPF][perf][trace][#21057] preloadMaterialsByIds 1ms active=2->1
2026-03-25T13:29:37: [MPF][perf][trace][#21058] validateBarcodeWithMaterial 2ms active=2->1
2026-03-25T13:29:37: [API] 工序子物料批量扫码提交 - 请求参数: {
  mainBarcode: 'YDC-BL0532-1-202603240496',
  processStepId: '6881c85813c284ba0497a32c',
  componentScans: [],
  userId: '68a53b8eeae8df7d8877c7e5',
  lineId: '689f00a8420fcf4cebef183f'
}
2026-03-25T13:29:37: [MPF][perf][trace][#21061] markMaterialBarcodeBatchesUsed 0ms active=4->3
2026-03-25T13:29:37: [MPF][perf][trace][#21062] preloadMaterialsByIds 0ms active=4->3
2026-03-25T13:29:37: [MPF][perf][trace][#21063] validateDICode 4ms active=4->5
2026-03-25T13:29:37: [MPF][perf][trace][#21060] validateBarcodeWithMaterial 9ms active=3->4
2026-03-25T13:29:37: [MPF][perf][trace][#21066] persistFlowRecordPatch 13ms active=5->4
2026-03-25T13:29:37: [MPF][perf][trace][#21065] validateDICode 17ms active=6->3
2026-03-25T13:29:37: [MPF][perf][trace][#21064] validateBarcodeWithMaterial 18ms active=5->2
2026-03-25T13:29:37: [MPF][perf][trace][#21054] scanProcessComponents 86ms active=1->2
2026-03-25T13:29:37: [MPF][perf][trace][#21067] persistFlowRecordPatch 6ms active=3->1
2026-03-25T13:29:37: [MPF][perf][trace][#21068] fixFlowProgress 8ms active=2->1
2026-03-25T13:29:37: [MPF][perf][trace][#21059] scanProcessComponents 41ms active=2->0
2026-03-25T13:29:37: [API] 设备条码初始化 - 请求参数: { barcode: 'H16XX751H6H0F', machineIp: '4' }
2026-03-25T13:29:37: 🗑️ 已清除物料 68811511150d569dae4a93b6 的条码规则缓存
2026-03-25T13:29:37: [MPF][perf][trace][#21070] validateBarcodeWithMaterial 6ms active=2->1
2026-03-25T13:29:37: 初始化设备条码失败: Error: 条码不符合任何已配置的规则或物料不匹配
    at Function.initializeMachineBarcode (D:\zrMes\dcMes_server\services\materialProcessFlowService.js:4965:15)
    at runMicrotasks (<anonymous>)
    at processTicksAndRejections (internal/process/task_queues.js:93:5)
    at async Function.wrappedMethod (D:\zrMes\dcMes_server\services\materialProcessFlowService.js:162:16)
    at async D:\zrMes\dcMes_server\routes\materialProcessFlowService.js:352:20
2026-03-25T13:29:37: [MPF][perf][error][#21069] initializeMachineBarcode 11ms active=1->0 msg=条码不符合任何已配置的规则或物料不匹配
2026-03-25T13:29:38: [API] 设备条码初始化 - 请求参数: { barcode: '1020260300621H24XX7M1A4U7', machineIp: '1' }
2026-03-25T13:29:38: [MPF][perf][trace][#21071] initializeMachineBarcode 8ms active=1->0
2026-03-25T13:29:39: 🚀 托盘条码处理 - 队列模式: 1020260300621H24XX7M1A1A4
2026-03-25T13:29:39: 开始托盘条码异步处理: 1020260300621H24XX7M1A1A4, 产线: 面罩主机1号线
2026-03-25T13:29:39: 添加托盘处理任务到队列: 条码=1020260300621H24XX7M1A1A4, 产线=面罩主机1号线
2026-03-25T13:29:39: 托盘处理任务已添加到队列: JobId=pallet_1020260300621H24XX7M1A1A4_1774416579794_m9oe40, 条码=1020260300621H24XX7M1A1A4
2026-03-25T13:29:39: 托盘条码异步处理任务已提交: 1020260300621H24XX7M1A1A4, JobId: pallet_1020260300621H24XX7M1A1A4_1774416579794_m9oe40
2026-03-25T13:29:39: [API] 设备条码初始化 - 请求参数: { barcode: '1020260300621H24XX7M1A1J3', machineIp: '192.168.35.30' }
2026-03-25T13:29:39: [MPF][perf][trace][#21072] initializeMachineBarcode 7ms active=1->0
2026-03-25T13:29:40: 🔒 成功获取关键物料条码锁: FW300XXXH19XL309Z1U600047QA57QA5 (主条码: 1020260300621H24XX7M1A1J3)
2026-03-25T13:29:40: 🔒 成功获取关键物料条码锁: FW300XXX1459019X320L30826011008086 (主条码: 1020260300621H24XX7M1A1J3)
2026-03-25T13:29:40: 开始验证物料 1313102302 的工序节点兼容性
2026-03-25T13:29:40: 主物料中绑定节点的子节点数量: 18
2026-03-25T13:29:40: 子物料中非根节点数量: 19
2026-03-25T13:29:40: 主物料子树根节点数量: 3
2026-03-25T13:29:40: 子物料树根节点数量: 3
2026-03-25T13:29:40: 验证完成，发现 0 个错误
2026-03-25T13:29:40: [MPF][perf][trace][#21074] matchAndUpdateNodesRecursively 2ms active=2->1
2026-03-25T13:29:40: [MPF][perf][trace][#21075] markMaterialBarcodeBatchesUsed 1ms active=2->1
2026-03-25T13:29:40: [MPF][perf][trace][#21076] preloadMaterialsByIds 1ms active=2->1
2026-03-25T13:29:40: [MPF][perf][trace][#21079] validateDICode 8ms active=4->4
2026-03-25T13:29:40: [MPF][perf][trace][#21077] validateBarcodeWithMaterial 9ms active=2->3
2026-03-25T13:29:40: [MPF][perf][trace][#21080] validateDICode 12ms active=5->2
2026-03-25T13:29:40: [MPF][perf][trace][#21078] validateBarcodeWithMaterial 12ms active=3->1
2026-03-25T13:29:40: [MPF][perf][trace][#21082] validateDICode 2ms active=3->2
2026-03-25T13:29:40: [MPF][perf][trace][#21081] validateBarcodeWithMaterial 2ms active=2->1
2026-03-25T13:29:40: [MPF][perf][trace][#21083] persistFlowRecordPatch 7ms active=2->1
2026-03-25T13:29:40: 🔓 成功释放关键物料条码锁: FW300XXXH19XL309Z1U600047QA57QA5 (主条码: 1020260300621H24XX7M1A1J3)
2026-03-25T13:29:40: 🔓 成功释放关键物料条码锁: FW300XXX1459019X320L30826011008086 (主条码: 1020260300621H24XX7M1A1J3)
2026-03-25T13:29:40: [MPF][perf][trace][#21073] scanProcessComponents 82ms active=1->0
2026-03-25T13:29:40: [API] 创建流程记录 - 请求参数: {
  mainMaterialId: '6757a138354604091e7a6199',
  materialCode: '411001B050102',
  barcode: 'YDC-BL0532-1-202603240501',
  productLineId: '689f00a8420fcf4cebef183f',
  productLineName: '旧风筒老化线'
}
2026-03-25T13:29:40: [MPF][perf][trace][#21086] buildProcessNodes 3ms active=2->1
2026-03-25T13:29:40: [MPF][perf][detail][#21085] buildProcessNodes totalMs=9ms materialBatchLookupMs=1ms processMaterialsQueryMs=1ms processStepQueryMs=1ms recursionMs=0ms rootMaterialLookupMs=0ms slowestCallMs=3ms subCraftLookupMs=1ms calls=1 maxDepth=0 leafCount=0 cycleHits=0 totalNodes=5 slowestDepth=0 slowestMaterialId=6757a138354604091e7a6199
2026-03-25T13:29:40: [MPF][perf][detail][#21085] createFlowByMaterialCode totalMs=9ms buildNodesMs=3ms craftLookupMs=2ms materialLookupMs=2ms saveMs=3ms workOrderLookupMs=2ms barcode=YDC-BL0532-1-202603240501 isFromDevice=false hasWorkOrder=false buildCalls=1 buildMaxDepth=0 processNodeCount=5
2026-03-25T13:29:40: [MPF][perf][trace][#21084] createFlowByMaterialCode 10ms active=1->0
2026-03-25T13:29:40: [API] 工序子物料批量扫码提交 - 请求参数: {
  mainBarcode: 'YDC-BL0532-1-202603240501',
  processStepId: '6881c85813c284ba0497a32c',
  componentScans: [],
  userId: '68a53b8eeae8df7d8877c7e5',
  lineId: '689f00a8420fcf4cebef183f'
}
2026-03-25T13:29:40: [MPF][perf][trace][#21088] markMaterialBarcodeBatchesUsed 0ms active=2->1
2026-03-25T13:29:40: [MPF][perf][trace][#21089] preloadMaterialsByIds 0ms active=2->1
2026-03-25T13:29:40: [MPF][perf][trace][#21091] validateDICode 2ms active=3->2
2026-03-25T13:29:40: [MPF][perf][trace][#21090] validateBarcodeWithMaterial 2ms active=2->1
2026-03-25T13:29:40: [MPF][perf][trace][#21092] persistFlowRecordPatch 2ms active=2->1
2026-03-25T13:29:40: [MPF][perf][trace][#21093] fixFlowProgress 4ms active=2->1
2026-03-25T13:29:40: [MPF][perf][trace][#21087] scanProcessComponents 14ms active=1->0
2026-03-25T13:29:43: [API] 设备条码初始化 - 请求参数: {
  barcode: 'FW300XXXA20XL309F1A500047PKD7PKL',
  machineIp: '192.168.24.43'
}
2026-03-25T13:29:43: [MPF][perf][trace][#21094] initializeMachineBarcode 3ms active=1->0
2026-03-25T13:29:44: [API] 创建流程记录 - 请求参数: {
  mainMaterialId: '6757a138354604091e7a6199',
  materialCode: '411001B050102',
  barcode: 'YDC-BL0532-1-202603240500',
  productLineId: '689f00a8420fcf4cebef183f',
  productLineName: '旧风筒老化线'
}
2026-03-25T13:29:44: [MPF][perf][trace][#21097] buildProcessNodes 3ms active=2->1
2026-03-25T13:29:44: [MPF][perf][detail][#21096] buildProcessNodes totalMs=7ms materialBatchLookupMs=1ms processMaterialsQueryMs=1ms processStepQueryMs=0ms recursionMs=0ms rootMaterialLookupMs=0ms slowestCallMs=3ms subCraftLookupMs=1ms calls=1 maxDepth=0 leafCount=0 cycleHits=0 totalNodes=5 slowestDepth=0 slowestMaterialId=6757a138354604091e7a6199
2026-03-25T13:29:44: [MPF][perf][detail][#21096] createFlowByMaterialCode totalMs=7ms buildNodesMs=2ms craftLookupMs=1ms materialLookupMs=1ms saveMs=2ms workOrderLookupMs=1ms barcode=YDC-BL0532-1-202603240500 isFromDevice=false hasWorkOrder=false buildCalls=1 buildMaxDepth=0 processNodeCount=5
2026-03-25T13:29:44: [MPF][perf][trace][#21095] createFlowByMaterialCode 8ms active=1->0
2026-03-25T13:29:44: [API] 工序子物料批量扫码提交 - 请求参数: {
  mainBarcode: 'YDC-BL0532-1-202603240500',
  processStepId: '6881c85813c284ba0497a32c',
  componentScans: [],
  userId: '68a53b8eeae8df7d8877c7e5',
  lineId: '689f00a8420fcf4cebef183f'
}
2026-03-25T13:29:44: [MPF][perf][trace][#21099] markMaterialBarcodeBatchesUsed 0ms active=2->1
2026-03-25T13:29:44: [MPF][perf][trace][#21100] preloadMaterialsByIds 0ms active=2->1
2026-03-25T13:29:44: [MPF][perf][trace][#21102] validateDICode 3ms active=3->2
2026-03-25T13:29:44: [MPF][perf][trace][#21101] validateBarcodeWithMaterial 3ms active=2->1
2026-03-25T13:29:44: [MPF][perf][trace][#21103] persistFlowRecordPatch 1ms active=2->1
2026-03-25T13:29:44: [MPF][perf][trace][#21104] fixFlowProgress 4ms active=2->1
2026-03-25T13:29:44: [MPF][perf][trace][#21098] scanProcessComponents 13ms active=1->0
2026-03-25T13:29:45: [API] 工序子物料批量扫码提交 - 请求参数: {
  mainBarcode: '1020260300621H24XX7M1A1U7',
  processStepId: '69be073e39f371fe13c6e562',
  componentScans: [
    {
      materialId: '6757a580354604091e7bef2f',
      barcode: '1313102230-260324102631'
    },
    {
      materialId: '675d4f7f354604091e835085',
      barcode: '1313102234-260324102426'
    }
  ],
  userId: '67b810085cd22d7b23a52873',
  lineId: '67582bc0eebf2a4b34951ef6'
}
2026-03-25T13:29:45: 开始验证物料 1313102230 的工序节点兼容性
2026-03-25T13:29:45: 主物料中绑定节点的子节点数量: 5
2026-03-25T13:29:45: 子物料中非根节点数量: 5
2026-03-25T13:29:45: 主物料子树根节点数量: 1
2026-03-25T13:29:45: 子物料树根节点数量: 1
2026-03-25T13:29:45: 验证完成，发现 0 个错误
2026-03-25T13:29:45: [MPF][perf][trace][#21106] matchAndUpdateNodesRecursively 1ms active=2->1
2026-03-25T13:29:45: 开始验证物料 1313102234 的工序节点兼容性
2026-03-25T13:29:45: 主物料中绑定节点的子节点数量: 4
2026-03-25T13:29:45: 子物料中非根节点数量: 4
2026-03-25T13:29:45: 主物料子树根节点数量: 1
2026-03-25T13:29:45: 子物料树根节点数量: 1
2026-03-25T13:29:45: 验证完成，发现 0 个错误
2026-03-25T13:29:45: [MPF][perf][trace][#21107] matchAndUpdateNodesRecursively 0ms active=2->1
2026-03-25T13:29:45: [MPF][perf][trace][#21108] markMaterialBarcodeBatchesUsed 1ms active=2->1
2026-03-25T13:29:45: [MPF][perf][trace][#21109] preloadMaterialsByIds 1ms active=2->1
2026-03-25T13:29:45: [MPF][perf][trace][#21110] validateBarcodeWithMaterial 1ms active=2->2
2026-03-25T13:29:45: [MPF][perf][trace][#21111] validateBarcodeWithMaterial 0ms active=3->1
2026-03-25T13:29:45: [MPF][perf][trace][#21113] validateDICode 14ms active=3->2
2026-03-25T13:29:45: [MPF][perf][trace][#21112] validateBarcodeWithMaterial 15ms active=2->1
2026-03-25T13:29:45: [MPF][perf][trace][#21114] persistFlowRecordPatch 6ms active=2->1
2026-03-25T13:29:45: [MPF][perf][trace][#21105] scanProcessComponents 78ms active=1->0
2026-03-25T13:29:45: [API] 工序子物料批量扫码提交 - 请求参数: {
  mainBarcode: '1020260300621H24XX7M1A1H0',
  processStepId: '69be073e902e0a67bd505a7a',
  componentScans: [],
  userId: '67b810085cd22d7b23a52873',
  lineId: '67582bc0eebf2a4b34951ef6'
}
2026-03-25T13:29:45: [MPF][perf][trace][#21116] markMaterialBarcodeBatchesUsed 0ms active=2->1
2026-03-25T13:29:45: [MPF][perf][trace][#21117] preloadMaterialsByIds 0ms active=2->1
2026-03-25T13:29:45: [MPF][perf][trace][#21119] validateDICode 11ms active=3->2
2026-03-25T13:29:45: [MPF][perf][trace][#21118] validateBarcodeWithMaterial 12ms active=2->1
2026-03-25T13:29:45: [MPF][perf][trace][#21120] persistFlowRecordPatch 5ms active=2->1
2026-03-25T13:29:45: [MPF][perf][trace][#21115] scanProcessComponents 68ms active=1->0
2026-03-25T13:29:45: [API] 工序子物料批量扫码提交 - 请求参数: {
  mainBarcode: '1020260300621H24XX7M1A2Z5',
  processStepId: '69be073eb62fba7cdf2dbdb1',
  componentScans: [
    {
      materialId: '6757a56f354604091e7be893',
      barcode: '102250-117290010703-20260303-56910'
    }
  ],
  userId: '67b810085cd22d7b23a52873',
  lineId: '67582bc0eebf2a4b34951ef6'
}
2026-03-25T13:29:45: 🔒 成功获取关键物料条码锁: 102250-117290010703-20260303-56910 (主条码: 1020260300621H24XX7M1A2Z5)
2026-03-25T13:29:45: [MPF][perf][trace][#21122] markMaterialBarcodeBatchesUsed 1ms active=2->1
2026-03-25T13:29:45: [MPF][perf][trace][#21123] preloadMaterialsByIds 1ms active=2->1
2026-03-25T13:29:45: [MPF][perf][trace][#21125] validateDICode 2ms active=3->2
2026-03-25T13:29:45: [MPF][perf][trace][#21124] validateBarcodeWithMaterial 7ms active=2->1
2026-03-25T13:29:45: [MPF][perf][trace][#21127] validateDICode 2ms active=3->2
2026-03-25T13:29:45: [MPF][perf][trace][#21126] validateBarcodeWithMaterial 4ms active=2->1
2026-03-25T13:29:45: [MPF][perf][trace][#21128] persistFlowRecordPatch 5ms active=2->1
2026-03-25T13:29:45: 🔓 成功释放关键物料条码锁: 102250-117290010703-20260303-56910 (主条码: 1020260300621H24XX7M1A2Z5)
2026-03-25T13:29:45: [MPF][perf][trace][#21121] scanProcessComponents 64ms active=1->0
2026-03-25T13:29:46: [API] 设备条码初始化 - 请求参数: {
  barcode: 'FW3001595026X7HZ82AC0432603150178200026010028743',
  machineIp: '192.168.35.34'
}
2026-03-25T13:29:46: [MPF][perf][trace][#21131] validateDICode 2ms active=3->2
2026-03-25T13:29:46: [MPF][perf][trace][#21130] validateBarcodeWithMaterial 2ms active=2->1
2026-03-25T13:29:46: [MPF][perf][trace][#21134] buildProcessNodes 3ms active=3->2
2026-03-25T13:29:46: [MPF][perf][detail][#21133] buildProcessNodes totalMs=7ms materialBatchLookupMs=1ms processMaterialsQueryMs=1ms processStepQueryMs=0ms recursionMs=0ms rootMaterialLookupMs=0ms slowestCallMs=3ms subCraftLookupMs=1ms calls=1 maxDepth=0 leafCount=0 cycleHits=0 totalNodes=2 slowestDepth=0 slowestMaterialId=689e16129e542955670237ee
2026-03-25T13:29:46: [MPF][perf][detail][#21133] createFlowByMaterialCode totalMs=7ms buildNodesMs=2ms craftLookupMs=1ms materialLookupMs=1ms saveMs=2ms workOrderLookupMs=1ms barcode=FW3001595026X7HZ82AC0432603150178200026010028743 isFromDevice=false hasWorkOrder=false buildCalls=1 buildMaxDepth=0 processNodeCount=2
2026-03-25T13:29:46: [MPF][perf][trace][#21132] createFlowByMaterialCode 7ms active=2->1
2026-03-25T13:29:46: [MPF][perf][trace][#21129] initializeMachineBarcode 15ms active=1->0
2026-03-25T13:29:47: [API] 创建流程记录 - 请求参数: {
  mainMaterialId: '69784c439e5429556762ce96',
  materialCode: '1108102067',
  barcode: '1020260300621H24XX7M1A2F3',
  productLineId: '67582bc0eebf2a4b34951ef6',
  productLineName: '面罩主机1号线'
}
2026-03-25T13:29:47: [MPF][perf][trace][#21138] buildProcessNodes 3ms active=3->2
2026-03-25T13:29:47: [MPF][perf][trace][#21139] buildProcessNodes 3ms active=3->2
2026-03-25T13:29:47: [MPF][perf][trace][#21140] buildProcessNodes 5ms active=3->2
2026-03-25T13:29:47: [MPF][perf][trace][#21141] buildProcessNodes 5ms active=3->2
2026-03-25T13:29:47: [MPF][perf][trace][#21142] buildProcessNodes 2ms active=3->2
2026-03-25T13:29:47: [MPF][perf][trace][#21144] buildProcessNodes 3ms active=4->3
2026-03-25T13:29:47: [MPF][perf][trace][#21143] buildProcessNodes 5ms active=3->2
2026-03-25T13:29:47: [MPF][perf][trace][#21145] buildProcessNodes 2ms active=3->2
2026-03-25T13:29:47: [MPF][perf][trace][#21146] buildProcessNodes 3ms active=3->2
2026-03-25T13:29:47: [MPF][perf][trace][#21147] buildProcessNodes 2ms active=3->2
2026-03-25T13:29:47: [MPF][perf][trace][#21137] buildProcessNodes 35ms active=2->1
2026-03-25T13:29:47: [MPF][perf][detail][#21136] buildProcessNodes totalMs=64ms materialBatchLookupMs=13ms processMaterialsQueryMs=8ms processStepQueryMs=10ms recursionMs=34ms rootMaterialLookupMs=0ms slowestCallMs=35ms subCraftLookupMs=13ms calls=11 maxDepth=2 leafCount=0 cycleHits=0 totalNodes=166 slowestDepth=0 slowestMaterialId=69784c439e5429556762ce96
2026-03-25T13:29:47: [MPF][perf][detail][#21136] createFlowByMaterialCode totalMs=64ms buildNodesMs=35ms craftLookupMs=2ms materialLookupMs=2ms saveMs=16ms workOrderLookupMs=2ms barcode=1020260300621H24XX7M1A2F3 isFromDevice=false hasWorkOrder=true buildCalls=11 buildMaxDepth=2 processNodeCount=92
2026-03-25T13:29:47: [MPF][perf][trace][#21135] createFlowByMaterialCode 65ms active=1->0
2026-03-25T13:29:47: [API] 设备条码初始化 - 请求参数: { barcode: '1020260300621H24XX7M1A1H5', machineIp: '192.168.35.31' }
2026-03-25T13:29:47: [MPF][perf][trace][#21148] initializeMachineBarcode 10ms active=1->0
2026-03-25T13:29:47: [API] 工序子物料批量扫码提交 - 请求参数: {
  mainBarcode: '1020260300621H24XX7M1A2F3',
  processStepId: '69be073ec78e4e58af18a0bd',
  componentScans: [],
  userId: '67b810085cd22d7b23a52873',
  lineId: '67582bc0eebf2a4b34951ef6'
}
2026-03-25T13:29:47: [MPF][perf][trace][#21150] markMaterialBarcodeBatchesUsed 0ms active=2->1
2026-03-25T13:29:47: 🔗 调用工单处理服务: http://localhost:2228/api/workorder/update-quantity {
  workOrderId: new ObjectId("69be02d8040d00d4bb253f37"),
  type: 'input',
  quantity: 1
}
2026-03-25T13:29:47: ✅ 工单处理服务响应: {
  success: true,
  jobId: '69be02d8040d00d4bb253f37_input_1774416587663',
  queueLength: 0
}
2026-03-25T13:29:47: [MPF][perf][trace][#21151] updateWorkOrderQuantity 6ms active=2->1
2026-03-25T13:29:47: [MPF][perf][trace][#21152] preloadMaterialsByIds 0ms active=2->1
2026-03-25T13:29:47: [MPF][perf][trace][#21154] validateDICode 2ms active=3->2
2026-03-25T13:29:47: [MPF][perf][trace][#21153] validateBarcodeWithMaterial 3ms active=2->1
2026-03-25T13:29:47: [MPF][perf][trace][#21155] persistFlowRecordPatch 4ms active=2->1
2026-03-25T13:29:47: [API] 设备条码初始化 - 请求参数: { barcode: 'YDC-BL0532-1-202603240448', machineIp: '192.168.26.36' }
2026-03-25T13:29:47: [API] 创建流程记录 - 请求参数: {
  mainMaterialId: '6757a138354604091e7a6199',
  materialCode: '411001B050102',
  barcode: 'YDC-BL0532-1-202603240499',
  productLineId: '689f00a8420fcf4cebef183f',
  productLineName: '旧风筒老化线'
}
2026-03-25T13:29:47: [MPF][perf][trace][#21156] fixFlowProgress 24ms active=2->3
2026-03-25T13:29:47: [MPF][perf][trace][#21149] scanProcessComponents 86ms active=1->2
2026-03-25T13:29:47: [MPF][perf][trace][#21157] initializeMachineBarcode 9ms active=3->1
2026-03-25T13:29:47: [MPF][perf][trace][#21160] buildProcessNodes 3ms active=2->1
2026-03-25T13:29:47: [MPF][perf][detail][#21159] buildProcessNodes totalMs=26ms materialBatchLookupMs=1ms processMaterialsQueryMs=1ms processStepQueryMs=1ms recursionMs=0ms rootMaterialLookupMs=0ms slowestCallMs=3ms subCraftLookupMs=1ms calls=1 maxDepth=0 leafCount=0 cycleHits=0 totalNodes=5 slowestDepth=0 slowestMaterialId=6757a138354604091e7a6199
2026-03-25T13:29:47: [MPF][perf][detail][#21159] createFlowByMaterialCode totalMs=26ms buildNodesMs=3ms craftLookupMs=9ms materialLookupMs=9ms saveMs=3ms workOrderLookupMs=19ms barcode=YDC-BL0532-1-202603240499 isFromDevice=false hasWorkOrder=false buildCalls=1 buildMaxDepth=0 processNodeCount=5
2026-03-25T13:29:47: [MPF][perf][trace][#21158] createFlowByMaterialCode 26ms active=4->0
2026-03-25T13:29:47: [MPF][perf][trace][#21162] markMaterialBarcodeBatchesUsed 0ms active=2->1
2026-03-25T13:29:47: [MPF][perf][trace][#21163] preloadMaterialsByIds 0ms active=2->1
2026-03-25T13:29:47: [MPF][perf][trace][#21165] validateDICode 2ms active=3->2
2026-03-25T13:29:47: [MPF][perf][trace][#21164] validateBarcodeWithMaterial 4ms active=2->1
2026-03-25T13:29:47: [MPF][perf][trace][#21166] persistFlowRecordPatch 2ms active=2->1
2026-03-25T13:29:47: [MPF][perf][trace][#21161] scanProcessComponents 12ms active=1->0
2026-03-25T13:29:47: [API] 工序子物料批量扫码提交 - 请求参数: {
  mainBarcode: 'YDC-BL0532-1-202603240499',
  processStepId: '6881c85813c284ba0497a32c',
  componentScans: [],
  userId: '68a53b8eeae8df7d8877c7e5',
  lineId: '689f00a8420fcf4cebef183f'
}
2026-03-25T13:29:47: [MPF][perf][trace][#21168] markMaterialBarcodeBatchesUsed 0ms active=2->1
2026-03-25T13:29:47: [MPF][perf][trace][#21169] preloadMaterialsByIds 0ms active=2->1
2026-03-25T13:29:47: [MPF][perf][trace][#21171] validateDICode 2ms active=3->2
2026-03-25T13:29:47: [MPF][perf][trace][#21170] validateBarcodeWithMaterial 2ms active=2->1
2026-03-25T13:29:47: [MPF][perf][trace][#21172] persistFlowRecordPatch 2ms active=2->1
2026-03-25T13:29:47: [MPF][perf][trace][#21173] fixFlowProgress 3ms active=2->1
2026-03-25T13:29:47: [MPF][perf][trace][#21167] scanProcessComponents 13ms active=1->0
2026-03-25T13:29:48: 🚀 托盘条码处理 - 队列模式: 1020260300621H24XX7M1A1F0
2026-03-25T13:29:48: 开始托盘条码异步处理: 1020260300621H24XX7M1A1F0, 产线: 面罩主机1号线
2026-03-25T13:29:48: 添加托盘处理任务到队列: 条码=1020260300621H24XX7M1A1F0, 产线=面罩主机1号线
2026-03-25T13:29:48: 托盘处理任务已添加到队列: JobId=pallet_1020260300621H24XX7M1A1F0_1774416588079_1ljg18, 条码=1020260300621H24XX7M1A1F0
2026-03-25T13:29:48: 托盘条码异步处理任务已提交: 1020260300621H24XX7M1A1F0, JobId: pallet_1020260300621H24XX7M1A1F0_1774416588079_1ljg18
2026-03-25T13:29:48: [API] 检查条码节点完成情况 - 请求参数: { params: {}, query: { barcode: 'FW300XXXH18XL309A1S400047QA57QA5' } }
2026-03-25T13:29:48: [MPF][perf][trace][#21174] checkBarcodeCompletion 3ms active=1->0
2026-03-25T13:29:48: [API] 设备条码初始化 - 请求参数: {
  barcode: 'FW3001595026X7HZ82AC0432603150165200026010028743',
  machineIp: '192.168.35.34'
}
2026-03-25T13:29:48: [MPF][perf][trace][#21175] initializeMachineBarcode 2ms active=1->0
2026-03-25T13:29:50: [API] 设备条码初始化 - 请求参数: { barcode: '1020260300621H24XX7M1A1A8', machineIp: '192.168.35.33' }
2026-03-25T13:29:50: [MPF][perf][trace][#21176] initializeMachineBarcode 7ms active=1->0
2026-03-25T13:29:50: [API] 创建流程记录 - 请求参数: {
  mainMaterialId: '6757a138354604091e7a6199',
  materialCode: '411001B050102',
  barcode: 'YDC-BL0532-1-202603240504',
  productLineId: '689f00a8420fcf4cebef183f',
  productLineName: '旧风筒老化线'
}
2026-03-25T13:29:50: [MPF][perf][trace][#21179] buildProcessNodes 2ms active=2->1
2026-03-25T13:29:50: [MPF][perf][detail][#21178] buildProcessNodes totalMs=8ms materialBatchLookupMs=1ms processMaterialsQueryMs=0ms processStepQueryMs=1ms recursionMs=0ms rootMaterialLookupMs=0ms slowestCallMs=2ms subCraftLookupMs=1ms calls=1 maxDepth=0 leafCount=0 cycleHits=0 totalNodes=5 slowestDepth=0 slowestMaterialId=6757a138354604091e7a6199
2026-03-25T13:29:50: [MPF][perf][detail][#21178] createFlowByMaterialCode totalMs=8ms buildNodesMs=2ms craftLookupMs=2ms materialLookupMs=1ms saveMs=2ms workOrderLookupMs=2ms barcode=YDC-BL0532-1-202603240504 isFromDevice=false hasWorkOrder=false buildCalls=1 buildMaxDepth=0 processNodeCount=5
2026-03-25T13:29:50: [MPF][perf][trace][#21177] createFlowByMaterialCode 8ms active=1->0
2026-03-25T13:29:50: [API] 工序子物料批量扫码提交 - 请求参数: {
  mainBarcode: 'YDC-BL0532-1-202603240504',
  processStepId: '6881c85813c284ba0497a32c',
  componentScans: [],
  userId: '68a53b8eeae8df7d8877c7e5',
  lineId: '689f00a8420fcf4cebef183f'
}
2026-03-25T13:29:50: [MPF][perf][trace][#21181] markMaterialBarcodeBatchesUsed 0ms active=2->1
2026-03-25T13:29:50: [MPF][perf][trace][#21182] preloadMaterialsByIds 0ms active=2->1
2026-03-25T13:29:50: [MPF][perf][trace][#21184] validateDICode 2ms active=3->2
2026-03-25T13:29:50: [MPF][perf][trace][#21183] validateBarcodeWithMaterial 3ms active=2->1
2026-03-25T13:29:50: [MPF][perf][trace][#21185] persistFlowRecordPatch 2ms active=2->1
2026-03-25T13:29:50: [MPF][perf][trace][#21186] fixFlowProgress 3ms active=2->1
2026-03-25T13:29:50: [MPF][perf][trace][#21180] scanProcessComponents 13ms active=1->0
2026-03-25T13:29:50: [API] 工序子物料批量扫码提交 - 请求参数: {
  mainBarcode: '1020260300621H24XX7M1A2A7',
  processStepId: '69be073ea816dbe2ecd5a6ba',
  componentScans: [
    {
      materialId: '6757a56f354604091e7be893',
      barcode: '102250-117290010703-20260309-67246'
    }
  ],
  userId: '67b810085cd22d7b23a52873',
  lineId: '67582bc0eebf2a4b34951ef6'
}
2026-03-25T13:29:50: 🔒 成功获取关键物料条码锁: 102250-117290010703-20260309-67246 (主条码: 1020260300621H24XX7M1A2A7)
2026-03-25T13:29:50: [MPF][perf][trace][#21188] markMaterialBarcodeBatchesUsed 1ms active=2->1
2026-03-25T13:29:50: [MPF][perf][trace][#21189] preloadMaterialsByIds 1ms active=2->1
2026-03-25T13:29:50: [MPF][perf][trace][#21191] validateDICode 3ms active=3->2
2026-03-25T13:29:50: [MPF][perf][trace][#21190] validateBarcodeWithMaterial 3ms active=2->1
2026-03-25T13:29:50: [MPF][perf][trace][#21193] validateDICode 1ms active=3->2
2026-03-25T13:29:50: [MPF][perf][trace][#21192] validateBarcodeWithMaterial 2ms active=2->1
2026-03-25T13:29:50: [MPF][perf][trace][#21194] persistFlowRecordPatch 4ms active=2->1
2026-03-25T13:29:50: 🔓 成功释放关键物料条码锁: 102250-117290010703-20260309-67246 (主条码: 1020260300621H24XX7M1A2A7)
2026-03-25T13:29:50: [MPF][perf][trace][#21187] scanProcessComponents 62ms active=1->0
2026-03-25T13:29:50: [API] 设备条码初始化 - 请求参数: { barcode: '1020260300621H24XX7M1A1Q0', machineIp: '192.168.35.30' }
2026-03-25T13:29:50: [MPF][perf][trace][#21195] initializeMachineBarcode 7ms active=1->0
2026-03-25T13:29:50: [API] 设备条码初始化 - 请求参数: { barcode: '1020260300621H24XX7M1A1J2', machineIp: '192.168.35.32' }
2026-03-25T13:29:50: [MPF][perf][trace][#21196] initializeMachineBarcode 7ms active=1->0
2026-03-25T13:29:50: [API] 工序子物料批量扫码提交 - 请求参数: {
  mainBarcode: '1020260300621H24XX7M1A1S9',
  processStepId: '69be073e65b51dcfc935d132',
  componentScans: [
    {
      materialId: '675e2e1f354604091e8459bb',
      barcode: '1313102233-260321161705'
    },
    {
      materialId: '6757a56f354604091e7be8a4',
      barcode: '102251-114010190082-20260308-06271'
    }
  ],
  userId: '67b810085cd22d7b23a52873',
  lineId: '67582bc0eebf2a4b34951ef6'
}
2026-03-25T13:29:50: 🔒 成功获取关键物料条码锁: 102251-114010190082-20260308-06271 (主条码: 1020260300621H24XX7M1A1S9)
2026-03-25T13:29:50: 开始验证物料 1313102233 的工序节点兼容性
2026-03-25T13:29:50: 主物料中绑定节点的子节点数量: 4
2026-03-25T13:29:50: 子物料中非根节点数量: 4
2026-03-25T13:29:51: 主物料子树根节点数量: 1
2026-03-25T13:29:51: 子物料树根节点数量: 1
2026-03-25T13:29:51: 验证完成，发现 0 个错误
2026-03-25T13:29:51: [MPF][perf][trace][#21198] matchAndUpdateNodesRecursively 0ms active=2->1
2026-03-25T13:29:51: [MPF][perf][trace][#21199] markMaterialBarcodeBatchesUsed 0ms active=2->1
2026-03-25T13:29:51: [MPF][perf][trace][#21200] preloadMaterialsByIds 1ms active=2->1
2026-03-25T13:29:51: [MPF][perf][trace][#21201] validateBarcodeWithMaterial 0ms active=2->3
2026-03-25T13:29:51: [MPF][perf][trace][#21203] validateDICode 2ms active=4->2
2026-03-25T13:29:51: [MPF][perf][trace][#21202] validateBarcodeWithMaterial 3ms active=3->1
2026-03-25T13:29:51: [MPF][perf][trace][#21205] validateDICode 2ms active=3->2
2026-03-25T13:29:51: [MPF][perf][trace][#21204] validateBarcodeWithMaterial 2ms active=2->1
2026-03-25T13:29:51: [MPF][perf][trace][#21206] persistFlowRecordPatch 6ms active=2->1
2026-03-25T13:29:51: 🔓 成功释放关键物料条码锁: 102251-114010190082-20260308-06271 (主条码: 1020260300621H24XX7M1A1S9)
2026-03-25T13:29:51: [MPF][perf][trace][#21197] scanProcessComponents 66ms active=1->0
2026-03-25T13:29:52: [API] 设备条码初始化 - 请求参数: { barcode: 'YDC-BL0532-1-202603240459', machineIp: '192.168.26.36' }
2026-03-25T13:29:52: [MPF][perf][trace][#21207] initializeMachineBarcode 2ms active=1->0
2026-03-25T13:29:53: 🚀 托盘条码处理 - 队列模式: P2306M57VEU0810126
2026-03-25T13:29:53: 开始托盘条码异步处理: P2306M57VEU0810126, 产线: 德昌追觅C线包装
2026-03-25T13:29:53: 添加托盘处理任务到队列: 条码=P2306M57VEU0810126, 产线=德昌追觅C线包装
2026-03-25T13:29:53: [API] 设备条码初始化 - 请求参数: { barcode: '1020260300621H24XX7M1A1H9', machineIp: '192.168.35.32' }
2026-03-25T13:29:53: 托盘处理任务已添加到队列: JobId=pallet_P2306M57VEU0810126_1774416593418_y7zy2q, 条码=P2306M57VEU0810126
2026-03-25T13:29:53: [MPF][perf][trace][#21208] initializeMachineBarcode 8ms active=1->0
2026-03-25T13:29:53: 托盘条码异步处理任务已提交: P2306M57VEU0810126, JobId: pallet_P2306M57VEU0810126_1774416593418_y7zy2q
2026-03-25T13:29:53: 🔒 成功获取关键物料条码锁: FW3001595026X7HZ82AC0432603150279800026010028743 (主条码: 1020260300621H24XX7M1A1H9)
2026-03-25T13:29:53: 开始验证物料 1313102514 的工序节点兼容性
2026-03-25T13:29:53: 主物料中绑定节点的子节点数量: 1
2026-03-25T13:29:53: 子物料中非根节点数量: 1
2026-03-25T13:29:53: 主物料子树根节点数量: 1
2026-03-25T13:29:53: 子物料树根节点数量: 1
2026-03-25T13:29:53: 验证完成，发现 0 个错误
2026-03-25T13:29:53: [MPF][perf][trace][#21210] matchAndUpdateNodesRecursively 0ms active=2->1
2026-03-25T13:29:53: [MPF][perf][trace][#21211] markMaterialBarcodeBatchesUsed 1ms active=2->1
2026-03-25T13:29:53: [MPF][perf][trace][#21212] preloadMaterialsByIds 1ms active=2->1
2026-03-25T13:29:53: [MPF][perf][trace][#21214] validateDICode 2ms active=3->2
2026-03-25T13:29:53: [MPF][perf][trace][#21213] validateBarcodeWithMaterial 2ms active=2->1
2026-03-25T13:29:53: [MPF][perf][trace][#21216] validateDICode 1ms active=3->2
2026-03-25T13:29:53: [MPF][perf][trace][#21215] validateBarcodeWithMaterial 3ms active=2->1
2026-03-25T13:29:53: [MPF][perf][trace][#21217] persistFlowRecordPatch 5ms active=2->1
2026-03-25T13:29:53: 🔓 成功释放关键物料条码锁: FW3001595026X7HZ82AC0432603150279800026010028743 (主条码: 1020260300621H24XX7M1A1H9)
2026-03-25T13:29:53: [MPF][perf][trace][#21209] scanProcessComponents 65ms active=1->0
2026-03-25T13:29:53: [API] 创建流程记录 - 请求参数: {
  mainMaterialId: '6757a138354604091e7a6199',
  materialCode: '411001B050102',
  barcode: 'YDC-BL0532-1-202603240503',
  productLineId: '689f00a8420fcf4cebef183f',
  productLineName: '旧风筒老化线'
}
2026-03-25T13:29:53: [MPF][perf][trace][#21220] buildProcessNodes 3ms active=2->1
2026-03-25T13:29:53: [MPF][perf][detail][#21219] buildProcessNodes totalMs=8ms materialBatchLookupMs=1ms processMaterialsQueryMs=0ms processStepQueryMs=1ms recursionMs=0ms rootMaterialLookupMs=0ms slowestCallMs=2ms subCraftLookupMs=0ms calls=1 maxDepth=0 leafCount=0 cycleHits=0 totalNodes=5 slowestDepth=0 slowestMaterialId=6757a138354604091e7a6199
2026-03-25T13:29:53: [MPF][perf][detail][#21219] createFlowByMaterialCode totalMs=8ms buildNodesMs=3ms craftLookupMs=2ms materialLookupMs=1ms saveMs=2ms workOrderLookupMs=2ms barcode=YDC-BL0532-1-202603240503 isFromDevice=false hasWorkOrder=false buildCalls=1 buildMaxDepth=0 processNodeCount=5
2026-03-25T13:29:53: [MPF][perf][trace][#21218] createFlowByMaterialCode 8ms active=1->0
2026-03-25T13:29:53: [API] 工序子物料批量扫码提交 - 请求参数: {
  mainBarcode: 'YDC-BL0532-1-202603240503',
  processStepId: '6881c85813c284ba0497a32c',
  componentScans: [],
  userId: '68a53b8eeae8df7d8877c7e5',
  lineId: '689f00a8420fcf4cebef183f'
}
2026-03-25T13:29:53: [MPF][perf][trace][#21222] markMaterialBarcodeBatchesUsed 0ms active=2->1
2026-03-25T13:29:53: [MPF][perf][trace][#21223] preloadMaterialsByIds 0ms active=2->1
2026-03-25T13:29:53: [MPF][perf][trace][#21225] validateDICode 2ms active=3->2
2026-03-25T13:29:53: [MPF][perf][trace][#21224] validateBarcodeWithMaterial 3ms active=2->1
2026-03-25T13:29:53: [MPF][perf][trace][#21226] persistFlowRecordPatch 1ms active=2->1
2026-03-25T13:29:53: [MPF][perf][trace][#21227] fixFlowProgress 5ms active=2->1
2026-03-25T13:29:53: [MPF][perf][trace][#21221] scanProcessComponents 14ms active=1->0
2026-03-25T13:29:54: 🚀 托盘条码处理 - 队列模式: P2306M57UEU1866126
2026-03-25T13:29:54: 开始托盘条码异步处理: P2306M57UEU1866126, 产线: 德昌追觅C线包装
2026-03-25T13:29:54: 添加托盘处理任务到队列: 条码=P2306M57UEU1866126, 产线=德昌追觅C线包装
2026-03-25T13:29:54: 托盘处理任务已添加到队列: JobId=pallet_P2306M57UEU1866126_1774416594022_bnh6zn, 条码=P2306M57UEU1866126
2026-03-25T13:29:54: 托盘条码异步处理任务已提交: P2306M57UEU1866126, JobId: pallet_P2306M57UEU1866126_1774416594022_bnh6zn
2026-03-25T13:29:54: 🚀 托盘条码处理 - 队列模式: P2306M57UEU1844126
2026-03-25T13:29:54: 开始托盘条码异步处理: P2306M57UEU1844126, 产线: 德昌追觅C线包装
2026-03-25T13:29:54: 添加托盘处理任务到队列: 条码=P2306M57UEU1844126, 产线=德昌追觅C线包装
2026-03-25T13:29:54: 托盘处理任务已添加到队列: JobId=pallet_P2306M57UEU1844126_1774416594611_dhlhdu, 条码=P2306M57UEU1844126
2026-03-25T13:29:54: 托盘条码异步处理任务已提交: P2306M57UEU1844126, JobId: pallet_P2306M57UEU1844126_1774416594611_dhlhdu
2026-03-25T13:29:54: [API] 设备条码初始化 - 请求参数: { barcode: '1020260300621H24XX7M1A1A0', machineIp: '1' }
2026-03-25T13:29:54: [MPF][perf][trace][#21228] initializeMachineBarcode 8ms active=1->0
2026-03-25T13:29:55: 🚀 托盘条码处理 - 队列模式: P2306M57UEU1938126
2026-03-25T13:29:55: 开始托盘条码异步处理: P2306M57UEU1938126, 产线: 德昌追觅C线包装
2026-03-25T13:29:55: 添加托盘处理任务到队列: 条码=P2306M57UEU1938126, 产线=德昌追觅C线包装
2026-03-25T13:29:55: 托盘处理任务已添加到队列: JobId=pallet_P2306M57UEU1938126_1774416595184_20r5p8, 条码=P2306M57UEU1938126
2026-03-25T13:29:55: 托盘条码异步处理任务已提交: P2306M57UEU1938126, JobId: pallet_P2306M57UEU1938126_1774416595184_20r5p8
2026-03-25T13:29:55: 🚀 托盘条码处理 - 队列模式: P2306M57UEU1961126
2026-03-25T13:29:55: 开始托盘条码异步处理: P2306M57UEU1961126, 产线: 德昌追觅C线包装
2026-03-25T13:29:55: 添加托盘处理任务到队列: 条码=P2306M57UEU1961126, 产线=德昌追觅C线包装
2026-03-25T13:29:55: 托盘处理任务已添加到队列: JobId=pallet_P2306M57UEU1961126_1774416595770_ryykut, 条码=P2306M57UEU1961126
2026-03-25T13:29:55: 托盘条码异步处理任务已提交: P2306M57UEU1961126, JobId: pallet_P2306M57UEU1961126_1774416595770_ryykut
2026-03-25T13:29:55: [API] 创建流程记录 - 请求参数: {
  mainMaterialId: '6757a138354604091e7a6199',
  materialCode: '411001B050102',
  barcode: 'YDC-BL0532-1-202603240508',
  productLineId: '689f00a8420fcf4cebef183f',
  productLineName: '旧风筒老化线'
}
2026-03-25T13:29:56: [MPF][perf][trace][#21231] buildProcessNodes 4ms active=2->1
2026-03-25T13:29:56: [MPF][perf][detail][#21230] buildProcessNodes totalMs=9ms materialBatchLookupMs=0ms processMaterialsQueryMs=0ms processStepQueryMs=0ms recursionMs=0ms rootMaterialLookupMs=0ms slowestCallMs=4ms subCraftLookupMs=1ms calls=1 maxDepth=0 leafCount=0 cycleHits=0 totalNodes=5 slowestDepth=0 slowestMaterialId=6757a138354604091e7a6199
2026-03-25T13:29:56: [MPF][perf][detail][#21230] createFlowByMaterialCode totalMs=9ms buildNodesMs=3ms craftLookupMs=2ms materialLookupMs=2ms saveMs=2ms workOrderLookupMs=2ms barcode=YDC-BL0532-1-202603240508 isFromDevice=false hasWorkOrder=false buildCalls=1 buildMaxDepth=0 processNodeCount=5
2026-03-25T13:29:56: [MPF][perf][trace][#21229] createFlowByMaterialCode 10ms active=1->0
2026-03-25T13:29:56: [API] 工序子物料批量扫码提交 - 请求参数: {
  mainBarcode: 'YDC-BL0532-1-202603240508',
  processStepId: '6881c85813c284ba0497a32c',
  componentScans: [],
  userId: '68a53b8eeae8df7d8877c7e5',
  lineId: '689f00a8420fcf4cebef183f'
}
2026-03-25T13:29:56: [MPF][perf][trace][#21233] markMaterialBarcodeBatchesUsed 0ms active=2->1
2026-03-25T13:29:56: [MPF][perf][trace][#21234] preloadMaterialsByIds 0ms active=2->1
2026-03-25T13:29:56: [MPF][perf][trace][#21236] validateDICode 2ms active=3->2
2026-03-25T13:29:56: [MPF][perf][trace][#21235] validateBarcodeWithMaterial 2ms active=2->1
2026-03-25T13:29:56: [MPF][perf][trace][#21237] persistFlowRecordPatch 2ms active=2->1
2026-03-25T13:29:56: [MPF][perf][trace][#21238] fixFlowProgress 5ms active=2->1
2026-03-25T13:29:56: [MPF][perf][trace][#21232] scanProcessComponents 15ms active=1->0
2026-03-25T13:29:56: [API] 工序子物料批量扫码提交 - 请求参数: {
  mainBarcode: '1020260300621H24XX7M1A4U9',
  processStepId: '69be073ef2567c6043a36d47',
  componentScans: [
    {
      materialId: '6757a580354604091e7bef1e',
      barcode: '1313102217-260316084200'
    },
    {
      materialId: '6757a580354604091e7beede',
      barcode: '1313102216-260316084031'
    }
  ],
  userId: '67b810085cd22d7b23a52873',
  lineId: '67582bc0eebf2a4b34951ef6'
}
2026-03-25T13:29:56: 开始验证物料 1313102217 的工序节点兼容性
2026-03-25T13:29:56: 主物料中绑定节点的子节点数量: 4
2026-03-25T13:29:56: 子物料中非根节点数量: 4
2026-03-25T13:29:56: 主物料子树根节点数量: 1
2026-03-25T13:29:56: 子物料树根节点数量: 1
2026-03-25T13:29:56: 验证完成，发现 0 个错误
2026-03-25T13:29:56: [MPF][perf][trace][#21240] matchAndUpdateNodesRecursively 1ms active=2->1
2026-03-25T13:29:56: 开始验证物料 1313102216 的工序节点兼容性
2026-03-25T13:29:56: 主物料中绑定节点的子节点数量: 4
2026-03-25T13:29:56: 子物料中非根节点数量: 4
2026-03-25T13:29:56: 主物料子树根节点数量: 1
2026-03-25T13:29:56: 子物料树根节点数量: 1
2026-03-25T13:29:56: 验证完成，发现 0 个错误
2026-03-25T13:29:56: [MPF][perf][trace][#21241] matchAndUpdateNodesRecursively 1ms active=2->1
2026-03-25T13:29:56: [MPF][perf][trace][#21242] markMaterialBarcodeBatchesUsed 2ms active=2->1
2026-03-25T13:29:56: [MPF][perf][trace][#21243] preloadMaterialsByIds 1ms active=2->1
2026-03-25T13:29:56: [MPF][perf][trace][#21244] validateBarcodeWithMaterial 0ms active=2->2
2026-03-25T13:29:56: [MPF][perf][trace][#21245] validateBarcodeWithMaterial 0ms active=3->1
2026-03-25T13:29:56: [MPF][perf][trace][#21247] validateDICode 3ms active=3->2
2026-03-25T13:29:56: [MPF][perf][trace][#21246] validateBarcodeWithMaterial 3ms active=2->1
2026-03-25T13:29:56: [MPF][perf][trace][#21248] persistFlowRecordPatch 6ms active=2->1
2026-03-25T13:29:56: [MPF][perf][trace][#21239] scanProcessComponents 72ms active=1->0
2026-03-25T13:29:56: 🚀 托盘条码处理 - 队列模式: P2306M57UEU1119126
2026-03-25T13:29:56: 开始托盘条码异步处理: P2306M57UEU1119126, 产线: 德昌追觅C线包装
2026-03-25T13:29:56: 添加托盘处理任务到队列: 条码=P2306M57UEU1119126, 产线=德昌追觅C线包装
2026-03-25T13:29:56: 托盘处理任务已添加到队列: JobId=pallet_P2306M57UEU1119126_1774416596359_2vgr19, 条码=P2306M57UEU1119126
2026-03-25T13:29:56: 托盘条码异步处理任务已提交: P2306M57UEU1119126, JobId: pallet_P2306M57UEU1119126_1774416596359_2vgr19
2026-03-25T13:29:56: [API] 设备条码初始化 - 请求参数: { barcode: '1020260300621H24XX7M1A1A8', machineIp: '192.168.35.33' }
2026-03-25T13:29:56: [MPF][perf][trace][#21249] initializeMachineBarcode 8ms active=1->0
2026-03-25T13:29:56: [MPF][perf][trace][#21251] markMaterialBarcodeBatchesUsed 0ms active=2->1
2026-03-25T13:29:56: [MPF][perf][trace][#21252] preloadMaterialsByIds 0ms active=2->1
2026-03-25T13:29:56: 🚀 托盘条码处理 - 队列模式: P2306M57UEU1135126
2026-03-25T13:29:56: 开始托盘条码异步处理: P2306M57UEU1135126, 产线: 德昌追觅C线包装
2026-03-25T13:29:56: [MPF][perf][trace][#21254] validateDICode 5ms active=3->2
2026-03-25T13:29:56: [MPF][perf][trace][#21253] validateBarcodeWithMaterial 6ms active=2->1
2026-03-25T13:29:56: [MPF][perf][trace][#21255] persistFlowRecordPatch 8ms active=2->1
2026-03-25T13:29:56: [MPF][perf][trace][#21250] scanProcessComponents 85ms active=1->0
2026-03-25T13:29:56: 添加托盘处理任务到队列: 条码=P2306M57UEU1135126, 产线=德昌追觅C线包装
2026-03-25T13:29:56: 托盘处理任务已添加到队列: JobId=pallet_P2306M57UEU1135126_1774416596995_gge5ym, 条码=P2306M57UEU1135126
2026-03-25T13:29:56: 托盘条码异步处理任务已提交: P2306M57UEU1135126, JobId: pallet_P2306M57UEU1135126_1774416596995_gge5ym
2026-03-25T13:29:57: 🚀 托盘条码处理 - 队列模式: P2306M57UEU0935126
2026-03-25T13:29:57: 开始托盘条码异步处理: P2306M57UEU0935126, 产线: 德昌追觅C线包装
2026-03-25T13:29:57: 添加托盘处理任务到队列: 条码=P2306M57UEU0935126, 产线=德昌追觅C线包装
2026-03-25T13:29:57: 托盘处理任务已添加到队列: JobId=pallet_P2306M57UEU0935126_1774416597577_hym0sr, 条码=P2306M57UEU0935126
2026-03-25T13:29:57: 托盘条码异步处理任务已提交: P2306M57UEU0935126, JobId: pallet_P2306M57UEU0935126_1774416597577_hym0sr
2026-03-25T13:29:58: [API] 设备条码初始化 - 请求参数: { barcode: '1020260300621H24XX7M1A1H7', machineIp: '192.168.35.31' }
2026-03-25T13:29:58: [MPF][perf][trace][#21256] initializeMachineBarcode 7ms active=1->0
2026-03-25T13:29:58: [MPF][perf][trace][#21258] markMaterialBarcodeBatchesUsed 0ms active=2->1
2026-03-25T13:29:58: [MPF][perf][trace][#21259] preloadMaterialsByIds 0ms active=2->1
2026-03-25T13:29:58: [MPF][perf][trace][#21261] validateDICode 1ms active=3->2
2026-03-25T13:29:58: [MPF][perf][trace][#21260] validateBarcodeWithMaterial 3ms active=2->1
2026-03-25T13:29:58: [MPF][perf][trace][#21262] persistFlowRecordPatch 5ms active=2->1
2026-03-25T13:29:58: [MPF][perf][trace][#21257] scanProcessComponents 59ms active=1->0
2026-03-25T13:29:58: [API] 设备条码初始化 - 请求参数: {
  barcode: 'FW300XXXA20XL309F1A400047PKE7PKD',
  machineIp: '192.168.24.43'
}
2026-03-25T13:29:58: [MPF][perf][trace][#21263] initializeMachineBarcode 3ms active=1->0
2026-03-25T13:29:59: [API] 创建流程记录 - 请求参数: {
  mainMaterialId: '6757a138354604091e7a6199',
  materialCode: '411001B050102',
  barcode: 'YDC-BL0532-1-202603240502',
  productLineId: '689f00a8420fcf4cebef183f',
  productLineName: '旧风筒老化线'
}
2026-03-25T13:29:59: [MPF][perf][trace][#21266] buildProcessNodes 3ms active=2->1
2026-03-25T13:29:59: [MPF][perf][detail][#21265] buildProcessNodes totalMs=9ms materialBatchLookupMs=1ms processMaterialsQueryMs=1ms processStepQueryMs=1ms recursionMs=0ms rootMaterialLookupMs=0ms slowestCallMs=3ms subCraftLookupMs=1ms calls=1 maxDepth=0 leafCount=0 cycleHits=0 totalNodes=5 slowestDepth=0 slowestMaterialId=6757a138354604091e7a6199
2026-03-25T13:29:59: [MPF][perf][detail][#21265] createFlowByMaterialCode totalMs=9ms buildNodesMs=3ms craftLookupMs=2ms materialLookupMs=1ms saveMs=3ms workOrderLookupMs=2ms barcode=YDC-BL0532-1-202603240502 isFromDevice=false hasWorkOrder=false buildCalls=1 buildMaxDepth=0 processNodeCount=5
2026-03-25T13:29:59: [MPF][perf][trace][#21264] createFlowByMaterialCode 9ms active=1->0
2026-03-25T13:29:59: [API] 创建流程记录 - 请求参数: {
  mainMaterialId: '67c74dc1ec33d3a13e3b9736',
  materialCode: '1313102302',
  barcode: 'FW300XXXH17XL309Z0H600047QA57QA5',
  productLineId: '6785024f34bd0b84f8bc8682',
  productLineName: '遥控器一线'
}
2026-03-25T13:29:59: [MPF][perf][trace][#21270] buildProcessNodes 4ms active=3->2
2026-03-25T13:29:59: [MPF][perf][trace][#21269] buildProcessNodes 8ms active=2->1
2026-03-25T13:29:59: [MPF][perf][detail][#21268] buildProcessNodes totalMs=18ms materialBatchLookupMs=2ms processMaterialsQueryMs=3ms processStepQueryMs=1ms recursionMs=4ms rootMaterialLookupMs=0ms slowestCallMs=8ms subCraftLookupMs=3ms calls=2 maxDepth=1 leafCount=0 cycleHits=0 totalNodes=35 slowestDepth=0 slowestMaterialId=67c74dc1ec33d3a13e3b9736
2026-03-25T13:29:59: [MPF][perf][detail][#21268] createFlowByMaterialCode totalMs=18ms buildNodesMs=7ms craftLookupMs=1ms materialLookupMs=1ms saveMs=6ms workOrderLookupMs=1ms barcode=FW300XXXH17XL309Z0H600047QA57QA5 isFromDevice=false hasWorkOrder=false buildCalls=2 buildMaxDepth=1 processNodeCount=20
2026-03-25T13:29:59: [MPF][perf][trace][#21267] createFlowByMaterialCode 19ms active=1->0
2026-03-25T13:29:59: [API] 工序子物料批量扫码提交 - 请求参数: {
  mainBarcode: 'YDC-BL0532-1-202603240502',
  processStepId: '6881c85813c284ba0497a32c',
  componentScans: [],
  userId: '68a53b8eeae8df7d8877c7e5',
  lineId: '689f00a8420fcf4cebef183f'
}
2026-03-25T13:29:59: [MPF][perf][trace][#21272] markMaterialBarcodeBatchesUsed 0ms active=2->1
2026-03-25T13:29:59: [MPF][perf][trace][#21273] preloadMaterialsByIds 0ms active=2->1
2026-03-25T13:29:59: [MPF][perf][trace][#21275] validateDICode 2ms active=3->2
2026-03-25T13:29:59: [MPF][perf][trace][#21274] validateBarcodeWithMaterial 3ms active=2->1
2026-03-25T13:29:59: [MPF][perf][trace][#21276] persistFlowRecordPatch 1ms active=2->1
2026-03-25T13:29:59: [MPF][perf][trace][#21277] fixFlowProgress 5ms active=2->1
2026-03-25T13:29:59: [MPF][perf][trace][#21271] scanProcessComponents 14ms active=1->0
2026-03-25T13:29:59: [API] 工序子物料批量扫码提交 - 请求参数: {
  mainBarcode: 'FW300XXXH17XL309Z0H600047QA57QA5',
  processStepId: '684cc7feb24e29e1ffae069d',
  componentScans: [
    {
      materialId: '675ac74d354604091e8102ab',
      barcode: '1313102051-260313083359'
    }
  ],
  userId: '6784ef7553a924ac79a1ff42',
  lineId: '6785024f34bd0b84f8bc8682'
}
2026-03-25T13:29:59: 开始验证物料 1313102051 的工序节点兼容性
2026-03-25T13:29:59: 主物料中绑定节点的子节点数量: 14
2026-03-25T13:29:59: 子物料中非根节点数量: 14
2026-03-25T13:29:59: 主物料子树根节点数量: 1
2026-03-25T13:29:59: 子物料树根节点数量: 1
2026-03-25T13:29:59: 验证完成，发现 0 个错误
2026-03-25T13:29:59: [MPF][perf][trace][#21279] matchAndUpdateNodesRecursively 1ms active=2->1
2026-03-25T13:29:59: [MPF][perf][trace][#21280] markMaterialBarcodeBatchesUsed 1ms active=2->1
2026-03-25T13:29:59: [MPF][perf][trace][#21281] preloadMaterialsByIds 1ms active=2->1
2026-03-25T13:29:59: [MPF][perf][trace][#21282] validateBarcodeWithMaterial 1ms active=2->1
2026-03-25T13:29:59: [MPF][perf][trace][#21284] validateDICode 7ms active=3->2
2026-03-25T13:29:59: [MPF][perf][trace][#21283] validateBarcodeWithMaterial 7ms active=2->1
2026-03-25T13:29:59: [MPF][perf][trace][#21285] persistFlowRecordPatch 4ms active=2->1
2026-03-25T13:29:59: [MPF][perf][trace][#21286] fixFlowProgress 8ms active=2->1
2026-03-25T13:29:59: [MPF][perf][trace][#21278] scanProcessComponents 37ms active=1->0
2026-03-25T13:30:01: [API] 创建流程记录 - 请求参数: {
  mainMaterialId: '6757a138354604091e7a6199',
  materialCode: '411001B050102',
  barcode: 'YDC-BL0532-1-202603240509',
  productLineId: '689f00a8420fcf4cebef183f',
  productLineName: '旧风筒老化线'
}
2026-03-25T13:30:01: [MPF][perf][trace][#21289] buildProcessNodes 3ms active=2->1
2026-03-25T13:30:01: [MPF][perf][detail][#21288] buildProcessNodes totalMs=8ms materialBatchLookupMs=1ms processMaterialsQueryMs=1ms processStepQueryMs=0ms recursionMs=0ms rootMaterialLookupMs=0ms slowestCallMs=3ms subCraftLookupMs=1ms calls=1 maxDepth=0 leafCount=0 cycleHits=0 totalNodes=5 slowestDepth=0 slowestMaterialId=6757a138354604091e7a6199
2026-03-25T13:30:01: [MPF][perf][detail][#21288] createFlowByMaterialCode totalMs=8ms buildNodesMs=2ms craftLookupMs=1ms materialLookupMs=1ms saveMs=2ms workOrderLookupMs=1ms barcode=YDC-BL0532-1-202603240509 isFromDevice=false hasWorkOrder=false buildCalls=1 buildMaxDepth=0 processNodeCount=5
2026-03-25T13:30:01: [MPF][perf][trace][#21287] createFlowByMaterialCode 8ms active=1->0
2026-03-25T13:30:02: [API] 工序子物料批量扫码提交 - 请求参数: {
  mainBarcode: '1020260300621H24XX7M1A1F9',
  processStepId: '69be073e902e0a67bd505a7a',
  componentScans: [],
  userId: '67b810085cd22d7b23a52873',
  lineId: '67582bc0eebf2a4b34951ef6'
}
2026-03-25T13:30:02: [MPF][perf][trace][#21291] markMaterialBarcodeBatchesUsed 0ms active=2->1
2026-03-25T13:30:02: [MPF][perf][trace][#21292] preloadMaterialsByIds 0ms active=2->1
2026-03-25T13:30:02: [API] 工序子物料批量扫码提交 - 请求参数: {
  mainBarcode: 'YDC-BL0532-1-202603240509',
  processStepId: '6881c85813c284ba0497a32c',
  componentScans: [],
  userId: '68a53b8eeae8df7d8877c7e5',
  lineId: '689f00a8420fcf4cebef183f'
}
2026-03-25T13:30:02: [MPF][perf][trace][#21295] markMaterialBarcodeBatchesUsed 0ms active=4->3
2026-03-25T13:30:02: [MPF][perf][trace][#21296] preloadMaterialsByIds 0ms active=4->3
2026-03-25T13:30:02: [MPF][perf][trace][#21297] validateDICode 4ms active=4->5
2026-03-25T13:30:02: [MPF][perf][trace][#21294] validateBarcodeWithMaterial 9ms active=3->4
2026-03-25T13:30:02: [MPF][perf][trace][#21300] persistFlowRecordPatch 14ms active=5->4
2026-03-25T13:30:02: [MPF][perf][trace][#21299] validateDICode 16ms active=6->3
2026-03-25T13:30:02: [MPF][perf][trace][#21298] validateBarcodeWithMaterial 18ms active=5->2
2026-03-25T13:30:02: [MPF][perf][trace][#21290] scanProcessComponents 78ms active=1->2
2026-03-25T13:30:02: [MPF][perf][trace][#21301] persistFlowRecordPatch 9ms active=3->1
2026-03-25T13:30:02: [MPF][perf][trace][#21302] fixFlowProgress 8ms active=2->1
2026-03-25T13:30:02: [MPF][perf][trace][#21293] scanProcessComponents 44ms active=2->0
2026-03-25T13:30:02: [API] 设备条码初始化 - 请求参数: {
  barcode: 'FW3001595026X7HZ82AC0432603150178200026010028743',
  machineIp: '192.168.35.34'
}
2026-03-25T13:30:02: [MPF][perf][trace][#21303] initializeMachineBarcode 1ms active=1->0
2026-03-25T13:30:02: [MPF][perf][trace][#21305] markMaterialBarcodeBatchesUsed 0ms active=2->1
2026-03-25T13:30:02: [MPF][perf][trace][#21306] preloadMaterialsByIds 0ms active=2->1
2026-03-25T13:30:02: [MPF][perf][trace][#21308] validateDICode 2ms active=3->2
2026-03-25T13:30:02: [MPF][perf][trace][#21307] validateBarcodeWithMaterial 2ms active=2->1
2026-03-25T13:30:02: [MPF][perf][trace][#21309] persistFlowRecordPatch 1ms active=2->1
2026-03-25T13:30:02: [MPF][perf][trace][#21304] scanProcessComponents 8ms active=1->0
2026-03-25T13:30:02: [API] 设备条码初始化 - 请求参数: { barcode: 'H21XX751Z0F3F', machineIp: '4' }
2026-03-25T13:30:02: 🗑️ 已清除物料 68811511150d569dae4a93b6 的条码规则缓存
2026-03-25T13:30:02: [MPF][perf][trace][#21311] validateBarcodeWithMaterial 4ms active=2->1
2026-03-25T13:30:02: 初始化设备条码失败: Error: 条码不符合任何已配置的规则或物料不匹配
    at Function.initializeMachineBarcode (D:\zrMes\dcMes_server\services\materialProcessFlowService.js:4965:15)
    at runMicrotasks (<anonymous>)
    at processTicksAndRejections (internal/process/task_queues.js:93:5)
    at async Function.wrappedMethod (D:\zrMes\dcMes_server\services\materialProcessFlowService.js:162:16)
    at async D:\zrMes\dcMes_server\routes\materialProcessFlowService.js:352:20
2026-03-25T13:30:02: [MPF][perf][error][#21310] initializeMachineBarcode 11ms active=1->0 msg=条码不符合任何已配置的规则或物料不匹配
2026-03-25T13:30:04: [API] 工序子物料批量扫码提交 - 请求参数: {
  mainBarcode: '1020260300621H24XX7M1A1R5',
  processStepId: '69be073e29e3587154b01049',
  componentScans: [
    {
      materialId: '689e16129e542955670237ef',
      barcode: '1313102513-260324083757'
    }
  ],
  userId: '67b810085cd22d7b23a52873',
  lineId: '67582bc0eebf2a4b34951ef6'
}
2026-03-25T13:30:04: 开始验证物料 1313102513 的工序节点兼容性
2026-03-25T13:30:04: 主物料中绑定节点的子节点数量: 5
2026-03-25T13:30:04: 子物料中非根节点数量: 5
2026-03-25T13:30:04: 主物料子树根节点数量: 1
2026-03-25T13:30:04: 子物料树根节点数量: 1
2026-03-25T13:30:04: 验证完成，发现 0 个错误
2026-03-25T13:30:04: [MPF][perf][trace][#21313] matchAndUpdateNodesRecursively 1ms active=2->1
2026-03-25T13:30:04: [MPF][perf][trace][#21314] markMaterialBarcodeBatchesUsed 1ms active=2->1
2026-03-25T13:30:04: [MPF][perf][trace][#21315] preloadMaterialsByIds 1ms active=2->1
2026-03-25T13:30:04: [MPF][perf][trace][#21316] validateBarcodeWithMaterial 0ms active=2->1
2026-03-25T13:30:04: [API] 检查条码节点完成情况 - 请求参数: { params: {}, query: { barcode: 'FW300XXXH17XL309Z0H200047QA57QA5' } }
2026-03-25T13:30:04: [MPF][perf][trace][#21318] checkBarcodeCompletion 3ms active=3->3
2026-03-25T13:30:04: [MPF][perf][trace][#21319] validateDICode 6ms active=4->2
2026-03-25T13:30:04: [MPF][perf][trace][#21317] validateBarcodeWithMaterial 7ms active=2->1
2026-03-25T13:30:04: [MPF][perf][trace][#21320] persistFlowRecordPatch 5ms active=2->1
2026-03-25T13:30:04: [MPF][perf][trace][#21312] scanProcessComponents 66ms active=1->0
2026-03-25T13:30:04: [API] 设备条码初始化 - 请求参数: { barcode: '1020260300621H24XX7M1A1A1', machineIp: '2' }
2026-03-25T13:30:04: [MPF][perf][trace][#21321] initializeMachineBarcode 7ms active=1->0
2026-03-25T13:30:04: [API] 工序子物料批量扫码提交 - 请求参数: {
  mainBarcode: 'FW300XXXH17XL309Z0R000047QA57QA5',
  processStepId: '684cc7fe3e948cf23178026e',
  componentScans: [],
  userId: '6784ef7553a924ac79a1ff42',
  lineId: '6785024f34bd0b84f8bc8682'
}
2026-03-25T13:30:04: [MPF][perf][trace][#21323] markMaterialBarcodeBatchesUsed 0ms active=2->1
2026-03-25T13:30:04: [MPF][perf][trace][#21324] preloadMaterialsByIds 0ms active=2->1
2026-03-25T13:30:04: [MPF][perf][trace][#21326] validateDICode 6ms active=3->2
2026-03-25T13:30:04: [MPF][perf][trace][#21325] validateBarcodeWithMaterial 7ms active=2->1
2026-03-25T13:30:04: [MPF][perf][trace][#21327] persistFlowRecordPatch 3ms active=2->1
2026-03-25T13:30:04: [MPF][perf][trace][#21322] scanProcessComponents 21ms active=1->0
2026-03-25T13:30:04: [API] 创建流程记录 - 请求参数: {
  mainMaterialId: '6757a138354604091e7a6199',
  materialCode: '411001B050102',
  barcode: 'YDC-BL0532-1-202603240507',
  productLineId: '689f00a8420fcf4cebef183f',
  productLineName: '旧风筒老化线'
}
2026-03-25T13:30:04: [MPF][perf][trace][#21330] buildProcessNodes 3ms active=2->1
2026-03-25T13:30:04: [MPF][perf][detail][#21329] buildProcessNodes totalMs=8ms materialBatchLookupMs=1ms processMaterialsQueryMs=1ms processStepQueryMs=1ms recursionMs=0ms rootMaterialLookupMs=0ms slowestCallMs=3ms subCraftLookupMs=1ms calls=1 maxDepth=0 leafCount=0 cycleHits=0 totalNodes=5 slowestDepth=0 slowestMaterialId=6757a138354604091e7a6199
2026-03-25T13:30:04: [MPF][perf][detail][#21329] createFlowByMaterialCode totalMs=8ms buildNodesMs=3ms craftLookupMs=2ms materialLookupMs=2ms saveMs=2ms workOrderLookupMs=2ms barcode=YDC-BL0532-1-202603240507 isFromDevice=false hasWorkOrder=false buildCalls=1 buildMaxDepth=0 processNodeCount=5
2026-03-25T13:30:04: [MPF][perf][trace][#21328] createFlowByMaterialCode 9ms active=1->0
2026-03-25T13:30:04: [API] 工序子物料批量扫码提交 - 请求参数: {
  mainBarcode: 'YDC-BL0532-1-202603240507',
  processStepId: '6881c85813c284ba0497a32c',
  componentScans: [],
  userId: '68a53b8eeae8df7d8877c7e5',
  lineId: '689f00a8420fcf4cebef183f'
}
2026-03-25T13:30:04: [MPF][perf][trace][#21332] markMaterialBarcodeBatchesUsed 0ms active=2->1
2026-03-25T13:30:04: [MPF][perf][trace][#21333] preloadMaterialsByIds 0ms active=2->1
2026-03-25T13:30:04: [MPF][perf][trace][#21335] validateDICode 2ms active=3->2
2026-03-25T13:30:04: [MPF][perf][trace][#21334] validateBarcodeWithMaterial 2ms active=2->1
2026-03-25T13:30:04: [MPF][perf][trace][#21336] persistFlowRecordPatch 2ms active=2->1
2026-03-25T13:30:04: [MPF][perf][trace][#21337] fixFlowProgress 4ms active=2->1
2026-03-25T13:30:04: [MPF][perf][trace][#21331] scanProcessComponents 14ms active=1->0
2026-03-25T13:30:05: [API] 检查条码节点完成情况 - 请求参数: { params: {}, query: { barcode: '6921734968173' } }
2026-03-25T13:30:05: 检查条码完成情况失败: Error: 未找到对应的流程记录
    at Function.checkBarcodeCompletion (D:\zrMes\dcMes_server\services\materialProcessFlowService.js:5890:15)
    at runMicrotasks (<anonymous>)
    at processTicksAndRejections (internal/process/task_queues.js:93:5)
    at async Function.wrappedMethod (D:\zrMes\dcMes_server\services\materialProcessFlowService.js:162:16)
    at async D:\zrMes\dcMes_server\routes\materialProcessFlowService.js:852:20
2026-03-25T13:30:05: [MPF][perf][error][#21338] checkBarcodeCompletion 1ms active=1->0 msg=未找到对应的流程记录
2026-03-25T13:30:05: [API] 设备条码初始化 - 请求参数: { barcode: '1020260300621H24XX7M1A0S6', machineIp: '192.168.35.30' }
2026-03-25T13:30:05: [MPF][perf][trace][#21339] initializeMachineBarcode 8ms active=1->0
2026-03-25T13:30:06: [API] 设备条码初始化 - 请求参数: {
  barcode: 'FW3001595026X7HZ82AC0432603150178100026010028743',
  machineIp: '192.168.35.34'
}
2026-03-25T13:30:06: [MPF][perf][trace][#21342] validateDICode 2ms active=3->2
2026-03-25T13:30:06: [MPF][perf][trace][#21341] validateBarcodeWithMaterial 3ms active=2->1
2026-03-25T13:30:06: [MPF][perf][trace][#21345] buildProcessNodes 3ms active=3->2
2026-03-25T13:30:06: [MPF][perf][detail][#21344] buildProcessNodes totalMs=6ms materialBatchLookupMs=1ms processMaterialsQueryMs=1ms processStepQueryMs=1ms recursionMs=0ms rootMaterialLookupMs=0ms slowestCallMs=3ms subCraftLookupMs=1ms calls=1 maxDepth=0 leafCount=0 cycleHits=0 totalNodes=2 slowestDepth=0 slowestMaterialId=689e16129e542955670237ee
2026-03-25T13:30:06: [MPF][perf][detail][#21344] createFlowByMaterialCode totalMs=6ms buildNodesMs=3ms craftLookupMs=1ms materialLookupMs=1ms saveMs=1ms workOrderLookupMs=1ms barcode=FW3001595026X7HZ82AC0432603150178100026010028743 isFromDevice=false hasWorkOrder=false buildCalls=1 buildMaxDepth=0 processNodeCount=2
2026-03-25T13:30:06: [MPF][perf][trace][#21343] createFlowByMaterialCode 7ms active=2->1
2026-03-25T13:30:06: [MPF][perf][trace][#21340] initializeMachineBarcode 14ms active=1->0
2026-03-25T13:30:06: [API] 设备条码初始化 - 请求参数: { barcode: '1020260300621H24XX7M1A1F2', machineIp: '1' }
2026-03-25T13:30:06: [MPF][perf][trace][#21346] initializeMachineBarcode 7ms active=1->0
2026-03-25T13:30:07: [API] 创建流程记录 - 请求参数: {
  mainMaterialId: '6757a138354604091e7a6199',
  materialCode: '411001B050102',
  barcode: 'YDC-BL0532-1-202603240510',
  productLineId: '689f00a8420fcf4cebef183f',
  productLineName: '旧风筒老化线'
}
2026-03-25T13:30:07: [MPF][perf][trace][#21349] buildProcessNodes 4ms active=2->1
2026-03-25T13:30:07: [MPF][perf][detail][#21348] buildProcessNodes totalMs=11ms materialBatchLookupMs=1ms processMaterialsQueryMs=2ms processStepQueryMs=1ms recursionMs=0ms rootMaterialLookupMs=0ms slowestCallMs=4ms subCraftLookupMs=1ms calls=1 maxDepth=0 leafCount=0 cycleHits=0 totalNodes=5 slowestDepth=0 slowestMaterialId=6757a138354604091e7a6199
2026-03-25T13:30:07: [MPF][perf][detail][#21348] createFlowByMaterialCode totalMs=11ms buildNodesMs=4ms craftLookupMs=2ms materialLookupMs=2ms saveMs=3ms workOrderLookupMs=2ms barcode=YDC-BL0532-1-202603240510 isFromDevice=false hasWorkOrder=false buildCalls=1 buildMaxDepth=0 processNodeCount=5
2026-03-25T13:30:07: [MPF][perf][trace][#21347] createFlowByMaterialCode 12ms active=1->0
2026-03-25T13:30:07: [API] 工序子物料批量扫码提交 - 请求参数: {
  mainBarcode: 'YDC-BL0532-1-202603240510',
  processStepId: '6881c85813c284ba0497a32c',
  componentScans: [],
  userId: '68a53b8eeae8df7d8877c7e5',
  lineId: '689f00a8420fcf4cebef183f'
}
2026-03-25T13:30:07: [MPF][perf][trace][#21351] markMaterialBarcodeBatchesUsed 0ms active=2->1
2026-03-25T13:30:07: [MPF][perf][trace][#21352] preloadMaterialsByIds 0ms active=2->1
2026-03-25T13:30:07: [MPF][perf][trace][#21354] validateDICode 4ms active=3->2
2026-03-25T13:30:07: [MPF][perf][trace][#21353] validateBarcodeWithMaterial 4ms active=2->1
2026-03-25T13:30:07: [MPF][perf][trace][#21355] persistFlowRecordPatch 2ms active=2->1
2026-03-25T13:30:07: [MPF][perf][trace][#21356] fixFlowProgress 4ms active=2->1
2026-03-25T13:30:07: [MPF][perf][trace][#21350] scanProcessComponents 16ms active=1->0
2026-03-25T13:30:07: [API] 工序子物料批量扫码提交 - 请求参数: {
  mainBarcode: '1020260300621H24XX7M1A1A1',
  processStepId: '69be073ea278d47574e8dfb5',
  componentScans: [],
  userId: '675fe718f9bd4270460b2c29',
  lineId: '67582bc0eebf2a4b34951ef6'
}
2026-03-25T13:30:07: [MPF][perf][trace][#21358] markMaterialBarcodeBatchesUsed 0ms active=2->1
2026-03-25T13:30:07: [MPF][perf][trace][#21359] preloadMaterialsByIds 0ms active=2->1
2026-03-25T13:30:07: [MPF][perf][trace][#21361] validateDICode 2ms active=3->2
2026-03-25T13:30:07: [MPF][perf][trace][#21360] validateBarcodeWithMaterial 2ms active=2->1
2026-03-25T13:30:07: [MPF][perf][trace][#21362] persistFlowRecordPatch 5ms active=2->1
2026-03-25T13:30:07: [MPF][perf][trace][#21357] scanProcessComponents 59ms active=1->0
2026-03-25T13:30:08: [API] 检查条码节点完成情况 - 请求参数: { params: {}, query: { barcode: 'FW300XXXH17XL309Z0H200047QA57QA5' } }
2026-03-25T13:30:08: [MPF][perf][trace][#21363] checkBarcodeCompletion 2ms active=1->0
2026-03-25T13:30:09: [API] 设备条码初始化 - 请求参数: { barcode: '1020260300621H24XX7M1A1F7', machineIp: '192.168.35.31' }
2026-03-25T13:30:09: [MPF][perf][trace][#21364] initializeMachineBarcode 7ms active=1->0
2026-03-25T13:30:10: [API] 创建流程记录 - 请求参数: {
  mainMaterialId: '6757a138354604091e7a6199',
  materialCode: '411001B050102',
  barcode: 'YDC-BL0532-1-202603240505',
  productLineId: '689f00a8420fcf4cebef183f',
  productLineName: '旧风筒老化线'
}
2026-03-25T13:30:10: [MPF][perf][trace][#21367] buildProcessNodes 3ms active=2->1
2026-03-25T13:30:10: [MPF][perf][detail][#21366] buildProcessNodes totalMs=8ms materialBatchLookupMs=1ms processMaterialsQueryMs=1ms processStepQueryMs=1ms recursionMs=0ms rootMaterialLookupMs=0ms slowestCallMs=3ms subCraftLookupMs=1ms calls=1 maxDepth=0 leafCount=0 cycleHits=0 totalNodes=5 slowestDepth=0 slowestMaterialId=6757a138354604091e7a6199
2026-03-25T13:30:10: [MPF][perf][detail][#21366] createFlowByMaterialCode totalMs=8ms buildNodesMs=3ms craftLookupMs=1ms materialLookupMs=1ms saveMs=2ms workOrderLookupMs=1ms barcode=YDC-BL0532-1-202603240505 isFromDevice=false hasWorkOrder=false buildCalls=1 buildMaxDepth=0 processNodeCount=5
2026-03-25T13:30:10: [MPF][perf][trace][#21365] createFlowByMaterialCode 8ms active=1->0
2026-03-25T13:30:10: [API] 设备条码初始化 - 请求参数: { barcode: 'YDC-BL0532-1-202603240459', machineIp: '192.168.26.36' }
2026-03-25T13:30:10: [MPF][perf][trace][#21368] initializeMachineBarcode 2ms active=1->0
2026-03-25T13:30:10: [API] 工序子物料批量扫码提交 - 请求参数: {
  mainBarcode: 'YDC-BL0532-1-202603240505',
  processStepId: '6881c85813c284ba0497a32c',
  componentScans: [],
  userId: '68a53b8eeae8df7d8877c7e5',
  lineId: '689f00a8420fcf4cebef183f'
}
2026-03-25T13:30:10: [MPF][perf][trace][#21370] markMaterialBarcodeBatchesUsed 0ms active=2->1
2026-03-25T13:30:10: [MPF][perf][trace][#21371] preloadMaterialsByIds 0ms active=2->1
2026-03-25T13:30:10: [MPF][perf][trace][#21373] validateDICode 3ms active=3->2
2026-03-25T13:30:10: [MPF][perf][trace][#21372] validateBarcodeWithMaterial 3ms active=2->1
2026-03-25T13:30:10: [MPF][perf][trace][#21374] persistFlowRecordPatch 1ms active=2->1
2026-03-25T13:30:10: [MPF][perf][trace][#21375] fixFlowProgress 4ms active=2->1
2026-03-25T13:30:10: [MPF][perf][trace][#21369] scanProcessComponents 13ms active=1->0
2026-03-25T13:30:10: [MPF][perf][trace][#21377] markMaterialBarcodeBatchesUsed 0ms active=2->1
2026-03-25T13:30:10: [MPF][perf][trace][#21378] preloadMaterialsByIds 0ms active=2->1
2026-03-25T13:30:10: [MPF][perf][trace][#21380] validateDICode 2ms active=3->2
2026-03-25T13:30:10: [MPF][perf][trace][#21379] validateBarcodeWithMaterial 3ms active=2->1
2026-03-25T13:30:10: [MPF][perf][trace][#21381] persistFlowRecordPatch 1ms active=2->1
2026-03-25T13:30:10: [MPF][perf][trace][#21376] scanProcessComponents 9ms active=1->0
2026-03-25T13:30:11: [API] 工序子物料批量扫码提交 - 请求参数: {
  mainBarcode: '1020260300621H24XX7M1A1H2',
  processStepId: '69be073ef2567c6043a36d47',
  componentScans: [
    {
      materialId: '6757a580354604091e7bef1e',
      barcode: '1313102217-260316084200'
    },
    {
      materialId: '6757a580354604091e7beede',
      barcode: '1313102216-260316084031'
    }
  ],
  userId: '67b810085cd22d7b23a52873',
  lineId: '67582bc0eebf2a4b34951ef6'
}
2026-03-25T13:30:11: 开始验证物料 1313102217 的工序节点兼容性
2026-03-25T13:30:11: 主物料中绑定节点的子节点数量: 4
2026-03-25T13:30:11: 子物料中非根节点数量: 4
2026-03-25T13:30:11: 主物料子树根节点数量: 1
2026-03-25T13:30:11: 子物料树根节点数量: 1
2026-03-25T13:30:11: 验证完成，发现 0 个错误
2026-03-25T13:30:11: [MPF][perf][trace][#21383] matchAndUpdateNodesRecursively 1ms active=2->1
2026-03-25T13:30:11: 开始验证物料 1313102216 的工序节点兼容性
2026-03-25T13:30:11: 主物料中绑定节点的子节点数量: 4
2026-03-25T13:30:11: 子物料中非根节点数量: 4
2026-03-25T13:30:11: 主物料子树根节点数量: 1
2026-03-25T13:30:11: 子物料树根节点数量: 1
2026-03-25T13:30:11: 验证完成，发现 0 个错误
2026-03-25T13:30:11: [MPF][perf][trace][#21384] matchAndUpdateNodesRecursively 0ms active=2->1
2026-03-25T13:30:11: [MPF][perf][trace][#21385] markMaterialBarcodeBatchesUsed 1ms active=2->1
2026-03-25T13:30:11: [MPF][perf][trace][#21386] preloadMaterialsByIds 1ms active=2->1
2026-03-25T13:30:11: [MPF][perf][trace][#21387] validateBarcodeWithMaterial 0ms active=2->2
2026-03-25T13:30:11: [MPF][perf][trace][#21388] validateBarcodeWithMaterial 1ms active=3->1
2026-03-25T13:30:11: [MPF][perf][trace][#21390] validateDICode 2ms active=3->2
2026-03-25T13:30:11: [MPF][perf][trace][#21389] validateBarcodeWithMaterial 2ms active=2->1
2026-03-25T13:30:11: [MPF][perf][trace][#21391] persistFlowRecordPatch 7ms active=2->1
2026-03-25T13:30:11: [MPF][perf][trace][#21382] scanProcessComponents 68ms active=1->0
2026-03-25T13:30:12: [API] 工序子物料批量扫码提交 - 请求参数: {
  mainBarcode: '1020260300621H24XX7M1A1U0',
  processStepId: '69be073ea44b1ba77491de81',
  componentScans: [
    {
      materialId: '6757a56f354604091e7be8ac',
      barcode: '102251-114010190087-20260315-02676'
    },
    {
      materialId: '675e2e1f354604091e8459ba',
      barcode: '1313102232-260316083812'
    }
  ],
  userId: '67b810085cd22d7b23a52873',
  lineId: '67582bc0eebf2a4b34951ef6'
}
2026-03-25T13:30:12: 🔒 成功获取关键物料条码锁: 102251-114010190087-20260315-02676 (主条码: 1020260300621H24XX7M1A1U0)
2026-03-25T13:30:12: 开始验证物料 1313102232 的工序节点兼容性
2026-03-25T13:30:12: 主物料中绑定节点的子节点数量: 4
2026-03-25T13:30:12: 子物料中非根节点数量: 4
2026-03-25T13:30:12: 主物料子树根节点数量: 1
2026-03-25T13:30:12: 子物料树根节点数量: 1
2026-03-25T13:30:12: 验证完成，发现 0 个错误
2026-03-25T13:30:12: [MPF][perf][trace][#21393] matchAndUpdateNodesRecursively 1ms active=2->1
2026-03-25T13:30:12: [MPF][perf][trace][#21394] markMaterialBarcodeBatchesUsed 1ms active=2->1
2026-03-25T13:30:12: [MPF][perf][trace][#21395] preloadMaterialsByIds 1ms active=2->1
2026-03-25T13:30:12: [MPF][perf][trace][#21397] validateBarcodeWithMaterial 6ms active=3->3
2026-03-25T13:30:12: [MPF][perf][trace][#21398] validateDICode 2ms active=4->2
2026-03-25T13:30:12: [MPF][perf][trace][#21396] validateBarcodeWithMaterial 8ms active=2->1
2026-03-25T13:30:12: [MPF][perf][trace][#21400] validateDICode 2ms active=3->2
2026-03-25T13:30:12: [MPF][perf][trace][#21399] validateBarcodeWithMaterial 2ms active=2->1
2026-03-25T13:30:12: [MPF][perf][trace][#21401] persistFlowRecordPatch 6ms active=2->1
2026-03-25T13:30:12: 🔓 成功释放关键物料条码锁: 102251-114010190087-20260315-02676 (主条码: 1020260300621H24XX7M1A1U0)
2026-03-25T13:30:12: [MPF][perf][trace][#21392] scanProcessComponents 72ms active=1->0
2026-03-25T13:30:13: 🚀 托盘条码处理 - 队列模式: P2306M57UEU2146126
2026-03-25T13:30:13: 开始托盘条码异步处理: P2306M57UEU2146126, 产线: 德昌追觅C线包装
2026-03-25T13:30:13: 添加托盘处理任务到队列: 条码=P2306M57UEU2146126, 产线=德昌追觅C线包装
2026-03-25T13:30:13: 托盘处理任务已添加到队列: JobId=pallet_P2306M57UEU2146126_1774416613586_5e9vkm, 条码=P2306M57UEU2146126
2026-03-25T13:30:13: 托盘条码异步处理任务已提交: P2306M57UEU2146126, JobId: pallet_P2306M57UEU2146126_1774416613586_5e9vkm
2026-03-25T13:30:13: [API] 创建流程记录 - 请求参数: {
  mainMaterialId: '6757a138354604091e7a6199',
  materialCode: '411001B050102',
  barcode: 'YDC-BL0532-1-202603240506',
  productLineId: '689f00a8420fcf4cebef183f',
  productLineName: '旧风筒老化线'
}
2026-03-25T13:30:13: [MPF][perf][trace][#21404] buildProcessNodes 3ms active=2->1
2026-03-25T13:30:13: [MPF][perf][detail][#21403] buildProcessNodes totalMs=9ms materialBatchLookupMs=1ms processMaterialsQueryMs=1ms processStepQueryMs=1ms recursionMs=0ms rootMaterialLookupMs=0ms slowestCallMs=3ms subCraftLookupMs=1ms calls=1 maxDepth=0 leafCount=0 cycleHits=0 totalNodes=5 slowestDepth=0 slowestMaterialId=6757a138354604091e7a6199
2026-03-25T13:30:13: [MPF][perf][detail][#21403] createFlowByMaterialCode totalMs=9ms buildNodesMs=3ms craftLookupMs=2ms materialLookupMs=2ms saveMs=3ms workOrderLookupMs=2ms barcode=YDC-BL0532-1-202603240506 isFromDevice=false hasWorkOrder=false buildCalls=1 buildMaxDepth=0 processNodeCount=5
2026-03-25T13:30:13: [MPF][perf][trace][#21402] createFlowByMaterialCode 9ms active=1->0
2026-03-25T13:30:13: [API] 设备条码初始化 - 请求参数: {
  barcode: 'FW300XXXH18XL309A1U500047QA57QA5',
  machineIp: '192.168.24.43'
}
2026-03-25T13:30:13: [MPF][perf][trace][#21405] initializeMachineBarcode 2ms active=1->0
2026-03-25T13:30:13: [API] 工序子物料批量扫码提交 - 请求参数: {
  mainBarcode: 'YDC-BL0532-1-202603240506',
  processStepId: '6881c85813c284ba0497a32c',
  componentScans: [],
  userId: '68a53b8eeae8df7d8877c7e5',
  lineId: '689f00a8420fcf4cebef183f'
}
2026-03-25T13:30:13: [MPF][perf][trace][#21407] markMaterialBarcodeBatchesUsed 0ms active=2->1
2026-03-25T13:30:13: [MPF][perf][trace][#21408] preloadMaterialsByIds 0ms active=2->1
2026-03-25T13:30:13: [MPF][perf][trace][#21410] validateDICode 2ms active=3->2
2026-03-25T13:30:13: [MPF][perf][trace][#21409] validateBarcodeWithMaterial 3ms active=2->1
2026-03-25T13:30:13: [MPF][perf][trace][#21411] persistFlowRecordPatch 2ms active=2->1
2026-03-25T13:30:13: [MPF][perf][trace][#21412] fixFlowProgress 3ms active=2->1
2026-03-25T13:30:13: [MPF][perf][trace][#21406] scanProcessComponents 14ms active=1->0
2026-03-25T13:30:14: 🚀 托盘条码处理 - 队列模式: P2306M57UEU1845126
2026-03-25T13:30:14: 开始托盘条码异步处理: P2306M57UEU1845126, 产线: 德昌追觅C线包装
2026-03-25T13:30:14: 添加托盘处理任务到队列: 条码=P2306M57UEU1845126, 产线=德昌追觅C线包装
2026-03-25T13:30:14: 托盘处理任务已添加到队列: JobId=pallet_P2306M57UEU1845126_1774416614189_b9iew6, 条码=P2306M57UEU1845126
2026-03-25T13:30:14: 托盘条码异步处理任务已提交: P2306M57UEU1845126, JobId: pallet_P2306M57UEU1845126_1774416614189_b9iew6
2026-03-25T13:30:14: 🚀 托盘条码处理 - 队列模式: P2306M57UEU1949126
2026-03-25T13:30:14: 开始托盘条码异步处理: P2306M57UEU1949126, 产线: 德昌追觅C线包装
2026-03-25T13:30:14: 添加托盘处理任务到队列: 条码=P2306M57UEU1949126, 产线=德昌追觅C线包装
2026-03-25T13:30:14: 托盘处理任务已添加到队列: JobId=pallet_P2306M57UEU1949126_1774416614773_4ojaw7, 条码=P2306M57UEU1949126
2026-03-25T13:30:14: 托盘条码异步处理任务已提交: P2306M57UEU1949126, JobId: pallet_P2306M57UEU1949126_1774416614773_4ojaw7
2026-03-25T13:30:15: [API] 工序子物料批量扫码提交 - 请求参数: {
  mainBarcode: '1020260300621H24XX7M1A2Z6',
  processStepId: '69be073eb62fba7cdf2dbdb1',
  componentScans: [
    {
      materialId: '6757a56f354604091e7be893',
      barcode: '102250-117290010703-20260303-56688'
    }
  ],
  userId: '67b810085cd22d7b23a52873',
  lineId: '67582bc0eebf2a4b34951ef6'
}
2026-03-25T13:30:15: 🔒 成功获取关键物料条码锁: 102250-117290010703-20260303-56688 (主条码: 1020260300621H24XX7M1A2Z6)
2026-03-25T13:30:15: [MPF][perf][trace][#21414] markMaterialBarcodeBatchesUsed 1ms active=2->1
2026-03-25T13:30:15: [MPF][perf][trace][#21415] preloadMaterialsByIds 1ms active=2->1
2026-03-25T13:30:15: [MPF][perf][trace][#21417] validateDICode 2ms active=3->2
2026-03-25T13:30:15: [MPF][perf][trace][#21416] validateBarcodeWithMaterial 2ms active=2->1
2026-03-25T13:30:15: [MPF][perf][trace][#21419] validateDICode 3ms active=3->2
2026-03-25T13:30:15: [MPF][perf][trace][#21418] validateBarcodeWithMaterial 3ms active=2->1
2026-03-25T13:30:15: [MPF][perf][trace][#21420] persistFlowRecordPatch 8ms active=2->1
2026-03-25T13:30:15: 🔓 成功释放关键物料条码锁: 102250-117290010703-20260303-56688 (主条码: 1020260300621H24XX7M1A2Z6)
2026-03-25T13:30:15: [MPF][perf][trace][#21413] scanProcessComponents 66ms active=1->0
2026-03-25T13:30:15: 🚀 托盘条码处理 - 队列模式: P2306M57UEU1147126
2026-03-25T13:30:15: 开始托盘条码异步处理: P2306M57UEU1147126, 产线: 德昌追觅C线包装
2026-03-25T13:30:15: 添加托盘处理任务到队列: 条码=P2306M57UEU1147126, 产线=德昌追觅C线包装
2026-03-25T13:30:15: 托盘处理任务已添加到队列: JobId=pallet_P2306M57UEU1147126_1774416615356_fa844n, 条码=P2306M57UEU1147126
2026-03-25T13:30:15: 托盘条码异步处理任务已提交: P2306M57UEU1147126, JobId: pallet_P2306M57UEU1147126_1774416615356_fa844n
2026-03-25T13:30:15: 🚀 托盘条码处理 - 队列模式: P2306M57UEU1090126
2026-03-25T13:30:15: 开始托盘条码异步处理: P2306M57UEU1090126, 产线: 德昌追觅C线包装
2026-03-25T13:30:15: 添加托盘处理任务到队列: 条码=P2306M57UEU1090126, 产线=德昌追觅C线包装
2026-03-25T13:30:15: 托盘处理任务已添加到队列: JobId=pallet_P2306M57UEU1090126_1774416615939_0y9985, 条码=P2306M57UEU1090126
2026-03-25T13:30:15: 🎯 开始处理托盘任务: pallet_P2306M57UEU1090126_1774416615939_0y9985, 条码: P2306M57UEU1090126, 产线: 德昌追觅C线包装, Worker: worker_28792_1774416615941_8pea2t
2026-03-25T13:30:15: 🔐 尝试获取托盘锁: P2306M57UEU1090126
2026-03-25T13:30:15: 🔒 托盘锁已获取: P2306M57UEU1090126 by worker_28792_1774416615941_8pea2t
2026-03-25T13:30:15: 开始处理托盘条码（简化版本）: P2306M57UEU1090126, 盒条码: 1001998512121964, 来自维修台: false
2026-03-25T13:30:15: 托盘条码异步处理任务已提交: P2306M57UEU1090126, JobId: pallet_P2306M57UEU1090126_1774416615939_0y9985
2026-03-25T13:30:15: 使用托盘: YDC-SN-1774416187642
2026-03-25T13:30:15: 开始触发工序完成: P2306M57UEU1090126, 托盘编号: YDC-SN-1774416187642
2026-03-25T13:30:15: flowRecord.progress 100
2026-03-25T13:30:15: processPosition.isLast true
2026-03-25T13:30:15: 🔗 调用工单处理服务: http://localhost:2228/api/workorder/update-quantity {
  workOrderId: new ObjectId("68744d51deb41f5b58c474b5"),
  type: 'output',
  quantity: 1
}
2026-03-25T13:30:15: ✅ 工单处理服务响应: {
  success: true,
  jobId: '68744d51deb41f5b58c474b5_output_1774416615965',
  queueLength: 0
}
2026-03-25T13:30:15: [MPF][perf][trace][#21422] updateWorkOrderQuantity 11ms active=2->1
2026-03-25T13:30:15: 条码 P2306M57UEU1090126 首次完成生产，产出量+1
2026-03-25T13:30:15: [MPF][perf][trace][#21423] persistFlowRecordPatch 2ms active=2->1
2026-03-25T13:30:15: [MPF][perf][trace][#21421] scanBatchDocument 19ms active=1->0
2026-03-25T13:30:15: 条码 P2306M57UEU1090126 工序完成触发成功
2026-03-25T13:30:15: 工序绑定和托盘入托完成，条码 P2306M57UEU1090126 处理成功
2026-03-25T13:30:15: ✅ 托盘处理任务完成: pallet_P2306M57UEU1090126_1774416615939_0y9985, 条码: P2306M57UEU1090126, 耗时: 37ms, Worker: worker_28792_1774416615941_8pea2t
2026-03-25T13:30:15: 📈 托盘队列任务进度: pallet_P2306M57UEU1090126_1774416615939_0y9985 - 100%
2026-03-25T13:30:15: 🔓 托盘锁已释放: P2306M57UEU1090126 by worker_28792_1774416615941_8pea2t
2026-03-25T13:30:15: ✅ 托盘队列任务完成: pallet_P2306M57UEU1090126_1774416615939_0y9985 {
  mainBarcode: 'P2306M57UEU1090126',
  palletCode: 'YDC-SN-1774416187642',
  duration: 37
}
2026-03-25T13:30:16: [API] 设备条码初始化 - 请求参数: {
  barcode: 'FW3001595026X7HZ82AC0432603150168400026010028743',
  machineIp: '192.168.35.34'
}
2026-03-25T13:30:16: [MPF][perf][trace][#21426] validateDICode 2ms active=3->2
2026-03-25T13:30:16: [MPF][perf][trace][#21425] validateBarcodeWithMaterial 2ms active=2->1
2026-03-25T13:30:16: [MPF][perf][trace][#21429] buildProcessNodes 3ms active=3->2
2026-03-25T13:30:16: [MPF][perf][detail][#21428] buildProcessNodes totalMs=7ms materialBatchLookupMs=1ms processMaterialsQueryMs=1ms processStepQueryMs=1ms recursionMs=0ms rootMaterialLookupMs=0ms slowestCallMs=3ms subCraftLookupMs=1ms calls=1 maxDepth=0 leafCount=0 cycleHits=0 totalNodes=2 slowestDepth=0 slowestMaterialId=689e16129e542955670237ee
2026-03-25T13:30:16: [MPF][perf][detail][#21428] createFlowByMaterialCode totalMs=7ms buildNodesMs=3ms craftLookupMs=1ms materialLookupMs=1ms saveMs=2ms workOrderLookupMs=1ms barcode=FW3001595026X7HZ82AC0432603150168400026010028743 isFromDevice=false hasWorkOrder=false buildCalls=1 buildMaxDepth=0 processNodeCount=2
2026-03-25T13:30:16: [MPF][perf][trace][#21427] createFlowByMaterialCode 7ms active=2->1
2026-03-25T13:30:16: [MPF][perf][trace][#21424] initializeMachineBarcode 15ms active=1->0
2026-03-25T13:30:16: 🚀 托盘条码处理 - 队列模式: P2306M57UEU1068126
2026-03-25T13:30:16: 开始托盘条码异步处理: P2306M57UEU1068126, 产线: 德昌追觅C线包装
2026-03-25T13:30:16: 添加托盘处理任务到队列: 条码=P2306M57UEU1068126, 产线=德昌追觅C线包装
2026-03-25T13:30:16: 托盘处理任务已添加到队列: JobId=pallet_P2306M57UEU1068126_1774416616518_1hxkgz, 条码=P2306M57UEU1068126
2026-03-25T13:30:16: 托盘条码异步处理任务已提交: P2306M57UEU1068126, JobId: pallet_P2306M57UEU1068126_1774416616518_1hxkgz
2026-03-25T13:30:16: [API] 设备条码初始化 - 请求参数: { barcode: '1020260300621H24XX7M1A1J2', machineIp: '192.168.35.32' }
2026-03-25T13:30:16: [MPF][perf][trace][#21430] initializeMachineBarcode 7ms active=1->0
2026-03-25T13:30:16: 🔒 成功获取关键物料条码锁: FW3001595026X7HZ82AC0432603150337000026010028743 (主条码: 1020260300621H24XX7M1A1J2)
2026-03-25T13:30:16: 开始验证物料 1313102514 的工序节点兼容性
2026-03-25T13:30:16: 主物料中绑定节点的子节点数量: 1
2026-03-25T13:30:16: 子物料中非根节点数量: 1
2026-03-25T13:30:16: 主物料子树根节点数量: 1
2026-03-25T13:30:16: 子物料树根节点数量: 1
2026-03-25T13:30:16: 验证完成，发现 0 个错误
2026-03-25T13:30:16: [MPF][perf][trace][#21432] matchAndUpdateNodesRecursively 0ms active=2->1
2026-03-25T13:30:16: [MPF][perf][trace][#21433] markMaterialBarcodeBatchesUsed 1ms active=2->1
2026-03-25T13:30:16: [MPF][perf][trace][#21434] preloadMaterialsByIds 1ms active=2->1
2026-03-25T13:30:16: [MPF][perf][trace][#21436] validateDICode 1ms active=3->2
2026-03-25T13:30:16: [MPF][perf][trace][#21435] validateBarcodeWithMaterial 3ms active=2->1
2026-03-25T13:30:16: [MPF][perf][trace][#21438] validateDICode 2ms active=3->2
2026-03-25T13:30:16: [MPF][perf][trace][#21437] validateBarcodeWithMaterial 2ms active=2->1
2026-03-25T13:30:16: [MPF][perf][trace][#21439] persistFlowRecordPatch 5ms active=2->1
2026-03-25T13:30:16: 🔓 成功释放关键物料条码锁: FW3001595026X7HZ82AC0432603150337000026010028743 (主条码: 1020260300621H24XX7M1A1J2)
2026-03-25T13:30:16: [MPF][perf][trace][#21431] scanProcessComponents 67ms active=1->0
2026-03-25T13:30:17: 🚀 托盘条码处理 - 队列模式: P2306M57UEU1031126
2026-03-25T13:30:17: 开始托盘条码异步处理: P2306M57UEU1031126, 产线: 德昌追觅C线包装
2026-03-25T13:30:17: 添加托盘处理任务到队列: 条码=P2306M57UEU1031126, 产线=德昌追觅C线包装
2026-03-25T13:30:17: 托盘处理任务已添加到队列: JobId=pallet_P2306M57UEU1031126_1774416617109_lhrb30, 条码=P2306M57UEU1031126
2026-03-25T13:30:17: 托盘条码异步处理任务已提交: P2306M57UEU1031126, JobId: pallet_P2306M57UEU1031126_1774416617109_lhrb30
2026-03-25T13:30:17: [API] 创建流程记录 - 请求参数: {
  mainMaterialId: '6757a138354604091e7a6199',
  materialCode: '411001B050102',
  barcode: 'YDC-BL0532-1-202603240513',
  productLineId: '689f00a8420fcf4cebef183f',
  productLineName: '旧风筒老化线'
}
2026-03-25T13:30:17: [MPF][perf][trace][#21442] buildProcessNodes 4ms active=2->1
2026-03-25T13:30:17: [MPF][perf][detail][#21441] buildProcessNodes totalMs=9ms materialBatchLookupMs=2ms processMaterialsQueryMs=1ms processStepQueryMs=1ms recursionMs=0ms rootMaterialLookupMs=0ms slowestCallMs=4ms subCraftLookupMs=2ms calls=1 maxDepth=0 leafCount=0 cycleHits=0 totalNodes=5 slowestDepth=0 slowestMaterialId=6757a138354604091e7a6199
2026-03-25T13:30:17: [MPF][perf][detail][#21441] createFlowByMaterialCode totalMs=9ms buildNodesMs=4ms craftLookupMs=1ms materialLookupMs=1ms saveMs=2ms workOrderLookupMs=1ms barcode=YDC-BL0532-1-202603240513 isFromDevice=false hasWorkOrder=false buildCalls=1 buildMaxDepth=0 processNodeCount=5
2026-03-25T13:30:17: [MPF][perf][trace][#21440] createFlowByMaterialCode 9ms active=1->0
2026-03-25T13:30:17: [API] 工序子物料批量扫码提交 - 请求参数: {
  mainBarcode: '1020260300621H24XX7M1A1H1',
  processStepId: '69be073e902e0a67bd505a7a',
  componentScans: [],
  userId: '67b810085cd22d7b23a52873',
  lineId: '67582bc0eebf2a4b34951ef6'
}
2026-03-25T13:30:17: [MPF][perf][trace][#21444] markMaterialBarcodeBatchesUsed 0ms active=2->1
2026-03-25T13:30:17: [MPF][perf][trace][#21445] preloadMaterialsByIds 0ms active=2->1
2026-03-25T13:30:17: [MPF][perf][trace][#21447] validateDICode 5ms active=3->2
2026-03-25T13:30:17: [MPF][perf][trace][#21446] validateBarcodeWithMaterial 8ms active=2->1
2026-03-25T13:30:17: [MPF][perf][trace][#21448] persistFlowRecordPatch 8ms active=2->1
2026-03-25T13:30:17: [MPF][perf][trace][#21443] scanProcessComponents 67ms active=1->0
2026-03-25T13:30:17: [API] 工序子物料批量扫码提交 - 请求参数: {
  mainBarcode: 'YDC-BL0532-1-202603240513',
  processStepId: '6881c85813c284ba0497a32c',
  componentScans: [],
  userId: '68a53b8eeae8df7d8877c7e5',
  lineId: '689f00a8420fcf4cebef183f'
}
2026-03-25T13:30:17: [MPF][perf][trace][#21450] markMaterialBarcodeBatchesUsed 0ms active=2->1
2026-03-25T13:30:17: [MPF][perf][trace][#21451] preloadMaterialsByIds 0ms active=2->1
2026-03-25T13:30:17: [MPF][perf][trace][#21453] validateDICode 3ms active=3->2
2026-03-25T13:30:17: [MPF][perf][trace][#21452] validateBarcodeWithMaterial 4ms active=2->1
2026-03-25T13:30:17: [MPF][perf][trace][#21454] persistFlowRecordPatch 2ms active=2->1
2026-03-25T13:30:17: [MPF][perf][trace][#21455] fixFlowProgress 5ms active=2->1
2026-03-25T13:30:17: [MPF][perf][trace][#21449] scanProcessComponents 18ms active=1->0
2026-03-25T13:30:17: [API] 设备条码初始化 - 请求参数: { barcode: '1020260300621H24XX7M1A1J4', machineIp: '192.168.35.32' }
2026-03-25T13:30:17: [MPF][perf][trace][#21456] initializeMachineBarcode 8ms active=1->0
2026-03-25T13:30:17: 🚀 托盘条码处理 - 队列模式: P2306M58VEU0116126
2026-03-25T13:30:17: 开始托盘条码异步处理: P2306M58VEU0116126, 产线: 德昌追觅C线包装
2026-03-25T13:30:17: 添加托盘处理任务到队列: 条码=P2306M58VEU0116126, 产线=德昌追觅C线包装
2026-03-25T13:30:17: 托盘处理任务已添加到队列: JobId=pallet_P2306M58VEU0116126_1774416617701_wndnie, 条码=P2306M58VEU0116126
2026-03-25T13:30:17: 托盘条码异步处理任务已提交: P2306M58VEU0116126, JobId: pallet_P2306M58VEU0116126_1774416617701_wndnie
2026-03-25T13:30:18: [API] 设备条码初始化 - 请求参数: { barcode: '1020260300621H24XX7M1A1F3', machineIp: '1' }
2026-03-25T13:30:18: [MPF][perf][trace][#21457] initializeMachineBarcode 8ms active=1->0
2026-03-25T13:30:18: [API] 设备条码初始化 - 请求参数: { barcode: '1020260300621H24XX7M1A1A9', machineIp: '192.168.35.33' }
2026-03-25T13:30:18: [MPF][perf][trace][#21458] initializeMachineBarcode 7ms active=1->0
2026-03-25T13:30:19: [API] 检查条码节点完成情况 - 请求参数: { params: {}, query: { barcode: 'FW300XXXA20XL309F1K700047PKD7PKD' } }
2026-03-25T13:30:19: [MPF][perf][trace][#21459] checkBarcodeCompletion 3ms active=1->0
2026-03-25T13:30:20: [API] 设备条码初始化 - 请求参数: { barcode: '1020260300621H24XX7M1A1H5', machineIp: '192.168.35.31' }
2026-03-25T13:30:20: [MPF][perf][trace][#21460] initializeMachineBarcode 8ms active=1->0
2026-03-25T13:30:20: [API] 设备条码初始化 - 请求参数: { barcode: 'YDC-BL0532-1-202603240458', machineIp: '192.168.26.36' }
2026-03-25T13:30:20: [MPF][perf][trace][#21461] initializeMachineBarcode 2ms active=1->0
2026-03-25T13:30:20: [MPF][perf][trace][#21463] markMaterialBarcodeBatchesUsed 0ms active=2->1
2026-03-25T13:30:20: [MPF][perf][trace][#21464] preloadMaterialsByIds 0ms active=2->1
2026-03-25T13:30:20: [MPF][perf][trace][#21466] validateDICode 2ms active=3->2
2026-03-25T13:30:20: [MPF][perf][trace][#21465] validateBarcodeWithMaterial 2ms active=2->1
2026-03-25T13:30:20: [MPF][perf][trace][#21467] persistFlowRecordPatch 5ms active=2->1
2026-03-25T13:30:20: [MPF][perf][trace][#21462] scanProcessComponents 58ms active=1->0
2026-03-25T13:30:20: [API] 创建流程记录 - 请求参数: {
  mainMaterialId: '67c74dc1ec33d3a13e3b9736',
  materialCode: '1313102302',
  barcode: 'FW300XXXH17XL309Z0H500047QA57QA5',
  productLineId: '6785024f34bd0b84f8bc8682',
  productLineName: '遥控器一线'
}
2026-03-25T13:30:20: [MPF][perf][trace][#21471] buildProcessNodes 3ms active=3->2
2026-03-25T13:30:20: [MPF][perf][trace][#21470] buildProcessNodes 6ms active=2->1
2026-03-25T13:30:20: [MPF][perf][detail][#21469] buildProcessNodes totalMs=15ms materialBatchLookupMs=3ms processMaterialsQueryMs=0ms processStepQueryMs=1ms recursionMs=3ms rootMaterialLookupMs=0ms slowestCallMs=6ms subCraftLookupMs=2ms calls=2 maxDepth=1 leafCount=0 cycleHits=0 totalNodes=35 slowestDepth=0 slowestMaterialId=67c74dc1ec33d3a13e3b9736
2026-03-25T13:30:20: [MPF][perf][detail][#21469] createFlowByMaterialCode totalMs=15ms buildNodesMs=6ms craftLookupMs=1ms materialLookupMs=1ms saveMs=4ms workOrderLookupMs=1ms barcode=FW300XXXH17XL309Z0H500047QA57QA5 isFromDevice=false hasWorkOrder=false buildCalls=2 buildMaxDepth=1 processNodeCount=20
2026-03-25T13:30:20: [MPF][perf][trace][#21468] createFlowByMaterialCode 16ms active=1->0
2026-03-25T13:30:20: [API] 工序子物料批量扫码提交 - 请求参数: {
  mainBarcode: 'FW300XXXH17XL309Z0H500047QA57QA5',
  processStepId: '684cc7feb24e29e1ffae069d',
  componentScans: [
    {
      materialId: '675ac74d354604091e8102ab',
      barcode: '1313102051-260313083359'
    }
  ],
  userId: '6784ef7553a924ac79a1ff42',
  lineId: '6785024f34bd0b84f8bc8682'
}
2026-03-25T13:30:20: 开始验证物料 1313102051 的工序节点兼容性
2026-03-25T13:30:20: 主物料中绑定节点的子节点数量: 14
2026-03-25T13:30:20: 子物料中非根节点数量: 14
2026-03-25T13:30:20: 主物料子树根节点数量: 1
2026-03-25T13:30:20: 子物料树根节点数量: 1
2026-03-25T13:30:20: 验证完成，发现 0 个错误
2026-03-25T13:30:20: [MPF][perf][trace][#21473] matchAndUpdateNodesRecursively 1ms active=2->1
2026-03-25T13:30:20: [MPF][perf][trace][#21474] markMaterialBarcodeBatchesUsed 1ms active=2->1
2026-03-25T13:30:20: [MPF][perf][trace][#21475] preloadMaterialsByIds 1ms active=2->1
2026-03-25T13:30:20: [MPF][perf][trace][#21476] validateBarcodeWithMaterial 1ms active=2->1
2026-03-25T13:30:20: [MPF][perf][trace][#21478] validateDICode 7ms active=3->2
2026-03-25T13:30:20: [MPF][perf][trace][#21477] validateBarcodeWithMaterial 7ms active=2->1
2026-03-25T13:30:20: [MPF][perf][trace][#21479] persistFlowRecordPatch 3ms active=2->1
2026-03-25T13:30:20: [MPF][perf][trace][#21480] fixFlowProgress 6ms active=2->1
2026-03-25T13:30:20: [MPF][perf][trace][#21472] scanProcessComponents 36ms active=1->0
2026-03-25T13:30:21: [API] 设备条码初始化 - 请求参数: {
  barcode: 'FW3001595026X7HZ82AC0432603150178100026010028743',
  machineIp: '192.168.35.34'
}
2026-03-25T13:30:21: [MPF][perf][trace][#21481] initializeMachineBarcode 2ms active=1->0
2026-03-25T13:30:21: [MPF][perf][trace][#21483] markMaterialBarcodeBatchesUsed 0ms active=2->1
2026-03-25T13:30:21: [MPF][perf][trace][#21484] preloadMaterialsByIds 0ms active=2->1
2026-03-25T13:30:21: [MPF][perf][trace][#21486] validateDICode 2ms active=3->2
2026-03-25T13:30:21: [MPF][perf][trace][#21485] validateBarcodeWithMaterial 3ms active=2->1
2026-03-25T13:30:21: [MPF][perf][trace][#21487] persistFlowRecordPatch 1ms active=2->1
2026-03-25T13:30:21: [MPF][perf][trace][#21482] scanProcessComponents 8ms active=1->0
2026-03-25T13:30:23: [API] 创建流程记录 - 请求参数: {
  mainMaterialId: '69784c439e5429556762ce96',
  materialCode: '1108102067',
  barcode: '1020260300621H24XX7M1A2F4',
  productLineId: '67582bc0eebf2a4b34951ef6',
  productLineName: '面罩主机1号线'
}
2026-03-25T13:30:23: [MPF][perf][trace][#21491] buildProcessNodes 3ms active=3->2
2026-03-25T13:30:23: [MPF][perf][trace][#21492] buildProcessNodes 3ms active=3->2
2026-03-25T13:30:23: [MPF][perf][trace][#21493] buildProcessNodes 3ms active=3->2
2026-03-25T13:30:23: [MPF][perf][trace][#21494] buildProcessNodes 2ms active=3->2
2026-03-25T13:30:23: [MPF][perf][trace][#21495] buildProcessNodes 3ms active=3->2
2026-03-25T13:30:23: [API] 创建流程记录 - 请求参数: {
  mainMaterialId: '6757a138354604091e7a6199',
  materialCode: '411001B050102',
  barcode: 'YDC-BL0532-1-202603240512',
  productLineId: '689f00a8420fcf4cebef183f',
  productLineName: '旧风筒老化线'
}
2026-03-25T13:30:23: [MPF][perf][trace][#21497] buildProcessNodes 6ms active=4->5
2026-03-25T13:30:23: [MPF][perf][trace][#21496] buildProcessNodes 8ms active=3->4
2026-03-25T13:30:23: [MPF][perf][trace][#21500] buildProcessNodes 4ms active=6->4
2026-03-25T13:30:23: [MPF][perf][detail][#21499] buildProcessNodes totalMs=10ms materialBatchLookupMs=1ms processMaterialsQueryMs=2ms processStepQueryMs=1ms recursionMs=0ms rootMaterialLookupMs=0ms slowestCallMs=4ms subCraftLookupMs=1ms calls=1 maxDepth=0 leafCount=0 cycleHits=0 totalNodes=5 slowestDepth=0 slowestMaterialId=6757a138354604091e7a6199
2026-03-25T13:30:23: [MPF][perf][detail][#21499] createFlowByMaterialCode totalMs=10ms buildNodesMs=4ms craftLookupMs=2ms materialLookupMs=2ms saveMs=2ms workOrderLookupMs=2ms barcode=YDC-BL0532-1-202603240512 isFromDevice=false hasWorkOrder=false buildCalls=1 buildMaxDepth=0 processNodeCount=5
2026-03-25T13:30:23: [MPF][perf][trace][#21498] createFlowByMaterialCode 11ms active=5->3
2026-03-25T13:30:23: [MPF][perf][trace][#21501] buildProcessNodes 7ms active=5->2
2026-03-25T13:30:23: [MPF][perf][trace][#21502] buildProcessNodes 4ms active=3->2
2026-03-25T13:30:23: [MPF][perf][trace][#21503] buildProcessNodes 2ms active=3->2
2026-03-25T13:30:23: [MPF][perf][trace][#21490] buildProcessNodes 40ms active=2->1
2026-03-25T13:30:23: [MPF][perf][detail][#21489] buildProcessNodes totalMs=70ms materialBatchLookupMs=13ms processMaterialsQueryMs=10ms processStepQueryMs=13ms recursionMs=42ms rootMaterialLookupMs=0ms slowestCallMs=40ms subCraftLookupMs=12ms calls=11 maxDepth=2 leafCount=0 cycleHits=0 totalNodes=166 slowestDepth=0 slowestMaterialId=69784c439e5429556762ce96
2026-03-25T13:30:23: [MPF][perf][detail][#21489] createFlowByMaterialCode totalMs=70ms buildNodesMs=40ms craftLookupMs=2ms materialLookupMs=2ms saveMs=17ms workOrderLookupMs=2ms barcode=1020260300621H24XX7M1A2F4 isFromDevice=false hasWorkOrder=true buildCalls=11 buildMaxDepth=2 processNodeCount=92
2026-03-25T13:30:23: [MPF][perf][trace][#21488] createFlowByMaterialCode 70ms active=1->0
2026-03-25T13:30:23: [API] 工序子物料批量扫码提交 - 请求参数: {
  mainBarcode: 'YDC-BL0532-1-202603240512',
  processStepId: '6881c85813c284ba0497a32c',
  componentScans: [],
  userId: '68a53b8eeae8df7d8877c7e5',
  lineId: '689f00a8420fcf4cebef183f'
}
2026-03-25T13:30:23: [MPF][perf][trace][#21505] markMaterialBarcodeBatchesUsed 0ms active=2->1
2026-03-25T13:30:23: [MPF][perf][trace][#21506] preloadMaterialsByIds 0ms active=2->1
2026-03-25T13:30:23: [MPF][perf][trace][#21508] validateDICode 2ms active=3->2
2026-03-25T13:30:23: [MPF][perf][trace][#21507] validateBarcodeWithMaterial 2ms active=2->1
2026-03-25T13:30:23: [MPF][perf][trace][#21509] persistFlowRecordPatch 2ms active=2->1
2026-03-25T13:30:23: [MPF][perf][trace][#21510] fixFlowProgress 4ms active=2->1
2026-03-25T13:30:23: [MPF][perf][trace][#21504] scanProcessComponents 14ms active=1->0
2026-03-25T13:30:23: [API] 工序子物料批量扫码提交 - 请求参数: {
  mainBarcode: '1020260300621H24XX7M1A2F4',
  processStepId: '69be073ec78e4e58af18a0bd',
  componentScans: [],
  userId: '67b810085cd22d7b23a52873',
  lineId: '67582bc0eebf2a4b34951ef6'
}
2026-03-25T13:30:23: [MPF][perf][trace][#21512] markMaterialBarcodeBatchesUsed 0ms active=2->1
2026-03-25T13:30:23: 🔗 调用工单处理服务: http://localhost:2228/api/workorder/update-quantity {
  workOrderId: new ObjectId("69be02d8040d00d4bb253f37"),
  type: 'input',
  quantity: 1
}
2026-03-25T13:30:23: ✅ 工单处理服务响应: {
  success: true,
  jobId: '69be02d8040d00d4bb253f37_input_1774416623650',
  queueLength: 0
}
2026-03-25T13:30:23: [MPF][perf][trace][#21513] updateWorkOrderQuantity 5ms active=2->1
2026-03-25T13:30:23: [MPF][perf][trace][#21514] preloadMaterialsByIds 0ms active=2->1
2026-03-25T13:30:23: [MPF][perf][trace][#21516] validateDICode 3ms active=3->2
2026-03-25T13:30:23: [MPF][perf][trace][#21515] validateBarcodeWithMaterial 5ms active=2->1
2026-03-25T13:30:23: [MPF][perf][trace][#21517] persistFlowRecordPatch 5ms active=2->1
2026-03-25T13:30:23: [MPF][perf][trace][#21518] fixFlowProgress 23ms active=2->1
2026-03-25T13:30:23: [MPF][perf][trace][#21511] scanProcessComponents 87ms active=1->0
2026-03-25T13:30:25: [API] 设备条码初始化 - 请求参数: { barcode: '1020260300621H24XX7M1A1A9', machineIp: '192.168.35.33' }
2026-03-25T13:30:25: [MPF][perf][trace][#21519] initializeMachineBarcode 8ms active=1->0
2026-03-25T13:30:25: [MPF][perf][trace][#21521] markMaterialBarcodeBatchesUsed 0ms active=2->1
2026-03-25T13:30:25: [MPF][perf][trace][#21522] preloadMaterialsByIds 0ms active=2->1
2026-03-25T13:30:25: [MPF][perf][trace][#21524] validateDICode 2ms active=3->2
2026-03-25T13:30:25: [MPF][perf][trace][#21523] validateBarcodeWithMaterial 2ms active=2->1
2026-03-25T13:30:25: [MPF][perf][trace][#21525] persistFlowRecordPatch 5ms active=2->1
2026-03-25T13:30:25: [MPF][perf][trace][#21520] scanProcessComponents 58ms active=1->0
2026-03-25T13:30:25: [API] 设备条码初始化 - 请求参数: { barcode: '1020260300621H24XX7M1A1Q0', machineIp: '192.168.35.30' }
2026-03-25T13:30:25: [MPF][perf][trace][#21526] initializeMachineBarcode 7ms active=1->0
2026-03-25T13:30:25: 🔒 成功获取关键物料条码锁: FW300XXXH18XL309F1J100047QA57QA5 (主条码: 1020260300621H24XX7M1A1Q0)
2026-03-25T13:30:25: 🔒 成功获取关键物料条码锁: FW300XXX1459019X320L30826011008128 (主条码: 1020260300621H24XX7M1A1Q0)
2026-03-25T13:30:25: 开始验证物料 1313102302 的工序节点兼容性
2026-03-25T13:30:25: 主物料中绑定节点的子节点数量: 18
2026-03-25T13:30:25: 子物料中非根节点数量: 19
2026-03-25T13:30:25: 主物料子树根节点数量: 3
2026-03-25T13:30:25: 子物料树根节点数量: 3
2026-03-25T13:30:25: 验证完成，发现 0 个错误
2026-03-25T13:30:25: [MPF][perf][trace][#21528] matchAndUpdateNodesRecursively 2ms active=2->1
2026-03-25T13:30:25: [MPF][perf][trace][#21529] markMaterialBarcodeBatchesUsed 1ms active=2->1
2026-03-25T13:30:25: [MPF][perf][trace][#21530] preloadMaterialsByIds 2ms active=2->1
2026-03-25T13:30:25: [MPF][perf][trace][#21533] validateDICode 8ms active=4->3
2026-03-25T13:30:25: [MPF][perf][trace][#21531] validateBarcodeWithMaterial 8ms active=2->2
2026-03-25T13:30:25: [MPF][perf][trace][#21534] validateDICode 6ms active=3->2
2026-03-25T13:30:25: [MPF][perf][trace][#21532] validateBarcodeWithMaterial 16ms active=3->1
2026-03-25T13:30:25: [MPF][perf][trace][#21536] validateDICode 2ms active=3->2
2026-03-25T13:30:25: [MPF][perf][trace][#21535] validateBarcodeWithMaterial 2ms active=2->1
2026-03-25T13:30:25: [MPF][perf][trace][#21537] persistFlowRecordPatch 7ms active=2->1
2026-03-25T13:30:25: 🔓 成功释放关键物料条码锁: FW300XXXH18XL309F1J100047QA57QA5 (主条码: 1020260300621H24XX7M1A1Q0)
2026-03-25T13:30:25: 🔓 成功释放关键物料条码锁: FW300XXX1459019X320L30826011008128 (主条码: 1020260300621H24XX7M1A1Q0)
2026-03-25T13:30:25: [MPF][perf][trace][#21527] scanProcessComponents 86ms active=1->0
2026-03-25T13:30:26: [API] 创建流程记录 - 请求参数: {
  mainMaterialId: '6757a138354604091e7a6199',
  materialCode: '411001B050102',
  barcode: 'YDC-BL0532-1-202603240511',
  productLineId: '689f00a8420fcf4cebef183f',
  productLineName: '旧风筒老化线'
}
2026-03-25T13:30:26: [MPF][perf][trace][#21540] buildProcessNodes 4ms active=2->1
2026-03-25T13:30:26: [MPF][perf][detail][#21539] buildProcessNodes totalMs=12ms materialBatchLookupMs=1ms processMaterialsQueryMs=1ms processStepQueryMs=2ms recursionMs=0ms rootMaterialLookupMs=0ms slowestCallMs=4ms subCraftLookupMs=1ms calls=1 maxDepth=0 leafCount=0 cycleHits=0 totalNodes=5 slowestDepth=0 slowestMaterialId=6757a138354604091e7a6199
2026-03-25T13:30:26: [MPF][perf][detail][#21539] createFlowByMaterialCode totalMs=12ms buildNodesMs=4ms craftLookupMs=3ms materialLookupMs=3ms saveMs=3ms workOrderLookupMs=3ms barcode=YDC-BL0532-1-202603240511 isFromDevice=false hasWorkOrder=false buildCalls=1 buildMaxDepth=0 processNodeCount=5
2026-03-25T13:30:26: [MPF][perf][trace][#21538] createFlowByMaterialCode 13ms active=1->0
2026-03-25T13:30:27: [API] 工序子物料批量扫码提交 - 请求参数: {
  mainBarcode: '1020260300621H24XX7M1A2A8',
  processStepId: '69be073ea816dbe2ecd5a6ba',
  componentScans: [
    {
      materialId: '6757a56f354604091e7be893',
      barcode: '102250-117290010703-20260309-67319'
    }
  ],
  userId: '67b810085cd22d7b23a52873',
  lineId: '67582bc0eebf2a4b34951ef6'
}
2026-03-25T13:30:27: 🔒 成功获取关键物料条码锁: 102250-117290010703-20260309-67319 (主条码: 1020260300621H24XX7M1A2A8)
2026-03-25T13:30:27: [MPF][perf][trace][#21542] markMaterialBarcodeBatchesUsed 1ms active=2->1
2026-03-25T13:30:27: [MPF][perf][trace][#21543] preloadMaterialsByIds 1ms active=2->1
2026-03-25T13:30:27: [MPF][perf][trace][#21545] validateDICode 2ms active=3->2
2026-03-25T13:30:27: [MPF][perf][trace][#21544] validateBarcodeWithMaterial 3ms active=2->1
2026-03-25T13:30:27: [MPF][perf][trace][#21547] validateDICode 5ms active=3->2
2026-03-25T13:30:27: [MPF][perf][trace][#21546] validateBarcodeWithMaterial 7ms active=2->1
2026-03-25T13:30:27: [MPF][perf][trace][#21548] persistFlowRecordPatch 5ms active=2->1
2026-03-25T13:30:27: 🔓 成功释放关键物料条码锁: 102250-117290010703-20260309-67319 (主条码: 1020260300621H24XX7M1A2A8)
2026-03-25T13:30:27: [MPF][perf][trace][#21541] scanProcessComponents 76ms active=1->0
2026-03-25T13:30:27: [API] 工序子物料批量扫码提交 - 请求参数: {
  mainBarcode: '1020260300621H24XX7M1A1U8',
  processStepId: '69be073e39f371fe13c6e562',
  componentScans: [
    {
      materialId: '6757a580354604091e7bef2f',
      barcode: '1313102230-260324102631'
    },
    {
      materialId: '675d4f7f354604091e835085',
      barcode: '1313102234-260324102426'
    }
  ],
  userId: '67b810085cd22d7b23a52873',
  lineId: '67582bc0eebf2a4b34951ef6'
}
2026-03-25T13:30:27: 开始验证物料 1313102230 的工序节点兼容性
2026-03-25T13:30:27: 主物料中绑定节点的子节点数量: 5
2026-03-25T13:30:27: 子物料中非根节点数量: 5
2026-03-25T13:30:27: 主物料子树根节点数量: 1
2026-03-25T13:30:27: 子物料树根节点数量: 1
2026-03-25T13:30:27: 验证完成，发现 0 个错误
2026-03-25T13:30:27: [MPF][perf][trace][#21550] matchAndUpdateNodesRecursively 1ms active=2->1
2026-03-25T13:30:27: 开始验证物料 1313102234 的工序节点兼容性
2026-03-25T13:30:27: 主物料中绑定节点的子节点数量: 4
2026-03-25T13:30:27: 子物料中非根节点数量: 4
2026-03-25T13:30:27: 主物料子树根节点数量: 1
2026-03-25T13:30:27: 子物料树根节点数量: 1
2026-03-25T13:30:27: 验证完成，发现 0 个错误
2026-03-25T13:30:27: [MPF][perf][trace][#21551] matchAndUpdateNodesRecursively 0ms active=2->1
2026-03-25T13:30:27: [MPF][perf][trace][#21552] markMaterialBarcodeBatchesUsed 1ms active=2->1
2026-03-25T13:30:27: [MPF][perf][trace][#21553] preloadMaterialsByIds 1ms active=2->1
2026-03-25T13:30:27: [MPF][perf][trace][#21554] validateBarcodeWithMaterial 0ms active=2->2
2026-03-25T13:30:27: [MPF][perf][trace][#21555] validateBarcodeWithMaterial 0ms active=3->1
2026-03-25T13:30:27: [MPF][perf][trace][#21557] validateDICode 2ms active=3->2
2026-03-25T13:30:27: [MPF][perf][trace][#21556] validateBarcodeWithMaterial 2ms active=2->1
2026-03-25T13:30:27: [MPF][perf][trace][#21558] persistFlowRecordPatch 6ms active=2->1
2026-03-25T13:30:27: [MPF][perf][trace][#21549] scanProcessComponents 64ms active=1->0
2026-03-25T13:30:29: [API] 检查条码节点完成情况 - 请求参数: { params: {}, query: { barcode: 'FW300XXXH18XL309A1S100047QA57QA5' } }
2026-03-25T13:30:29: [MPF][perf][trace][#21559] checkBarcodeCompletion 2ms active=1->0
2026-03-25T13:30:29: [API] 创建流程记录 - 请求参数: {
  mainMaterialId: '6757a138354604091e7a6199',
  materialCode: '411001B050102',
  barcode: 'YDC-BL0532-1-202603240516',
  productLineId: '689f00a8420fcf4cebef183f',
  productLineName: '旧风筒老化线'
}
2026-03-25T13:30:29: [MPF][perf][trace][#21562] buildProcessNodes 3ms active=2->1
2026-03-25T13:30:29: [MPF][perf][detail][#21561] buildProcessNodes totalMs=7ms materialBatchLookupMs=1ms processMaterialsQueryMs=1ms processStepQueryMs=1ms recursionMs=0ms rootMaterialLookupMs=0ms slowestCallMs=3ms subCraftLookupMs=1ms calls=1 maxDepth=0 leafCount=0 cycleHits=0 totalNodes=5 slowestDepth=0 slowestMaterialId=6757a138354604091e7a6199
2026-03-25T13:30:29: [MPF][perf][detail][#21561] createFlowByMaterialCode totalMs=7ms buildNodesMs=3ms craftLookupMs=1ms materialLookupMs=1ms saveMs=2ms workOrderLookupMs=1ms barcode=YDC-BL0532-1-202603240516 isFromDevice=false hasWorkOrder=false buildCalls=1 buildMaxDepth=0 processNodeCount=5
2026-03-25T13:30:29: [MPF][perf][trace][#21560] createFlowByMaterialCode 8ms active=1->0
2026-03-25T13:30:29: [API] 工序子物料批量扫码提交 - 请求参数: {
  mainBarcode: 'YDC-BL0532-1-202603240516',
  processStepId: '6881c85813c284ba0497a32c',
  componentScans: [],
  userId: '68a53b8eeae8df7d8877c7e5',
  lineId: '689f00a8420fcf4cebef183f'
}
2026-03-25T13:30:29: [MPF][perf][trace][#21564] markMaterialBarcodeBatchesUsed 0ms active=2->1
2026-03-25T13:30:29: [MPF][perf][trace][#21565] preloadMaterialsByIds 0ms active=2->1
2026-03-25T13:30:29: [MPF][perf][trace][#21567] validateDICode 3ms active=3->2
2026-03-25T13:30:29: [MPF][perf][trace][#21566] validateBarcodeWithMaterial 3ms active=2->1
2026-03-25T13:30:29: [MPF][perf][trace][#21568] persistFlowRecordPatch 1ms active=2->1
2026-03-25T13:30:29: [MPF][perf][trace][#21569] fixFlowProgress 4ms active=2->1
2026-03-25T13:30:29: [MPF][perf][trace][#21563] scanProcessComponents 13ms active=1->0
2026-03-25T13:30:30: [API] 工序子物料批量扫码提交 - 请求参数: {
  mainBarcode: 'FW300XXXH17XL309Z0H600047QA57QA5',
  processStepId: '684cc7fe3e948cf23178026e',
  componentScans: [],
  userId: '6784ef7553a924ac79a1ff42',
  lineId: '6785024f34bd0b84f8bc8682'
}
2026-03-25T13:30:30: [MPF][perf][trace][#21571] markMaterialBarcodeBatchesUsed 0ms active=2->1
2026-03-25T13:30:30: [MPF][perf][trace][#21572] preloadMaterialsByIds 0ms active=2->1
2026-03-25T13:30:30: [MPF][perf][trace][#21574] validateDICode 7ms active=3->2
2026-03-25T13:30:30: [MPF][perf][trace][#21573] validateBarcodeWithMaterial 7ms active=2->1
2026-03-25T13:30:30: [MPF][perf][trace][#21575] persistFlowRecordPatch 3ms active=2->1
2026-03-25T13:30:30: [MPF][perf][trace][#21570] scanProcessComponents 21ms active=1->0
2026-03-25T13:30:30: 🚀 托盘条码处理 - 队列模式: P2306M57UEU1979126
2026-03-25T13:30:30: 开始托盘条码异步处理: P2306M57UEU1979126, 产线: 德昌追觅C线包装
2026-03-25T13:30:30: 添加托盘处理任务到队列: 条码=P2306M57UEU1979126, 产线=德昌追觅C线包装
2026-03-25T13:30:30: 托盘处理任务已添加到队列: JobId=pallet_P2306M57UEU1979126_1774416630318_zdj9jf, 条码=P2306M57UEU1979126
2026-03-25T13:30:30: 托盘条码异步处理任务已提交: P2306M57UEU1979126, JobId: pallet_P2306M57UEU1979126_1774416630318_zdj9jf
2026-03-25T13:30:30: [API] 设备条码初始化 - 请求参数: { barcode: '1020260300621H24XX7M1A4U7', machineIp: '2' }
2026-03-25T13:30:30: [MPF][perf][trace][#21576] initializeMachineBarcode 7ms active=1->0
2026-03-25T13:30:30: [API] 检查条码节点完成情况 - 请求参数: { params: {}, query: { barcode: '6921734968173' } }
2026-03-25T13:30:30: 检查条码完成情况失败: Error: 未找到对应的流程记录
    at Function.checkBarcodeCompletion (D:\zrMes\dcMes_server\services\materialProcessFlowService.js:5890:15)
    at runMicrotasks (<anonymous>)
    at processTicksAndRejections (internal/process/task_queues.js:93:5)
    at async Function.wrappedMethod (D:\zrMes\dcMes_server\services\materialProcessFlowService.js:162:16)
    at async D:\zrMes\dcMes_server\routes\materialProcessFlowService.js:852:20
2026-03-25T13:30:30: [MPF][perf][error][#21577] checkBarcodeCompletion 2ms active=1->0 msg=未找到对应的流程记录
2026-03-25T13:30:30: 🚀 托盘条码处理 - 队列模式: P2306M57UEU1543126
2026-03-25T13:30:30: 开始托盘条码异步处理: P2306M57UEU1543126, 产线: 德昌追觅C线包装
2026-03-25T13:30:30: 添加托盘处理任务到队列: 条码=P2306M57UEU1543126, 产线=德昌追觅C线包装
2026-03-25T13:30:30: 托盘处理任务已添加到队列: JobId=pallet_P2306M57UEU1543126_1774416630913_8phtq0, 条码=P2306M57UEU1543126
2026-03-25T13:30:30: 托盘条码异步处理任务已提交: P2306M57UEU1543126, JobId: pallet_P2306M57UEU1543126_1774416630913_8phtq0
2026-03-25T13:30:31: [API] 设备条码初始化 - 请求参数: {
  barcode: 'FW3001595026X7HZ82AC0432603150168400026010028743',
  machineIp: '192.168.35.34'
}
2026-03-25T13:30:31: [MPF][perf][trace][#21578] initializeMachineBarcode 2ms active=1->0
2026-03-25T13:30:31: [MPF][perf][trace][#21580] markMaterialBarcodeBatchesUsed 0ms active=2->1
2026-03-25T13:30:31: [MPF][perf][trace][#21581] preloadMaterialsByIds 0ms active=2->1
2026-03-25T13:30:31: [MPF][perf][trace][#21583] validateDICode 2ms active=3->2
2026-03-25T13:30:31: [MPF][perf][trace][#21582] validateBarcodeWithMaterial 2ms active=2->1
2026-03-25T13:30:31: [MPF][perf][trace][#21584] persistFlowRecordPatch 1ms active=2->1
2026-03-25T13:30:31: [MPF][perf][trace][#21579] scanProcessComponents 8ms active=1->0
2026-03-25T13:30:31: 🚀 托盘条码处理 - 队列模式: P2306M57UEU1106126
2026-03-25T13:30:31: 开始托盘条码异步处理: P2306M57UEU1106126, 产线: 德昌追觅C线包装
2026-03-25T13:30:31: 添加托盘处理任务到队列: 条码=P2306M57UEU1106126, 产线=德昌追觅C线包装
2026-03-25T13:30:31: 托盘处理任务已添加到队列: JobId=pallet_P2306M57UEU1106126_1774416631521_9wbwtd, 条码=P2306M57UEU1106126
2026-03-25T13:30:31: 托盘条码异步处理任务已提交: P2306M57UEU1106126, JobId: pallet_P2306M57UEU1106126_1774416631521_9wbwtd
2026-03-25T13:30:32: 🚀 托盘条码处理 - 队列模式: P2306M57UEU1221126
2026-03-25T13:30:32: 开始托盘条码异步处理: P2306M57UEU1221126, 产线: 德昌追觅C线包装
2026-03-25T13:30:32: 添加托盘处理任务到队列: 条码=P2306M57UEU1221126, 产线=德昌追觅C线包装
2026-03-25T13:30:32: 托盘处理任务已添加到队列: JobId=pallet_P2306M57UEU1221126_1774416632110_hl0x2d, 条码=P2306M57UEU1221126
2026-03-25T13:30:32: 🎯 开始处理托盘任务: pallet_P2306M57UEU1221126_1774416632110_hl0x2d, 条码: P2306M57UEU1221126, 产线: 德昌追觅C线包装, Worker: worker_28792_1774416632112_sa656k
2026-03-25T13:30:32: 🔐 尝试获取托盘锁: P2306M57UEU1221126
2026-03-25T13:30:32: 🔒 托盘锁已获取: P2306M57UEU1221126 by worker_28792_1774416632112_sa656k
2026-03-25T13:30:32: 托盘条码异步处理任务已提交: P2306M57UEU1221126, JobId: pallet_P2306M57UEU1221126_1774416632110_hl0x2d
2026-03-25T13:30:32: 开始处理托盘条码（简化版本）: P2306M57UEU1221126, 盒条码: 1001998512121960, 来自维修台: false
2026-03-25T13:30:32: 使用托盘: YDC-SN-1774416187642
2026-03-25T13:30:32: 开始触发工序完成: P2306M57UEU1221126, 托盘编号: YDC-SN-1774416187642
2026-03-25T13:30:32: flowRecord.progress 100
2026-03-25T13:30:32: processPosition.isLast true
2026-03-25T13:30:32: 🔗 调用工单处理服务: http://localhost:2228/api/workorder/update-quantity {
  workOrderId: new ObjectId("68744d51deb41f5b58c474b5"),
  type: 'output',
  quantity: 1
}
2026-03-25T13:30:32: ✅ 工单处理服务响应: {
  success: true,
  jobId: '68744d51deb41f5b58c474b5_output_1774416632134',
  queueLength: 0
}
2026-03-25T13:30:32: [MPF][perf][trace][#21586] updateWorkOrderQuantity 4ms active=2->1
2026-03-25T13:30:32: 条码 P2306M57UEU1221126 首次完成生产，产出量+1
2026-03-25T13:30:32: [MPF][perf][trace][#21587] persistFlowRecordPatch 3ms active=2->1
2026-03-25T13:30:32: [MPF][perf][trace][#21585] scanBatchDocument 12ms active=1->0
2026-03-25T13:30:32: 条码 P2306M57UEU1221126 工序完成触发成功
2026-03-25T13:30:32: 工序绑定和托盘入托完成，条码 P2306M57UEU1221126 处理成功
2026-03-25T13:30:32: ✅ 托盘处理任务完成: pallet_P2306M57UEU1221126_1774416632110_hl0x2d, 条码: P2306M57UEU1221126, 耗时: 37ms, Worker: worker_28792_1774416632112_sa656k
2026-03-25T13:30:32: 📈 托盘队列任务进度: pallet_P2306M57UEU1221126_1774416632110_hl0x2d - 100%
2026-03-25T13:30:32: 🔓 托盘锁已释放: P2306M57UEU1221126 by worker_28792_1774416632112_sa656k
2026-03-25T13:30:32: [API] 设备条码初始化 - 请求参数: { barcode: 'H16XX751Z2Z7', machineIp: '4' }
2026-03-25T13:30:32: ✅ 托盘队列任务完成: pallet_P2306M57UEU1221126_1774416632110_hl0x2d {
  mainBarcode: 'P2306M57UEU1221126',
  palletCode: 'YDC-SN-1774416187642',
  duration: 37
}
2026-03-25T13:30:32: 🗑️ 已清除物料 68811511150d569dae4a93b6 的条码规则缓存
2026-03-25T13:30:32: [MPF][perf][trace][#21589] validateBarcodeWithMaterial 4ms active=2->1
2026-03-25T13:30:32: 初始化设备条码失败: Error: 条码不符合任何已配置的规则或物料不匹配
    at Function.initializeMachineBarcode (D:\zrMes\dcMes_server\services\materialProcessFlowService.js:4965:15)
    at runMicrotasks (<anonymous>)
    at processTicksAndRejections (internal/process/task_queues.js:93:5)
    at async Function.wrappedMethod (D:\zrMes\dcMes_server\services\materialProcessFlowService.js:162:16)
    at async D:\zrMes\dcMes_server\routes\materialProcessFlowService.js:352:20
2026-03-25T13:30:32: [MPF][perf][error][#21588] initializeMachineBarcode 10ms active=1->0 msg=条码不符合任何已配置的规则或物料不匹配
2026-03-25T13:30:32: [API] 创建流程记录 - 请求参数: {
  mainMaterialId: '6757a138354604091e7a6199',
  materialCode: '411001B050102',
  barcode: 'YDC-BL0532-1-202603240518',
  productLineId: '689f00a8420fcf4cebef183f',
  productLineName: '旧风筒老化线'
}
2026-03-25T13:30:32: [MPF][perf][trace][#21592] buildProcessNodes 3ms active=2->1
2026-03-25T13:30:32: [MPF][perf][detail][#21591] buildProcessNodes totalMs=9ms materialBatchLookupMs=1ms processMaterialsQueryMs=1ms processStepQueryMs=1ms recursionMs=0ms rootMaterialLookupMs=0ms slowestCallMs=3ms subCraftLookupMs=1ms calls=1 maxDepth=0 leafCount=0 cycleHits=0 totalNodes=5 slowestDepth=0 slowestMaterialId=6757a138354604091e7a6199
2026-03-25T13:30:32: [MPF][perf][detail][#21591] createFlowByMaterialCode totalMs=9ms buildNodesMs=3ms craftLookupMs=1ms materialLookupMs=1ms saveMs=2ms workOrderLookupMs=1ms barcode=YDC-BL0532-1-202603240518 isFromDevice=false hasWorkOrder=false buildCalls=1 buildMaxDepth=0 processNodeCount=5
2026-03-25T13:30:32: [MPF][perf][trace][#21590] createFlowByMaterialCode 9ms active=1->0
2026-03-25T13:30:32: [API] 工序子物料批量扫码提交 - 请求参数: {
  mainBarcode: 'YDC-BL0532-1-202603240518',
  processStepId: '6881c85813c284ba0497a32c',
  componentScans: [],
  userId: '68a53b8eeae8df7d8877c7e5',
  lineId: '689f00a8420fcf4cebef183f'
}
2026-03-25T13:30:32: [MPF][perf][trace][#21594] markMaterialBarcodeBatchesUsed 0ms active=2->1
2026-03-25T13:30:32: [MPF][perf][trace][#21595] preloadMaterialsByIds 0ms active=2->1
2026-03-25T13:30:32: [MPF][perf][trace][#21597] validateDICode 2ms active=3->2
2026-03-25T13:30:32: [MPF][perf][trace][#21596] validateBarcodeWithMaterial 2ms active=2->1
2026-03-25T13:30:32: [MPF][perf][trace][#21598] persistFlowRecordPatch 2ms active=2->1
2026-03-25T13:30:32: [MPF][perf][trace][#21599] fixFlowProgress 5ms active=2->1
2026-03-25T13:30:32: [MPF][perf][trace][#21593] scanProcessComponents 15ms active=1->0
2026-03-25T13:30:32: [API] 工序子物料批量扫码提交 - 请求参数: {
  mainBarcode: '1020260300621H24XX7M1A1R3',
  processStepId: '69be073e29e3587154b01049',
  componentScans: [
    {
      materialId: '689e16129e542955670237ef',
      barcode: '1313102513-260324083757'
    }
  ],
  userId: '67b810085cd22d7b23a52873',
  lineId: '67582bc0eebf2a4b34951ef6'
}
2026-03-25T13:30:32: 开始验证物料 1313102513 的工序节点兼容性
2026-03-25T13:30:32: 主物料中绑定节点的子节点数量: 5
2026-03-25T13:30:32: 子物料中非根节点数量: 5
2026-03-25T13:30:32: 主物料子树根节点数量: 1
2026-03-25T13:30:32: 子物料树根节点数量: 1
2026-03-25T13:30:32: 验证完成，发现 0 个错误
2026-03-25T13:30:32: [MPF][perf][trace][#21601] matchAndUpdateNodesRecursively 1ms active=2->1
2026-03-25T13:30:32: [MPF][perf][trace][#21602] markMaterialBarcodeBatchesUsed 1ms active=2->1
2026-03-25T13:30:32: [MPF][perf][trace][#21603] preloadMaterialsByIds 1ms active=2->1
2026-03-25T13:30:32: [MPF][perf][trace][#21604] validateBarcodeWithMaterial 0ms active=2->1
2026-03-25T13:30:32: [MPF][perf][trace][#21606] validateDICode 2ms active=3->2
2026-03-25T13:30:32: [MPF][perf][trace][#21605] validateBarcodeWithMaterial 2ms active=2->1
2026-03-25T13:30:32: [MPF][perf][trace][#21607] persistFlowRecordPatch 6ms active=2->1
2026-03-25T13:30:32: [MPF][perf][trace][#21600] scanProcessComponents 62ms active=1->0
2026-03-25T13:30:32: 🚀 托盘条码处理 - 队列模式: P2306M57UEU1173126
2026-03-25T13:30:32: 开始托盘条码异步处理: P2306M57UEU1173126, 产线: 德昌追觅C线包装
2026-03-25T13:30:32: 添加托盘处理任务到队列: 条码=P2306M57UEU1173126, 产线=德昌追觅C线包装
2026-03-25T13:30:32: 托盘处理任务已添加到队列: JobId=pallet_P2306M57UEU1173126_1774416632707_381xq4, 条码=P2306M57UEU1173126
2026-03-25T13:30:32: 托盘条码异步处理任务已提交: P2306M57UEU1173126, JobId: pallet_P2306M57UEU1173126_1774416632707_381xq4
2026-03-25T13:30:32: [API] 检查条码节点完成情况 - 请求参数: { params: {}, query: { barcode: 'FW300XXXH18XL309A1S100047QA57QA5' } }
2026-03-25T13:30:32: [MPF][perf][trace][#21608] checkBarcodeCompletion 3ms active=1->0
2026-03-25T13:30:33: 🚀 托盘条码处理 - 队列模式: P2306M57UEU1113126
2026-03-25T13:30:33: 开始托盘条码异步处理: P2306M57UEU1113126, 产线: 德昌追觅C线包装
2026-03-25T13:30:33: 添加托盘处理任务到队列: 条码=P2306M57UEU1113126, 产线=德昌追觅C线包装
2026-03-25T13:30:33: 托盘处理任务已添加到队列: JobId=pallet_P2306M57UEU1113126_1774416633288_myy1a4, 条码=P2306M57UEU1113126
2026-03-25T13:30:33: 托盘条码异步处理任务已提交: P2306M57UEU1113126, JobId: pallet_P2306M57UEU1113126_1774416633288_myy1a4
2026-03-25T13:30:33: [API] 设备条码初始化 - 请求参数: {
  barcode: 'FW3001595026X7HZ82AC0432603150176500026010028743',
  machineIp: '192.168.35.34'
}
2026-03-25T13:30:33: [MPF][perf][trace][#21611] validateDICode 2ms active=3->2
2026-03-25T13:30:33: [MPF][perf][trace][#21610] validateBarcodeWithMaterial 2ms active=2->1
2026-03-25T13:30:33: [MPF][perf][trace][#21614] buildProcessNodes 3ms active=3->2
2026-03-25T13:30:33: [MPF][perf][detail][#21613] buildProcessNodes totalMs=8ms materialBatchLookupMs=1ms processMaterialsQueryMs=1ms processStepQueryMs=1ms recursionMs=0ms rootMaterialLookupMs=0ms slowestCallMs=3ms subCraftLookupMs=1ms calls=1 maxDepth=0 leafCount=0 cycleHits=0 totalNodes=2 slowestDepth=0 slowestMaterialId=689e16129e542955670237ee
2026-03-25T13:30:33: [MPF][perf][detail][#21613] createFlowByMaterialCode totalMs=8ms buildNodesMs=3ms craftLookupMs=2ms materialLookupMs=2ms saveMs=2ms workOrderLookupMs=2ms barcode=FW3001595026X7HZ82AC0432603150176500026010028743 isFromDevice=false hasWorkOrder=false buildCalls=1 buildMaxDepth=0 processNodeCount=2
2026-03-25T13:30:33: [MPF][perf][trace][#21612] createFlowByMaterialCode 8ms active=2->1
2026-03-25T13:30:33: [MPF][perf][trace][#21609] initializeMachineBarcode 15ms active=1->0
2026-03-25T13:30:33: [API] 设备条码初始化 - 请求参数: {
  barcode: 'FW300XXXH18XL309A1S500047QA57QA5',
  machineIp: '192.168.24.43'
}
2026-03-25T13:30:33: [MPF][perf][trace][#21615] initializeMachineBarcode 2ms active=1->0
2026-03-25T13:30:33: 🚀 托盘条码处理 - 队列模式: P2306M57UEU1062126
2026-03-25T13:30:33: 开始托盘条码异步处理: P2306M57UEU1062126, 产线: 德昌追觅C线包装
2026-03-25T13:30:33: 添加托盘处理任务到队列: 条码=P2306M57UEU1062126, 产线=德昌追觅C线包装
2026-03-25T13:30:33: 托盘处理任务已添加到队列: JobId=pallet_P2306M57UEU1062126_1774416633881_4545h8, 条码=P2306M57UEU1062126
2026-03-25T13:30:33: 托盘条码异步处理任务已提交: P2306M57UEU1062126, JobId: pallet_P2306M57UEU1062126_1774416633881_4545h8
2026-03-25T13:30:34: [API] 工序子物料批量扫码提交 - 请求参数: {
  mainBarcode: '1020260300621H24XX7M1A1H3',
  processStepId: '69be073ef2567c6043a36d47',
  componentScans: [
    {
      materialId: '6757a580354604091e7bef1e',
      barcode: '1313102217-260316084200'
    },
    {
      materialId: '6757a580354604091e7beede',
      barcode: '1313102216-260316084031'
    }
  ],
  userId: '67b810085cd22d7b23a52873',
  lineId: '67582bc0eebf2a4b34951ef6'
}
2026-03-25T13:30:34: 开始验证物料 1313102217 的工序节点兼容性
2026-03-25T13:30:34: 主物料中绑定节点的子节点数量: 4
2026-03-25T13:30:34: 子物料中非根节点数量: 4
2026-03-25T13:30:34: 主物料子树根节点数量: 1
2026-03-25T13:30:34: 子物料树根节点数量: 1
2026-03-25T13:30:34: 验证完成，发现 0 个错误
2026-03-25T13:30:34: [MPF][perf][trace][#21617] matchAndUpdateNodesRecursively 0ms active=2->1
2026-03-25T13:30:34: 开始验证物料 1313102216 的工序节点兼容性
2026-03-25T13:30:34: 主物料中绑定节点的子节点数量: 4
2026-03-25T13:30:34: 子物料中非根节点数量: 4
2026-03-25T13:30:34: 主物料子树根节点数量: 1
2026-03-25T13:30:34: 子物料树根节点数量: 1
2026-03-25T13:30:34: 验证完成，发现 0 个错误
2026-03-25T13:30:34: [MPF][perf][trace][#21618] matchAndUpdateNodesRecursively 1ms active=2->1
2026-03-25T13:30:34: [MPF][perf][trace][#21619] markMaterialBarcodeBatchesUsed 10ms active=2->1
2026-03-25T13:30:34: [MPF][perf][trace][#21620] preloadMaterialsByIds 3ms active=2->1
2026-03-25T13:30:34: [MPF][perf][trace][#21621] validateBarcodeWithMaterial 1ms active=2->2
2026-03-25T13:30:34: [MPF][perf][trace][#21622] validateBarcodeWithMaterial 1ms active=3->1
2026-03-25T13:30:34: [API] 工序子物料批量扫码提交 - 请求参数: {
  mainBarcode: '1020260300621H24XX7M1A1U0',
  processStepId: '69be073e65b51dcfc935d132',
  componentScans: [
    {
      materialId: '675e2e1f354604091e8459bb',
      barcode: '1313102233-260321161705'
    },
    {
      materialId: '6757a56f354604091e7be8a4',
      barcode: '102251-114010190082-20260308-07850'
    }
  ],
  userId: '67b810085cd22d7b23a52873',
  lineId: '67582bc0eebf2a4b34951ef6'
}
2026-03-25T13:30:34: 🔒 成功获取关键物料条码锁: 102251-114010190082-20260308-07850 (主条码: 1020260300621H24XX7M1A1U0)
2026-03-25T13:30:34: [MPF][perf][trace][#21625] validateDICode 3ms active=4->3
2026-03-25T13:30:34: [MPF][perf][trace][#21624] validateBarcodeWithMaterial 12ms active=3->2
2026-03-25T13:30:34: 开始验证物料 1313102233 的工序节点兼容性
2026-03-25T13:30:34: 主物料中绑定节点的子节点数量: 4
2026-03-25T13:30:34: 子物料中非根节点数量: 4
2026-03-25T13:30:34: 主物料子树根节点数量: 1
2026-03-25T13:30:34: 子物料树根节点数量: 1
2026-03-25T13:30:34: 验证完成，发现 0 个错误
2026-03-25T13:30:34: [MPF][perf][trace][#21627] matchAndUpdateNodesRecursively 1ms active=4->3
2026-03-25T13:30:34: [MPF][perf][trace][#21626] persistFlowRecordPatch 8ms active=3->3
2026-03-25T13:30:34: [MPF][perf][trace][#21628] markMaterialBarcodeBatchesUsed 1ms active=4->2
2026-03-25T13:30:34: [MPF][perf][trace][#21616] scanProcessComponents 97ms active=1->1
2026-03-25T13:30:34: [MPF][perf][trace][#21629] preloadMaterialsByIds 2ms active=2->1
2026-03-25T13:30:34: [MPF][perf][trace][#21630] validateBarcodeWithMaterial 6ms active=2->3
2026-03-25T13:30:34: [MPF][perf][trace][#21632] validateDICode 13ms active=4->2
2026-03-25T13:30:34: [MPF][perf][trace][#21631] validateBarcodeWithMaterial 20ms active=3->1
2026-03-25T13:30:34: 🚀 托盘条码处理 - 队列模式: P2306M57UEU1005126
2026-03-25T13:30:34: 开始托盘条码异步处理: P2306M57UEU1005126, 产线: 德昌追觅C线包装
2026-03-25T13:30:34: [MPF][perf][trace][#21634] validateDICode 8ms active=3->2
2026-03-25T13:30:34: [MPF][perf][trace][#21633] validateBarcodeWithMaterial 9ms active=2->1
2026-03-25T13:30:34: [MPF][perf][trace][#21635] persistFlowRecordPatch 6ms active=2->1
2026-03-25T13:30:34: 🔓 成功释放关键物料条码锁: 102251-114010190082-20260308-07850 (主条码: 1020260300621H24XX7M1A1U0)
2026-03-25T13:30:34: 添加托盘处理任务到队列: 条码=P2306M57UEU1005126, 产线=德昌追觅C线包装
2026-03-25T13:30:34: [MPF][perf][trace][#21623] scanProcessComponents 106ms active=2->0
2026-03-25T13:30:34: 托盘处理任务已添加到队列: JobId=pallet_P2306M57UEU1005126_1774416634561_ss9o0r, 条码=P2306M57UEU1005126
2026-03-25T13:30:34: 托盘条码异步处理任务已提交: P2306M57UEU1005126, JobId: pallet_P2306M57UEU1005126_1774416634561_ss9o0r
2026-03-25T13:30:36: [API] 工序子物料批量扫码提交 - 请求参数: {
  mainBarcode: '1020260300621H24XX7M1A1A7',
  processStepId: '69be073e902e0a67bd505a7a',
  componentScans: [],
  userId: '67b810085cd22d7b23a52873',
  lineId: '67582bc0eebf2a4b34951ef6'
}
2026-03-25T13:30:36: [MPF][perf][trace][#21637] markMaterialBarcodeBatchesUsed 0ms active=2->1
2026-03-25T13:30:36: [MPF][perf][trace][#21638] preloadMaterialsByIds 0ms active=2->1
2026-03-25T13:30:36: [MPF][perf][trace][#21640] validateDICode 3ms active=3->2
2026-03-25T13:30:36: [MPF][perf][trace][#21639] validateBarcodeWithMaterial 3ms active=2->1
2026-03-25T13:30:36: [MPF][perf][trace][#21641] persistFlowRecordPatch 8ms active=2->1
2026-03-25T13:30:36: [MPF][perf][trace][#21636] scanProcessComponents 64ms active=1->0
2026-03-25T13:30:37: [API] 工序子物料批量扫码提交 - 请求参数: {
  mainBarcode: '1020260300621H24XX7M1A1U1',
  processStepId: '69be073ea44b1ba77491de81',
  componentScans: [
    {
      materialId: '6757a56f354604091e7be8ac',
      barcode: '102251-114010190087-20260315-02570'
    },
    {
      materialId: '675e2e1f354604091e8459ba',
      barcode: '1313102232-260316083812'
    }
  ],
  userId: '67b810085cd22d7b23a52873',
  lineId: '67582bc0eebf2a4b34951ef6'
}
2026-03-25T13:30:37: 🔒 成功获取关键物料条码锁: 102251-114010190087-20260315-02570 (主条码: 1020260300621H24XX7M1A1U1)
2026-03-25T13:30:37: 开始验证物料 1313102232 的工序节点兼容性
2026-03-25T13:30:37: 主物料中绑定节点的子节点数量: 4
2026-03-25T13:30:37: 子物料中非根节点数量: 4
2026-03-25T13:30:37: 主物料子树根节点数量: 1
2026-03-25T13:30:37: 子物料树根节点数量: 1
2026-03-25T13:30:37: 验证完成，发现 0 个错误
2026-03-25T13:30:37: [MPF][perf][trace][#21643] matchAndUpdateNodesRecursively 1ms active=2->1
2026-03-25T13:30:37: [MPF][perf][trace][#21644] markMaterialBarcodeBatchesUsed 1ms active=2->1
2026-03-25T13:30:37: [MPF][perf][trace][#21645] preloadMaterialsByIds 2ms active=2->1
2026-03-25T13:30:37: [MPF][perf][trace][#21647] validateBarcodeWithMaterial 0ms active=3->3
2026-03-25T13:30:37: [MPF][perf][trace][#21648] validateDICode 2ms active=4->2
2026-03-25T13:30:37: [MPF][perf][trace][#21646] validateBarcodeWithMaterial 3ms active=2->1
2026-03-25T13:30:37: [MPF][perf][trace][#21650] validateDICode 2ms active=3->2
2026-03-25T13:30:37: [MPF][perf][trace][#21649] validateBarcodeWithMaterial 2ms active=2->1
2026-03-25T13:30:37: [MPF][perf][trace][#21651] persistFlowRecordPatch 6ms active=2->1
2026-03-25T13:30:37: 🔓 成功释放关键物料条码锁: 102251-114010190087-20260315-02570 (主条码: 1020260300621H24XX7M1A1U1)
2026-03-25T13:30:37: [MPF][perf][trace][#21642] scanProcessComponents 65ms active=1->0
2026-03-25T13:30:37: [API] 设备条码初始化 - 请求参数: { barcode: '1020260300621H24XX7M1A1J0', machineIp: '192.168.35.31' }
2026-03-25T13:30:37: [MPF][perf][trace][#21652] initializeMachineBarcode 7ms active=1->0
2026-03-25T13:30:37: [API] 设备条码初始化 - 请求参数: { barcode: 'YDC-BL0532-1-202603240458', machineIp: '192.168.26.36' }
2026-03-25T13:30:37: [MPF][perf][trace][#21653] initializeMachineBarcode 1ms active=1->0
2026-03-25T13:30:37: [MPF][perf][trace][#21655] markMaterialBarcodeBatchesUsed 0ms active=2->1
2026-03-25T13:30:37: [MPF][perf][trace][#21656] preloadMaterialsByIds 0ms active=2->1
2026-03-25T13:30:37: [MPF][perf][trace][#21658] validateDICode 2ms active=3->2
2026-03-25T13:30:37: [MPF][perf][trace][#21657] validateBarcodeWithMaterial 3ms active=2->1
2026-03-25T13:30:37: [MPF][perf][trace][#21659] persistFlowRecordPatch 1ms active=2->1
2026-03-25T13:30:37: [MPF][perf][trace][#21654] scanProcessComponents 9ms active=1->0
2026-03-25T13:30:38: [API] 创建流程记录 - 请求参数: {
  mainMaterialId: '6757a138354604091e7a6199',
  materialCode: '411001B050102',
  barcode: 'YDC-BL0532-1-202603240519',
  productLineId: '689f00a8420fcf4cebef183f',
  productLineName: '旧风筒老化线'
}
2026-03-25T13:30:38: [MPF][perf][trace][#21662] buildProcessNodes 4ms active=2->1
2026-03-25T13:30:38: [MPF][perf][detail][#21661] buildProcessNodes totalMs=10ms materialBatchLookupMs=1ms processMaterialsQueryMs=2ms processStepQueryMs=1ms recursionMs=0ms rootMaterialLookupMs=0ms slowestCallMs=4ms subCraftLookupMs=1ms calls=1 maxDepth=0 leafCount=0 cycleHits=0 totalNodes=5 slowestDepth=0 slowestMaterialId=6757a138354604091e7a6199
2026-03-25T13:30:38: [MPF][perf][detail][#21661] createFlowByMaterialCode totalMs=10ms buildNodesMs=5ms craftLookupMs=2ms materialLookupMs=2ms saveMs=2ms workOrderLookupMs=2ms barcode=YDC-BL0532-1-202603240519 isFromDevice=false hasWorkOrder=false buildCalls=1 buildMaxDepth=0 processNodeCount=5
2026-03-25T13:30:38: [MPF][perf][trace][#21660] createFlowByMaterialCode 11ms active=1->0
2026-03-25T13:30:38: [API] 工序子物料批量扫码提交 - 请求参数: {
  mainBarcode: 'YDC-BL0532-1-202603240519',
  processStepId: '6881c85813c284ba0497a32c',
  componentScans: [],
  userId: '68a53b8eeae8df7d8877c7e5',
  lineId: '689f00a8420fcf4cebef183f'
}
2026-03-25T13:30:38: [MPF][perf][trace][#21664] markMaterialBarcodeBatchesUsed 0ms active=2->1
2026-03-25T13:30:38: [MPF][perf][trace][#21665] preloadMaterialsByIds 0ms active=2->1
2026-03-25T13:30:38: [MPF][perf][trace][#21667] validateDICode 2ms active=3->2
2026-03-25T13:30:38: [MPF][perf][trace][#21666] validateBarcodeWithMaterial 3ms active=2->1
2026-03-25T13:30:38: [MPF][perf][trace][#21668] persistFlowRecordPatch 1ms active=2->1
2026-03-25T13:30:38: [MPF][perf][trace][#21669] fixFlowProgress 4ms active=2->1
2026-03-25T13:30:38: [MPF][perf][trace][#21663] scanProcessComponents 14ms active=1->0
2026-03-25T13:30:40: [API] 设备条码初始化 - 请求参数: { barcode: '1020260300621H24XX7M1A0S6', machineIp: '192.168.35.30' }
2026-03-25T13:30:40: [MPF][perf][trace][#21670] initializeMachineBarcode 7ms active=1->0
2026-03-25T13:30:40: 🔒 成功获取关键物料条码锁: FW300XXXH15XL309Z6H700047QA57QA5 (主条码: 1020260300621H24XX7M1A0S6)
2026-03-25T13:30:40: 🔒 成功获取关键物料条码锁: FW300XXX1459019X320L30826011009966 (主条码: 1020260300621H24XX7M1A0S6)
2026-03-25T13:30:40: 开始验证物料 1313102302 的工序节点兼容性
2026-03-25T13:30:40: 主物料中绑定节点的子节点数量: 18
2026-03-25T13:30:40: 子物料中非根节点数量: 19
2026-03-25T13:30:40: 主物料子树根节点数量: 3
2026-03-25T13:30:40: 子物料树根节点数量: 3
2026-03-25T13:30:40: 验证完成，发现 0 个错误
2026-03-25T13:30:40: [MPF][perf][trace][#21672] matchAndUpdateNodesRecursively 2ms active=2->1
2026-03-25T13:30:40: [MPF][perf][trace][#21673] markMaterialBarcodeBatchesUsed 1ms active=2->1
2026-03-25T13:30:40: [MPF][perf][trace][#21674] preloadMaterialsByIds 1ms active=2->1
2026-03-25T13:30:40: [MPF][perf][trace][#21677] validateDICode 8ms active=4->4
2026-03-25T13:30:40: [MPF][perf][trace][#21675] validateBarcodeWithMaterial 9ms active=2->3
2026-03-25T13:30:40: [MPF][perf][trace][#21678] validateDICode 12ms active=5->2
2026-03-25T13:30:40: [MPF][perf][trace][#21676] validateBarcodeWithMaterial 13ms active=3->1
2026-03-25T13:30:40: [MPF][perf][trace][#21680] validateDICode 2ms active=3->2
2026-03-25T13:30:40: [MPF][perf][trace][#21679] validateBarcodeWithMaterial 2ms active=2->1
2026-03-25T13:30:40: [MPF][perf][trace][#21681] persistFlowRecordPatch 6ms active=2->1
2026-03-25T13:30:40: 🔓 成功释放关键物料条码锁: FW300XXXH15XL309Z6H700047QA57QA5 (主条码: 1020260300621H24XX7M1A0S6)
2026-03-25T13:30:40: 🔓 成功释放关键物料条码锁: FW300XXX1459019X320L30826011009966 (主条码: 1020260300621H24XX7M1A0S6)
2026-03-25T13:30:40: [MPF][perf][trace][#21671] scanProcessComponents 83ms active=1->0
2026-03-25T13:30:40: [API] 工序子物料批量扫码提交 - 请求参数: {
  mainBarcode: '1020260300621H24XX7M1A2Z7',
  processStepId: '69be073eb62fba7cdf2dbdb1',
  componentScans: [
    {
      materialId: '6757a56f354604091e7be893',
      barcode: '102250-117290010703-20260303-56466'
    }
  ],
  userId: '67b810085cd22d7b23a52873',
  lineId: '67582bc0eebf2a4b34951ef6'
}
2026-03-25T13:30:40: 🔒 成功获取关键物料条码锁: 102250-117290010703-20260303-56466 (主条码: 1020260300621H24XX7M1A2Z7)
2026-03-25T13:30:40: [MPF][perf][trace][#21683] markMaterialBarcodeBatchesUsed 1ms active=2->1
2026-03-25T13:30:40: [MPF][perf][trace][#21684] preloadMaterialsByIds 1ms active=2->1
2026-03-25T13:30:40: [MPF][perf][trace][#21686] validateDICode 2ms active=3->2
2026-03-25T13:30:40: [MPF][perf][trace][#21685] validateBarcodeWithMaterial 4ms active=2->1
2026-03-25T13:30:40: [MPF][perf][trace][#21688] validateDICode 2ms active=3->2
2026-03-25T13:30:40: [MPF][perf][trace][#21687] validateBarcodeWithMaterial 2ms active=2->1
2026-03-25T13:30:40: [MPF][perf][trace][#21689] persistFlowRecordPatch 5ms active=2->1
2026-03-25T13:30:40: 🔓 成功释放关键物料条码锁: 102250-117290010703-20260303-56466 (主条码: 1020260300621H24XX7M1A2Z7)
2026-03-25T13:30:40: [MPF][perf][trace][#21682] scanProcessComponents 78ms active=1->0
2026-03-25T13:30:41: [API] 设备条码初始化 - 请求参数: { barcode: '1020260300621H24XX7M1A1A1', machineIp: '3' }
2026-03-25T13:30:41: [MPF][perf][trace][#21690] initializeMachineBarcode 8ms active=1->0
2026-03-25T13:30:41: [API] 创建流程记录 - 请求参数: {
  mainMaterialId: '67c74dc1ec33d3a13e3b9736',
  materialCode: '1313102302',
  barcode: 'FW300XXXH17XL309Z0Q800047QA57QA5',
  productLineId: '6785024f34bd0b84f8bc8682',
  productLineName: '遥控器一线'
}
2026-03-25T13:30:41: [MPF][perf][trace][#21694] buildProcessNodes 4ms active=3->2
2026-03-25T13:30:41: [MPF][perf][trace][#21693] buildProcessNodes 8ms active=2->1
2026-03-25T13:30:41: [MPF][perf][detail][#21692] buildProcessNodes totalMs=18ms materialBatchLookupMs=2ms processMaterialsQueryMs=3ms processStepQueryMs=1ms recursionMs=4ms rootMaterialLookupMs=0ms slowestCallMs=8ms subCraftLookupMs=2ms calls=2 maxDepth=1 leafCount=0 cycleHits=0 totalNodes=35 slowestDepth=0 slowestMaterialId=67c74dc1ec33d3a13e3b9736
2026-03-25T13:30:41: [MPF][perf][detail][#21692] createFlowByMaterialCode totalMs=18ms buildNodesMs=8ms craftLookupMs=1ms materialLookupMs=1ms saveMs=6ms workOrderLookupMs=1ms barcode=FW300XXXH17XL309Z0Q800047QA57QA5 isFromDevice=false hasWorkOrder=false buildCalls=2 buildMaxDepth=1 processNodeCount=20
2026-03-25T13:30:41: [MPF][perf][trace][#21691] createFlowByMaterialCode 18ms active=1->0
2026-03-25T13:30:41: [API] 工序子物料批量扫码提交 - 请求参数: {
  mainBarcode: 'FW300XXXH17XL309Z0Q800047QA57QA5',
  processStepId: '684cc7feb24e29e1ffae069d',
  componentScans: [
    {
      materialId: '675ac74d354604091e8102ab',
      barcode: '1313102051-260313083359'
    }
  ],
  userId: '6784ef7553a924ac79a1ff42',
  lineId: '6785024f34bd0b84f8bc8682'
}
2026-03-25T13:30:41: 开始验证物料 1313102051 的工序节点兼容性
2026-03-25T13:30:41: 主物料中绑定节点的子节点数量: 14
2026-03-25T13:30:41: 子物料中非根节点数量: 14
2026-03-25T13:30:41: 主物料子树根节点数量: 1
2026-03-25T13:30:41: 子物料树根节点数量: 1
2026-03-25T13:30:41: 验证完成，发现 0 个错误
2026-03-25T13:30:41: [MPF][perf][trace][#21696] matchAndUpdateNodesRecursively 2ms active=2->1
2026-03-25T13:30:41: [MPF][perf][trace][#21697] markMaterialBarcodeBatchesUsed 0ms active=2->1
2026-03-25T13:30:41: [MPF][perf][trace][#21698] preloadMaterialsByIds 1ms active=2->1
2026-03-25T13:30:41: [MPF][perf][trace][#21699] validateBarcodeWithMaterial 0ms active=2->1
2026-03-25T13:30:41: [MPF][perf][trace][#21701] validateDICode 8ms active=3->2
2026-03-25T13:30:41: [MPF][perf][trace][#21700] validateBarcodeWithMaterial 8ms active=2->1
2026-03-25T13:30:41: [MPF][perf][trace][#21702] persistFlowRecordPatch 4ms active=2->1
2026-03-25T13:30:41: [MPF][perf][trace][#21703] fixFlowProgress 7ms active=2->1
2026-03-25T13:30:41: [MPF][perf][trace][#21695] scanProcessComponents 37ms active=1->0
2026-03-25T13:30:42: [API] 设备条码初始化 - 请求参数: { barcode: '1020260300621H24XX7M1A1J4', machineIp: '192.168.35.32' }
2026-03-25T13:30:42: [MPF][perf][trace][#21704] initializeMachineBarcode 8ms active=1->0
2026-03-25T13:30:42: 🔒 成功获取关键物料条码锁: FW3001595026X7HZ82AC0432603150337100026010028743 (主条码: 1020260300621H24XX7M1A1J4)
2026-03-25T13:30:42: 开始验证物料 1313102514 的工序节点兼容性
2026-03-25T13:30:42: 主物料中绑定节点的子节点数量: 1
2026-03-25T13:30:42: 子物料中非根节点数量: 1
2026-03-25T13:30:42: 主物料子树根节点数量: 1
2026-03-25T13:30:42: 子物料树根节点数量: 1
2026-03-25T13:30:42: 验证完成，发现 0 个错误
2026-03-25T13:30:42: [MPF][perf][trace][#21706] matchAndUpdateNodesRecursively 0ms active=2->1
2026-03-25T13:30:42: [MPF][perf][trace][#21707] markMaterialBarcodeBatchesUsed 1ms active=2->1
2026-03-25T13:30:42: [MPF][perf][trace][#21708] preloadMaterialsByIds 1ms active=2->1
2026-03-25T13:30:42: [MPF][perf][trace][#21710] validateDICode 2ms active=3->2
2026-03-25T13:30:42: [MPF][perf][trace][#21709] validateBarcodeWithMaterial 2ms active=2->1
2026-03-25T13:30:42: [MPF][perf][trace][#21712] validateDICode 1ms active=3->2
2026-03-25T13:30:42: [MPF][perf][trace][#21711] validateBarcodeWithMaterial 3ms active=2->1
2026-03-25T13:30:42: [MPF][perf][trace][#21713] persistFlowRecordPatch 5ms active=2->1
2026-03-25T13:30:42: 🔓 成功释放关键物料条码锁: FW3001595026X7HZ82AC0432603150337100026010028743 (主条码: 1020260300621H24XX7M1A1J4)
2026-03-25T13:30:42: [MPF][perf][trace][#21705] scanProcessComponents 66ms active=1->0
2026-03-25T13:30:42: [API] 设备条码初始化 - 请求参数: { barcode: '1020260300621H24XX7M1A1F7', machineIp: '192.168.35.31' }
2026-03-25T13:30:42: [MPF][perf][trace][#21714] initializeMachineBarcode 7ms active=1->0
2026-03-25T13:30:42: [MPF][perf][trace][#21716] markMaterialBarcodeBatchesUsed 0ms active=2->1
2026-03-25T13:30:42: [MPF][perf][trace][#21717] preloadMaterialsByIds 0ms active=2->1
2026-03-25T13:30:42: [MPF][perf][trace][#21719] validateDICode 2ms active=3->2
2026-03-25T13:30:42: [MPF][perf][trace][#21718] validateBarcodeWithMaterial 2ms active=2->1
2026-03-25T13:30:42: [MPF][perf][trace][#21720] persistFlowRecordPatch 5ms active=2->1
2026-03-25T13:30:42: [MPF][perf][trace][#21715] scanProcessComponents 55ms active=1->0
2026-03-25T13:30:42: [API] 设备条码初始化 - 请求参数: { barcode: '1020260300621H24XX7M1A0S3', machineIp: '192.168.35.30' }
2026-03-25T13:30:42: [MPF][perf][trace][#21721] initializeMachineBarcode 7ms active=1->0
2026-03-25T13:30:42: [API] 工序子物料批量扫码提交 - 请求参数: {
  mainBarcode: '1020260300621H24XX7M1A2A9',
  processStepId: '69be073ea816dbe2ecd5a6ba',
  componentScans: [
    {
      materialId: '6757a56f354604091e7be893',
      barcode: '102250-117290010703-20260309-67309'
    }
  ],
  userId: '67b810085cd22d7b23a52873',
  lineId: '67582bc0eebf2a4b34951ef6'
}
2026-03-25T13:30:42: 🔒 成功获取关键物料条码锁: 102250-117290010703-20260309-67309 (主条码: 1020260300621H24XX7M1A2A9)
2026-03-25T13:30:42: [MPF][perf][trace][#21723] markMaterialBarcodeBatchesUsed 0ms active=2->1
2026-03-25T13:30:42: [MPF][perf][trace][#21724] preloadMaterialsByIds 1ms active=2->1
2026-03-25T13:30:43: [MPF][perf][trace][#21726] validateDICode 2ms active=3->2
2026-03-25T13:30:43: [MPF][perf][trace][#21725] validateBarcodeWithMaterial 2ms active=2->1
2026-03-25T13:30:43: [MPF][perf][trace][#21728] validateDICode 3ms active=3->2
2026-03-25T13:30:43: [MPF][perf][trace][#21727] validateBarcodeWithMaterial 3ms active=2->1
2026-03-25T13:30:43: [MPF][perf][trace][#21729] persistFlowRecordPatch 7ms active=2->1
2026-03-25T13:30:43: 🔓 成功释放关键物料条码锁: 102250-117290010703-20260309-67309 (主条码: 1020260300621H24XX7M1A2A9)
2026-03-25T13:30:43: [MPF][perf][trace][#21722] scanProcessComponents 63ms active=1->0
2026-03-25T13:30:44: [API] 检查条码节点完成情况 - 请求参数: { params: {}, query: { barcode: 'FW300XXXA20XL309F1A600047PKE7PKE' } }
2026-03-25T13:30:44: [MPF][perf][trace][#21730] checkBarcodeCompletion 3ms active=1->0
2026-03-25T13:30:44: [API] 创建流程记录 - 请求参数: {
  mainMaterialId: '6757a138354604091e7a6199',
  materialCode: '411001B050102',
  barcode: 'YDC-BL0532-1-202603240514',
  productLineId: '689f00a8420fcf4cebef183f',
  productLineName: '旧风筒老化线'
}
2026-03-25T13:30:44: [MPF][perf][trace][#21733] buildProcessNodes 3ms active=2->1
2026-03-25T13:30:44: [MPF][perf][detail][#21732] buildProcessNodes totalMs=8ms materialBatchLookupMs=1ms processMaterialsQueryMs=1ms processStepQueryMs=1ms recursionMs=0ms rootMaterialLookupMs=0ms slowestCallMs=3ms subCraftLookupMs=1ms calls=1 maxDepth=0 leafCount=0 cycleHits=0 totalNodes=5 slowestDepth=0 slowestMaterialId=6757a138354604091e7a6199
2026-03-25T13:30:44: [MPF][perf][detail][#21732] createFlowByMaterialCode totalMs=8ms buildNodesMs=3ms craftLookupMs=2ms materialLookupMs=1ms saveMs=2ms workOrderLookupMs=2ms barcode=YDC-BL0532-1-202603240514 isFromDevice=false hasWorkOrder=false buildCalls=1 buildMaxDepth=0 processNodeCount=5
2026-03-25T13:30:44: [MPF][perf][trace][#21731] createFlowByMaterialCode 9ms active=1->0
2026-03-25T13:30:44: [API] 工序子物料批量扫码提交 - 请求参数: {
  mainBarcode: 'YDC-BL0532-1-202603240514',
  processStepId: '6881c85813c284ba0497a32c',
  componentScans: [],
  userId: '68a53b8eeae8df7d8877c7e5',
  lineId: '689f00a8420fcf4cebef183f'
}
2026-03-25T13:30:44: [MPF][perf][trace][#21735] markMaterialBarcodeBatchesUsed 0ms active=2->1
2026-03-25T13:30:44: [MPF][perf][trace][#21736] preloadMaterialsByIds 0ms active=2->1
2026-03-25T13:30:44: [MPF][perf][trace][#21738] validateDICode 2ms active=3->2
2026-03-25T13:30:44: [MPF][perf][trace][#21737] validateBarcodeWithMaterial 3ms active=2->1
2026-03-25T13:30:44: [MPF][perf][trace][#21739] persistFlowRecordPatch 1ms active=2->1
2026-03-25T13:30:44: [MPF][perf][trace][#21740] fixFlowProgress 4ms active=2->1
2026-03-25T13:30:44: [MPF][perf][trace][#21734] scanProcessComponents 13ms active=1->0
2026-03-25T13:30:44: [API] 设备条码初始化 - 请求参数: { barcode: '1020260300621H24XX7M1A1J6', machineIp: '192.168.35.33' }
2026-03-25T13:30:44: [MPF][perf][trace][#21741] initializeMachineBarcode 7ms active=1->0
2026-03-25T13:30:47: [API] 设备条码初始化 - 请求参数: {
  barcode: 'FW3001595026X7HZ82AC0432603150181300026010028743',
  machineIp: '192.168.35.34'
}
2026-03-25T13:30:47: [MPF][perf][trace][#21744] validateDICode 2ms active=3->2
2026-03-25T13:30:47: [MPF][perf][trace][#21743] validateBarcodeWithMaterial 2ms active=2->1
2026-03-25T13:30:47: [MPF][perf][trace][#21747] buildProcessNodes 3ms active=3->2
2026-03-25T13:30:47: [MPF][perf][detail][#21746] buildProcessNodes totalMs=7ms materialBatchLookupMs=1ms processMaterialsQueryMs=1ms processStepQueryMs=1ms recursionMs=0ms rootMaterialLookupMs=0ms slowestCallMs=3ms subCraftLookupMs=1ms calls=1 maxDepth=0 leafCount=0 cycleHits=0 totalNodes=2 slowestDepth=0 slowestMaterialId=689e16129e542955670237ee
2026-03-25T13:30:47: [MPF][perf][detail][#21746] createFlowByMaterialCode totalMs=7ms buildNodesMs=3ms craftLookupMs=1ms materialLookupMs=1ms saveMs=2ms workOrderLookupMs=1ms barcode=FW3001595026X7HZ82AC0432603150181300026010028743 isFromDevice=false hasWorkOrder=false buildCalls=1 buildMaxDepth=0 processNodeCount=2
2026-03-25T13:30:47: [MPF][perf][trace][#21745] createFlowByMaterialCode 7ms active=2->1
2026-03-25T13:30:47: [MPF][perf][trace][#21742] initializeMachineBarcode 15ms active=1->0
2026-03-25T13:30:47: [API] 设备条码初始化 - 请求参数: { barcode: '1020260300621H24XX7M1A1J1', machineIp: '192.168.35.32' }
2026-03-25T13:30:47: [MPF][perf][trace][#21748] initializeMachineBarcode 8ms active=1->0
2026-03-25T13:30:47: [API] 设备条码初始化 - 请求参数: { barcode: 'YDC-BL0532-1-202603240463', machineIp: '192.168.26.36' }
2026-03-25T13:30:47: [MPF][perf][trace][#21749] initializeMachineBarcode 1ms active=1->0
2026-03-25T13:30:48: [API] 创建流程记录 - 请求参数: {
  mainMaterialId: '6757a138354604091e7a6199',
  materialCode: '411001B050102',
  barcode: 'YDC-BL0532-1-202603240515',
  productLineId: '689f00a8420fcf4cebef183f',
  productLineName: '旧风筒老化线'
}
2026-03-25T13:30:48: [MPF][perf][trace][#21752] buildProcessNodes 3ms active=2->1
2026-03-25T13:30:48: [MPF][perf][detail][#21751] buildProcessNodes totalMs=8ms materialBatchLookupMs=1ms processMaterialsQueryMs=1ms processStepQueryMs=1ms recursionMs=0ms rootMaterialLookupMs=0ms slowestCallMs=3ms subCraftLookupMs=1ms calls=1 maxDepth=0 leafCount=0 cycleHits=0 totalNodes=5 slowestDepth=0 slowestMaterialId=6757a138354604091e7a6199
2026-03-25T13:30:48: [MPF][perf][detail][#21751] createFlowByMaterialCode totalMs=8ms buildNodesMs=3ms craftLookupMs=1ms materialLookupMs=1ms saveMs=3ms workOrderLookupMs=1ms barcode=YDC-BL0532-1-202603240515 isFromDevice=false hasWorkOrder=false buildCalls=1 buildMaxDepth=0 processNodeCount=5
2026-03-25T13:30:48: [MPF][perf][trace][#21750] createFlowByMaterialCode 8ms active=1->0
2026-03-25T13:30:48: [API] 工序子物料批量扫码提交 - 请求参数: {
  mainBarcode: 'YDC-BL0532-1-202603240515',
  processStepId: '6881c85813c284ba0497a32c',
  componentScans: [],
  userId: '68a53b8eeae8df7d8877c7e5',
  lineId: '689f00a8420fcf4cebef183f'
}
2026-03-25T13:30:48: [MPF][perf][trace][#21754] markMaterialBarcodeBatchesUsed 0ms active=2->1
2026-03-25T13:30:48: [MPF][perf][trace][#21755] preloadMaterialsByIds 0ms active=2->1
2026-03-25T13:30:48: [MPF][perf][trace][#21757] validateDICode 2ms active=3->2
2026-03-25T13:30:48: [MPF][perf][trace][#21756] validateBarcodeWithMaterial 3ms active=2->1
2026-03-25T13:30:48: [MPF][perf][trace][#21758] persistFlowRecordPatch 1ms active=2->1
2026-03-25T13:30:48: [MPF][perf][trace][#21759] fixFlowProgress 4ms active=2->1
2026-03-25T13:30:48: [MPF][perf][trace][#21753] scanProcessComponents 13ms active=1->0
2026-03-25T13:30:48: [API] 设备条码初始化 - 请求参数: {
  barcode: 'FW3001595026X7HZ82AC0432603150176500026010028743',
  machineIp: '192.168.35.34'
}
2026-03-25T13:30:48: [MPF][perf][trace][#21760] initializeMachineBarcode 30ms active=1->0
2026-03-25T13:30:48: [API] 设备条码初始化 - 请求参数: {
  barcode: 'FW300XXXH18XL309A1U700047QA57QA5',
  machineIp: '192.168.24.43'
}
2026-03-25T13:30:48: [MPF][perf][trace][#21761] initializeMachineBarcode 32ms active=1->0
2026-03-25T13:30:48: [MPF][perf][trace][#21763] markMaterialBarcodeBatchesUsed 0ms active=2->1
2026-03-25T13:30:48: [MPF][perf][trace][#21764] preloadMaterialsByIds 0ms active=2->1
2026-03-25T13:30:49: [MPF][perf][trace][#21766] validateDICode 30ms active=3->2
2026-03-25T13:30:49: [MPF][perf][trace][#21765] validateBarcodeWithMaterial 36ms active=2->1
2026-03-25T13:30:49: [MPF][perf][trace][#21767] persistFlowRecordPatch 31ms active=2->1
2026-03-25T13:30:49: [MPF][perf][trace][#21762] scanProcessComponents 153ms active=1->0
2026-03-25T13:30:49: 🚀 托盘条码处理 - 队列模式: P2306M57UEU2186126
2026-03-25T13:30:49: 开始托盘条码异步处理: P2306M57UEU2186126, 产线: 德昌追觅C线包装
2026-03-25T13:30:49: 添加托盘处理任务到队列: 条码=P2306M57UEU2186126, 产线=德昌追觅C线包装
2026-03-25T13:30:49: 托盘处理任务已添加到队列: JobId=pallet_P2306M57UEU2186126_1774416649895_xc05ye, 条码=P2306M57UEU2186126
2026-03-25T13:30:49: 托盘条码异步处理任务已提交: P2306M57UEU2186126, JobId: pallet_P2306M57UEU2186126_1774416649895_xc05ye
2026-03-25T13:30:50: [API] 工序子物料批量扫码提交 - 请求参数: {
  mainBarcode: 'FW300XXXH17XL309Z0H500047QA57QA5',
  processStepId: '684cc7fe3e948cf23178026e',
  componentScans: [],
  userId: '6784ef7553a924ac79a1ff42',
  lineId: '6785024f34bd0b84f8bc8682'
}
2026-03-25T13:30:50: [MPF][perf][trace][#21769] markMaterialBarcodeBatchesUsed 0ms active=2->1
2026-03-25T13:30:50: [MPF][perf][trace][#21770] preloadMaterialsByIds 0ms active=2->1
2026-03-25T13:30:50: [MPF][perf][trace][#21772] validateDICode 65ms active=3->2
2026-03-25T13:30:50: [MPF][perf][trace][#21771] validateBarcodeWithMaterial 68ms active=2->1
2026-03-25T13:30:50: [MPF][perf][trace][#21773] persistFlowRecordPatch 34ms active=2->1
2026-03-25T13:30:50: [MPF][perf][trace][#21768] scanProcessComponents 201ms active=1->0
2026-03-25T13:30:50: [API] 工序子物料批量扫码提交 - 请求参数: {
  mainBarcode: '1020260300621H24XX7M1A1H4',
  processStepId: '69be073ef2567c6043a36d47',
  componentScans: [
    {
      materialId: '6757a580354604091e7bef1e',
      barcode: '1313102217-260316084200'
    },
    {
      materialId: '6757a580354604091e7beede',
      barcode: '1313102216-260316084031'
    }
  ],
  userId: '67b810085cd22d7b23a52873',
  lineId: '67582bc0eebf2a4b34951ef6'
}
2026-03-25T13:30:50: 开始验证物料 1313102217 的工序节点兼容性
2026-03-25T13:30:50: 主物料中绑定节点的子节点数量: 4
2026-03-25T13:30:50: 子物料中非根节点数量: 4
2026-03-25T13:30:50: 主物料子树根节点数量: 1
2026-03-25T13:30:50: 子物料树根节点数量: 1
2026-03-25T13:30:50: 验证完成，发现 0 个错误
2026-03-25T13:30:50: [MPF][perf][trace][#21775] matchAndUpdateNodesRecursively 1ms active=2->1
2026-03-25T13:30:50: 开始验证物料 1313102216 的工序节点兼容性
2026-03-25T13:30:50: 主物料中绑定节点的子节点数量: 4
2026-03-25T13:30:50: 子物料中非根节点数量: 4
2026-03-25T13:30:50: 主物料子树根节点数量: 1
2026-03-25T13:30:50: 子物料树根节点数量: 1
2026-03-25T13:30:50: 验证完成，发现 0 个错误
2026-03-25T13:30:50: [MPF][perf][trace][#21776] matchAndUpdateNodesRecursively 1ms active=2->1
2026-03-25T13:30:50: [MPF][perf][trace][#21777] markMaterialBarcodeBatchesUsed 33ms active=2->1
2026-03-25T13:30:50: 🚀 托盘条码处理 - 队列模式: P2306M57UEU1841126
2026-03-25T13:30:50: 开始托盘条码异步处理: P2306M57UEU1841126, 产线: 德昌追觅C线包装
2026-03-25T13:30:50: [MPF][perf][trace][#21778] preloadMaterialsByIds 32ms active=2->1
2026-03-25T13:30:50: [MPF][perf][trace][#21779] validateBarcodeWithMaterial 34ms active=2->2
2026-03-25T13:30:50: [MPF][perf][trace][#21780] validateBarcodeWithMaterial 35ms active=3->1
2026-03-25T13:30:50: 添加托盘处理任务到队列: 条码=P2306M57UEU1841126, 产线=德昌追觅C线包装
2026-03-25T13:30:50: [MPF][perf][trace][#21782] validateDICode 34ms active=3->2
2026-03-25T13:30:50: [MPF][perf][trace][#21781] validateBarcodeWithMaterial 64ms active=2->1
2026-03-25T13:30:50: 托盘处理任务已添加到队列: JobId=pallet_P2306M57UEU1841126_1774416650928_j3ak7r, 条码=P2306M57UEU1841126
2026-03-25T13:30:50: [MPF][perf][trace][#21783] persistFlowRecordPatch 37ms active=2->1
2026-03-25T13:30:51: [MPF][perf][trace][#21774] scanProcessComponents 432ms active=1->0
2026-03-25T13:30:51: 托盘条码异步处理任务已提交: P2306M57UEU1841126, JobId: pallet_P2306M57UEU1841126_1774416650928_j3ak7r
2026-03-25T13:30:51: [API] 设备条码初始化 - 请求参数: { barcode: '1020260300621H24XX7M1A1J6', machineIp: '192.168.35.33' }
2026-03-25T13:30:51: [MPF][perf][trace][#21784] initializeMachineBarcode 40ms active=1->0
2026-03-25T13:30:51: [MPF][perf][trace][#21786] markMaterialBarcodeBatchesUsed 0ms active=2->1
2026-03-25T13:30:51: [MPF][perf][trace][#21787] preloadMaterialsByIds 0ms active=2->1
2026-03-25T13:30:51: [MPF][perf][trace][#21789] validateDICode 60ms active=3->2
2026-03-25T13:30:51: [MPF][perf][trace][#21788] validateBarcodeWithMaterial 63ms active=2->1
2026-03-25T13:30:51: [MPF][perf][trace][#21790] persistFlowRecordPatch 30ms active=2->1
2026-03-25T13:30:51: [MPF][perf][trace][#21785] scanProcessComponents 262ms active=1->0
2026-03-25T13:30:51: 🚀 托盘条码处理 - 队列模式: P2306M57UEU1950126
2026-03-25T13:30:51: 开始托盘条码异步处理: P2306M57UEU1950126, 产线: 德昌追觅C线包装
2026-03-25T13:30:51: 添加托盘处理任务到队列: 条码=P2306M57UEU1950126, 产线=德昌追觅C线包装
2026-03-25T13:30:51: 托盘处理任务已添加到队列: JobId=pallet_P2306M57UEU1950126_1774416651786_lo96ej, 条码=P2306M57UEU1950126
2026-03-25T13:30:51: 托盘条码异步处理任务已提交: P2306M57UEU1950126, JobId: pallet_P2306M57UEU1950126_1774416651786_lo96ej
2026-03-25T13:30:52: 🚀 托盘条码处理 - 队列模式: P2306M57UEU1574126
2026-03-25T13:30:52: 开始托盘条码异步处理: P2306M57UEU1574126, 产线: 德昌追觅C线包装
2026-03-25T13:30:52: 添加托盘处理任务到队列: 条码=P2306M57UEU1574126, 产线=德昌追觅C线包装
2026-03-25T13:30:52: 托盘处理任务已添加到队列: JobId=pallet_P2306M57UEU1574126_1774416652615_ffuyh3, 条码=P2306M57UEU1574126
2026-03-25T13:30:52: 托盘条码异步处理任务已提交: P2306M57UEU1574126, JobId: pallet_P2306M57UEU1574126_1774416652615_ffuyh3
2026-03-25T13:30:53: [API] 设备条码初始化 - 请求参数: { barcode: '1020260300621H24XX7M1A1Q2', machineIp: '192.168.35.30' }
2026-03-25T13:30:53: [MPF][perf][trace][#21791] initializeMachineBarcode 37ms active=1->0
2026-03-25T13:30:53: 🚀 托盘条码处理 - 队列模式: P2306M57UEU1581126
2026-03-25T13:30:53: 开始托盘条码异步处理: P2306M57UEU1581126, 产线: 德昌追觅C线包装
2026-03-25T13:30:53: 添加托盘处理任务到队列: 条码=P2306M57UEU1581126, 产线=德昌追觅C线包装
2026-03-25T13:30:53: 托盘处理任务已添加到队列: JobId=pallet_P2306M57UEU1581126_1774416653421_a9u5z2, 条码=P2306M57UEU1581126
2026-03-25T13:30:53: 托盘条码异步处理任务已提交: P2306M57UEU1581126, JobId: pallet_P2306M57UEU1581126_1774416653421_a9u5z2
2026-03-25T13:30:54: 🚀 托盘条码处理 - 队列模式: P2306M57UEU1131126
2026-03-25T13:30:54: 开始托盘条码异步处理: P2306M57UEU1131126, 产线: 德昌追觅C线包装
2026-03-25T13:30:54: 添加托盘处理任务到队列: 条码=P2306M57UEU1131126, 产线=德昌追觅C线包装
2026-03-25T13:30:54: 托盘处理任务已添加到队列: JobId=pallet_P2306M57UEU1131126_1774416654258_42gqh8, 条码=P2306M57UEU1131126
2026-03-25T13:30:54: 🎯 开始处理托盘任务: pallet_P2306M57UEU1131126_1774416654258_42gqh8, 条码: P2306M57UEU1131126, 产线: 德昌追觅C线包装, Worker: worker_28792_1774416654290_5ebq6o
2026-03-25T13:30:54: 🔐 尝试获取托盘锁: P2306M57UEU1131126
2026-03-25T13:30:54: 🔒 托盘锁已获取: P2306M57UEU1131126 by worker_28792_1774416654290_5ebq6o
2026-03-25T13:30:54: 托盘条码异步处理任务已提交: P2306M57UEU1131126, JobId: pallet_P2306M57UEU1131126_1774416654258_42gqh8
2026-03-25T13:30:54: 开始处理托盘条码（简化版本）: P2306M57UEU1131126, 盒条码: 1001998512121961, 来自维修台: false
2026-03-25T13:30:54: 使用托盘: YDC-SN-1774416187642
2026-03-25T13:30:54: 开始触发工序完成: P2306M57UEU1131126, 托盘编号: YDC-SN-1774416187642
2026-03-25T13:30:54: flowRecord.progress 100
2026-03-25T13:30:54: processPosition.isLast true
2026-03-25T13:30:54: 🔗 调用工单处理服务: http://localhost:2228/api/workorder/update-quantity {
  workOrderId: new ObjectId("68744d51deb41f5b58c474b5"),
  type: 'output',
  quantity: 1
}
2026-03-25T13:30:54: ✅ 工单处理服务响应: {
  success: true,
  jobId: '68744d51deb41f5b58c474b5_output_1774416654552',
  queueLength: 0
}
2026-03-25T13:30:54: [MPF][perf][trace][#21793] updateWorkOrderQuantity 71ms active=2->1
2026-03-25T13:30:54: 条码 P2306M57UEU1131126 首次完成生产，产出量+1
2026-03-25T13:30:54: [MPF][perf][trace][#21794] persistFlowRecordPatch 29ms active=2->1
2026-03-25T13:30:54: [MPF][perf][trace][#21792] scanBatchDocument 191ms active=1->0
2026-03-25T13:30:54: 条码 P2306M57UEU1131126 工序完成触发成功
2026-03-25T13:30:54: 工序绑定和托盘入托完成，条码 P2306M57UEU1131126 处理成功
2026-03-25T13:30:54: ✅ 托盘处理任务完成: pallet_P2306M57UEU1131126_1774416654258_42gqh8, 条码: P2306M57UEU1131126, 耗时: 359ms, Worker: worker_28792_1774416654290_5ebq6o
2026-03-25T13:30:54: 📈 托盘队列任务进度: pallet_P2306M57UEU1131126_1774416654258_42gqh8 - 100%
2026-03-25T13:30:54: 🔓 托盘锁已释放: P2306M57UEU1131126 by worker_28792_1774416654290_5ebq6o
2026-03-25T13:30:54: ✅ 托盘队列任务完成: pallet_P2306M57UEU1131126_1774416654258_42gqh8 {
  mainBarcode: 'P2306M57UEU1131126',
  palletCode: 'YDC-SN-1774416187642',
  duration: 359
}
2026-03-25T13:30:54: [API] 检查条码节点完成情况 - 请求参数: { params: {}, query: { barcode: 'FW300XXXH18XL309A1A200047QA57QA5' } }
2026-03-25T13:30:54: [MPF][perf][trace][#21795] checkBarcodeCompletion 34ms active=1->0
2026-03-25T13:30:55: 🚀 托盘条码处理 - 队列模式: P2306M57UEU1159126
2026-03-25T13:30:55: 开始托盘条码异步处理: P2306M57UEU1159126, 产线: 德昌追觅C线包装
2026-03-25T13:30:55: 添加托盘处理任务到队列: 条码=P2306M57UEU1159126, 产线=德昌追觅C线包装
2026-03-25T13:30:55: 托盘处理任务已添加到队列: JobId=pallet_P2306M57UEU1159126_1774416655155_n6gaxr, 条码=P2306M57UEU1159126
2026-03-25T13:30:55: 托盘条码异步处理任务已提交: P2306M57UEU1159126, JobId: pallet_P2306M57UEU1159126_1774416655155_n6gaxr
2026-03-25T13:30:55: [API] 设备条码初始化 - 请求参数: { barcode: '1020260300621H24XX7M1A1A0', machineIp: '2' }
2026-03-25T13:30:55: [MPF][perf][trace][#21796] initializeMachineBarcode 37ms active=1->0
2026-03-25T13:30:55: [API] 工序子物料批量扫码提交 - 请求参数: {
  mainBarcode: '1020260300621H24XX7M1A1U9',
  processStepId: '69be073e39f371fe13c6e562',
  componentScans: [
    {
      materialId: '6757a580354604091e7bef2f',
      barcode: '1313102230-260324102631'
    },
    {
      materialId: '675d4f7f354604091e835085',
      barcode: '1313102234-260324102426'
    }
  ],
  userId: '67b810085cd22d7b23a52873',
  lineId: '67582bc0eebf2a4b34951ef6'
}
2026-03-25T13:30:55: 开始验证物料 1313102230 的工序节点兼容性
2026-03-25T13:30:55: 主物料中绑定节点的子节点数量: 5
2026-03-25T13:30:55: 子物料中非根节点数量: 5
2026-03-25T13:30:55: 主物料子树根节点数量: 1
2026-03-25T13:30:55: 子物料树根节点数量: 1
2026-03-25T13:30:55: 验证完成，发现 0 个错误
2026-03-25T13:30:55: [MPF][perf][trace][#21798] matchAndUpdateNodesRecursively 1ms active=2->1
2026-03-25T13:30:55: 开始验证物料 1313102234 的工序节点兼容性
2026-03-25T13:30:55: 主物料中绑定节点的子节点数量: 4
2026-03-25T13:30:55: 子物料中非根节点数量: 4
2026-03-25T13:30:55: 主物料子树根节点数量: 1
2026-03-25T13:30:55: 子物料树根节点数量: 1
2026-03-25T13:30:55: 验证完成，发现 0 个错误
2026-03-25T13:30:55: [MPF][perf][trace][#21799] matchAndUpdateNodesRecursively 0ms active=2->1
2026-03-25T13:30:55: [MPF][perf][trace][#21800] markMaterialBarcodeBatchesUsed 33ms active=2->1
2026-03-25T13:30:55: [MPF][perf][trace][#21801] preloadMaterialsByIds 30ms active=2->1
2026-03-25T13:30:55: [MPF][perf][trace][#21802] validateBarcodeWithMaterial 1ms active=2->2
2026-03-25T13:30:55: [MPF][perf][trace][#21803] validateBarcodeWithMaterial 0ms active=3->1
2026-03-25T13:30:55: 🚀 托盘条码处理 - 队列模式: P2306M57UEU1160126
2026-03-25T13:30:55: 开始托盘条码异步处理: P2306M57UEU1160126, 产线: 德昌追觅C线包装
2026-03-25T13:30:56: [MPF][perf][trace][#21805] validateDICode 59ms active=3->2
2026-03-25T13:30:56: [MPF][perf][trace][#21804] validateBarcodeWithMaterial 61ms active=2->1
2026-03-25T13:30:56: [MPF][perf][trace][#21806] persistFlowRecordPatch 39ms active=2->1
2026-03-25T13:30:56: [MPF][perf][trace][#21797] scanProcessComponents 364ms active=1->0
2026-03-25T13:30:56: 添加托盘处理任务到队列: 条码=P2306M57UEU1160126, 产线=德昌追觅C线包装
2026-03-25T13:30:56: 托盘处理任务已添加到队列: JobId=pallet_P2306M57UEU1160126_1774416656159_hn29qp, 条码=P2306M57UEU1160126
2026-03-25T13:30:56: 托盘条码异步处理任务已提交: P2306M57UEU1160126, JobId: pallet_P2306M57UEU1160126_1774416656159_hn29qp
2026-03-25T13:30:56: [API] 工序子物料批量扫码提交 - 请求参数: {
  mainBarcode: '1020260300621H24XX7M1A1U1',
  processStepId: '69be073e65b51dcfc935d132',
  componentScans: [
    {
      materialId: '675e2e1f354604091e8459bb',
      barcode: '1313102233-260321161705'
    },
    {
      materialId: '6757a56f354604091e7be8a4',
      barcode: '102251-114010190082-20260308-08313'
    }
  ],
  userId: '67b810085cd22d7b23a52873',
  lineId: '67582bc0eebf2a4b34951ef6'
}
2026-03-25T13:30:56: 🔒 成功获取关键物料条码锁: 102251-114010190082-20260308-08313 (主条码: 1020260300621H24XX7M1A1U1)
2026-03-25T13:30:56: 开始验证物料 1313102233 的工序节点兼容性
2026-03-25T13:30:56: 主物料中绑定节点的子节点数量: 4
2026-03-25T13:30:56: 子物料中非根节点数量: 4
2026-03-25T13:30:56: 主物料子树根节点数量: 1
2026-03-25T13:30:56: 子物料树根节点数量: 1
2026-03-25T13:30:56: 验证完成，发现 0 个错误
2026-03-25T13:30:56: [MPF][perf][trace][#21808] matchAndUpdateNodesRecursively 1ms active=2->1
2026-03-25T13:30:56: [MPF][perf][trace][#21809] markMaterialBarcodeBatchesUsed 33ms active=2->1
2026-03-25T13:30:56: [MPF][perf][trace][#21810] preloadMaterialsByIds 36ms active=2->1
2026-03-25T13:30:56: [MPF][perf][trace][#21811] validateBarcodeWithMaterial 31ms active=2->3
2026-03-25T13:30:56: [MPF][perf][trace][#21813] validateDICode 69ms active=4->2
2026-03-25T13:30:56: [MPF][perf][trace][#21812] validateBarcodeWithMaterial 96ms active=3->1
2026-03-25T13:30:57: [MPF][perf][trace][#21815] validateDICode 28ms active=3->2
2026-03-25T13:30:57: [MPF][perf][trace][#21814] validateBarcodeWithMaterial 29ms active=2->1
2026-03-25T13:30:57: [MPF][perf][trace][#21816] persistFlowRecordPatch 36ms active=2->1
2026-03-25T13:30:57: 🔓 成功释放关键物料条码锁: 102251-114010190082-20260308-08313 (主条码: 1020260300621H24XX7M1A1U1)
2026-03-25T13:30:57: [MPF][perf][trace][#21807] scanProcessComponents 406ms active=1->0
2026-03-25T13:30:57: [API] 设备条码初始化 - 请求参数: { barcode: '1020260300621H24XX7M1A1F4', machineIp: '1' }
2026-03-25T13:30:57: [MPF][perf][trace][#21817] initializeMachineBarcode 38ms active=1->0
2026-03-25T13:30:59: [API] 设备条码初始化 - 请求参数: { barcode: '1020260300621H24XX7M1A1A5', machineIp: '192.168.35.31' }
2026-03-25T13:30:59: [MPF][perf][trace][#21818] initializeMachineBarcode 37ms active=1->0
2026-03-25T13:31:02: [API] 设备条码初始化 - 请求参数: {
  barcode: 'FW3001595026X7HZ82AC0432603150181300026010028743',
  machineIp: '192.168.35.34'
}
2026-03-25T13:31:02: [MPF][perf][trace][#21819] initializeMachineBarcode 29ms active=1->0
2026-03-25T13:31:02: [MPF][perf][trace][#21821] markMaterialBarcodeBatchesUsed 0ms active=2->1
2026-03-25T13:31:02: [MPF][perf][trace][#21822] preloadMaterialsByIds 0ms active=2->1
2026-03-25T13:31:02: [MPF][perf][trace][#21824] validateDICode 61ms active=3->2
2026-03-25T13:31:02: [MPF][perf][trace][#21823] validateBarcodeWithMaterial 73ms active=2->1
2026-03-25T13:31:02: [MPF][perf][trace][#21825] persistFlowRecordPatch 38ms active=2->1
2026-03-25T13:31:02: [MPF][perf][trace][#21820] scanProcessComponents 179ms active=1->0
2026-03-25T13:31:02: [API] 工序子物料批量扫码提交 - 请求参数: {
  mainBarcode: '1020260300621H24XX7M1A1A0',
  processStepId: '69be073ea278d47574e8dfb5',
  componentScans: [],
  userId: '675fe718f9bd4270460b2c29',
  lineId: '67582bc0eebf2a4b34951ef6'
}
2026-03-25T13:31:02: [MPF][perf][trace][#21827] markMaterialBarcodeBatchesUsed 0ms active=2->1
2026-03-25T13:31:02: [MPF][perf][trace][#21828] preloadMaterialsByIds 0ms active=2->1
2026-03-25T13:31:02: [API] 创建流程记录 - 请求参数: {
  mainMaterialId: '67c74dc1ec33d3a13e3b9736',
  materialCode: '1313102302',
  barcode: 'FW300XXXH17XL309Z0K100047QA57QA5',
  productLineId: '6785024f34bd0b84f8bc8682',
  productLineName: '遥控器一线'
}
2026-03-25T13:31:02: [MPF][perf][trace][#21830] validateDICode 62ms active=3->3
2026-03-25T13:31:02: [MPF][perf][trace][#21829] validateBarcodeWithMaterial 63ms active=2->2
2026-03-25T13:31:02: [MPF][perf][trace][#21833] persistFlowRecordPatch 39ms active=3->2
2026-03-25T13:31:02: [MPF][perf][trace][#21826] scanProcessComponents 284ms active=1->1
2026-03-25T13:31:03: [MPF][perf][trace][#21835] buildProcessNodes 63ms active=3->2
2026-03-25T13:31:03: [MPF][perf][trace][#21834] buildProcessNodes 160ms active=2->1
2026-03-25T13:31:03: [MPF][perf][detail][#21832] buildProcessNodes totalMs=354ms materialBatchLookupMs=63ms processMaterialsQueryMs=38ms processStepQueryMs=57ms recursionMs=63ms rootMaterialLookupMs=0ms slowestCallMs=160ms subCraftLookupMs=63ms calls=2 maxDepth=1 leafCount=0 cycleHits=0 totalNodes=35 slowestDepth=0 slowestMaterialId=67c74dc1ec33d3a13e3b9736
2026-03-25T13:31:03: [MPF][perf][detail][#21832] createFlowByMaterialCode totalMs=354ms buildNodesMs=160ms craftLookupMs=34ms materialLookupMs=34ms saveMs=12ms workOrderLookupMs=178ms barcode=FW300XXXH17XL309Z0K100047QA57QA5 isFromDevice=false hasWorkOrder=false buildCalls=2 buildMaxDepth=1 processNodeCount=20
2026-03-25T13:31:03: [MPF][perf][trace][#21831] createFlowByMaterialCode 355ms active=4->0
2026-03-25T13:31:03: [API] 工序子物料批量扫码提交 - 请求参数: {
  mainBarcode: 'FW300XXXH17XL309Z0K100047QA57QA5',
  processStepId: '684cc7feb24e29e1ffae069d',
  componentScans: [
    {
      materialId: '675ac74d354604091e8102ab',
      barcode: '1313102051-260313083359'
    }
  ],
  userId: '6784ef7553a924ac79a1ff42',
  lineId: '6785024f34bd0b84f8bc8682'
}
2026-03-25T13:31:03: 开始验证物料 1313102051 的工序节点兼容性
2026-03-25T13:31:03: 主物料中绑定节点的子节点数量: 14
2026-03-25T13:31:03: 子物料中非根节点数量: 14
2026-03-25T13:31:03: 主物料子树根节点数量: 1
2026-03-25T13:31:03: 子物料树根节点数量: 1
2026-03-25T13:31:03: 验证完成，发现 0 个错误
2026-03-25T13:31:03: [MPF][perf][trace][#21837] matchAndUpdateNodesRecursively 1ms active=2->1
2026-03-25T13:31:03: [MPF][perf][trace][#21838] markMaterialBarcodeBatchesUsed 6ms active=2->1
2026-03-25T13:31:03: [MPF][perf][trace][#21839] preloadMaterialsByIds 29ms active=2->1
2026-03-25T13:31:03: [MPF][perf][trace][#21840] validateBarcodeWithMaterial 0ms active=2->1
2026-03-25T13:31:03: [MPF][perf][trace][#21842] validateDICode 39ms active=3->2
2026-03-25T13:31:03: [MPF][perf][trace][#21841] validateBarcodeWithMaterial 39ms active=2->1
2026-03-25T13:31:03: [MPF][perf][trace][#21843] persistFlowRecordPatch 36ms active=2->1
2026-03-25T13:31:03: [MPF][perf][trace][#21844] fixFlowProgress 66ms active=2->1
2026-03-25T13:31:03: [MPF][perf][trace][#21836] scanProcessComponents 282ms active=1->0
2026-03-25T13:31:05: [API] 检查条码节点完成情况 - 请求参数: { params: {}, query: { barcode: 'FW300XXXA20XL309F1A500047PKD7PKL' } }
2026-03-25T13:31:05: [MPF][perf][trace][#21845] checkBarcodeCompletion 3ms active=1->0
2026-03-25T13:31:27: JWT密钥已配置
2026-03-25T13:31:28: MongoDB连接池配置: PM2实例=8, 总实例数=10, maxPoolSize=8, minPoolSize=1
2026-03-25T13:31:28: (node:11540) [MONGOOSE] DeprecationWarning: Mongoose: the `strictQuery` option will be switched back to `false` by default in Mongoose 7. Use `mongoose.set('strictQuery', false);` if you want to prepare for this change. Or use `mongoose.set('strictQuery', true);` to suppress this warning.
(Use `node --trace-deprecation ...` to show where the warning was created)
2026-03-25T13:31:28: Server running at http://127.0.0.1:2222
2026-03-25T13:31:28: 🔗 条码规则缓存 Redis 连接已建立 (DB 3)
2026-03-25T13:31:28: 🔗 关键物料锁 Redis 连接已建立
2026-03-25T13:31:28: ✅ 条码规则缓存 Redis 连接就绪 (DB 3)
2026-03-25T13:31:28: ✅ 关键物料锁 Redis 连接就绪
2026-03-25T13:31:28: 数据库链接成功
2026-03-25T13:31:28: 📦 数据库连接完成，开始初始化工单更新队列服务...
2026-03-25T13:31:29: [API] 创建流程记录 - 请求参数: {
  mainMaterialId: '6757a138354604091e7a6199',
  materialCode: '411001B050102',
  barcode: 'YDC-BL0532-1-202603240530',
  productLineId: '689f00a8420fcf4cebef183f',
  productLineName: '旧风筒老化线'
}
2026-03-25T13:31:29: [MPF][perf][trace][#3] buildProcessNodes 6ms active=2->1
2026-03-25T13:31:29: [MPF][perf][detail][#2] buildProcessNodes totalMs=33ms materialBatchLookupMs=2ms processMaterialsQueryMs=1ms processStepQueryMs=2ms recursionMs=0ms rootMaterialLookupMs=0ms slowestCallMs=5ms subCraftLookupMs=1ms calls=1 maxDepth=0 leafCount=0 cycleHits=0 totalNodes=5 slowestDepth=0 slowestMaterialId=6757a138354604091e7a6199
2026-03-25T13:31:29: [MPF][perf][detail][#2] createFlowByMaterialCode totalMs=33ms buildNodesMs=6ms craftLookupMs=6ms materialLookupMs=5ms saveMs=12ms workOrderLookupMs=6ms barcode=YDC-BL0532-1-202603240530 isFromDevice=false hasWorkOrder=false buildCalls=1 buildMaxDepth=0 processNodeCount=5
2026-03-25T13:31:29: [MPF][perf][trace][#1] createFlowByMaterialCode 49ms active=1->0
2026-03-25T13:31:29: [API] 工序子物料批量扫码提交 - 请求参数: {
  mainBarcode: 'YDC-BL0532-1-202603240530',
  processStepId: '6881c85813c284ba0497a32c',
  componentScans: [],
  userId: '68a53b8eeae8df7d8877c7e5',
  lineId: '689f00a8420fcf4cebef183f'
}
2026-03-25T13:31:29: [MPF][perf][trace][#5] markMaterialBarcodeBatchesUsed 0ms active=2->1
2026-03-25T13:31:29: [MPF][perf][trace][#6] preloadMaterialsByIds 0ms active=2->1
2026-03-25T13:31:29: [MPF][perf][trace][#8] validateDICode 5ms active=3->2
2026-03-25T13:31:29: [MPF][perf][trace][#7] validateBarcodeWithMaterial 6ms active=2->1
2026-03-25T13:31:29: [MPF][perf][trace][#9] persistFlowRecordPatch 8ms active=2->1
2026-03-25T13:31:29: [MPF][perf][trace][#10] fixFlowProgress 14ms active=2->1
2026-03-25T13:31:29: [MPF][perf][trace][#4] scanProcessComponents 44ms active=1->0
2026-03-25T13:31:30: [API] 工序子物料批量扫码提交 - 请求参数: {
  mainBarcode: 'FW300XXXH17XL309Z0K100047QA57QA5',
  processStepId: '684cc7fe3e948cf23178026e',
  componentScans: [],
  userId: '6784ef7553a924ac79a1ff42',
  lineId: '6785024f34bd0b84f8bc8682'
}
2026-03-25T13:31:30: [MPF][perf][trace][#12] markMaterialBarcodeBatchesUsed 0ms active=2->1
2026-03-25T13:31:30: [MPF][perf][trace][#13] preloadMaterialsByIds 0ms active=2->1
2026-03-25T13:31:30: [MPF][perf][trace][#15] validateDICode 12ms active=3->2
2026-03-25T13:31:30: [MPF][perf][trace][#14] validateBarcodeWithMaterial 13ms active=2->1
2026-03-25T13:31:30: [MPF][perf][trace][#16] persistFlowRecordPatch 5ms active=2->1
2026-03-25T13:31:30: [MPF][perf][trace][#11] scanProcessComponents 45ms active=1->0
2026-03-25T13:31:30: [API] 工序子物料批量扫码提交 - 请求参数: {
  mainBarcode: '1020260300621H24XX7M1A2Z1',
  processStepId: '69be073e39f371fe13c6e562',
  componentScans: [
    {
      materialId: '6757a580354604091e7bef2f',
      barcode: '1313102230-260324102631'
    },
    {
      materialId: '675d4f7f354604091e835085',
      barcode: '1313102234-260324102426'
    }
  ],
  userId: '67b810085cd22d7b23a52873',
  lineId: '67582bc0eebf2a4b34951ef6'
}
2026-03-25T13:31:30: 开始验证物料 1313102230 的工序节点兼容性
2026-03-25T13:31:30: 主物料中绑定节点的子节点数量: 5
2026-03-25T13:31:30: 子物料中非根节点数量: 5
2026-03-25T13:31:30: 主物料子树根节点数量: 1
2026-03-25T13:31:30: 子物料树根节点数量: 1
2026-03-25T13:31:30: 验证完成，发现 0 个错误
2026-03-25T13:31:30: [MPF][perf][trace][#18] matchAndUpdateNodesRecursively 3ms active=2->1
2026-03-25T13:31:30: 开始验证物料 1313102234 的工序节点兼容性
2026-03-25T13:31:30: 主物料中绑定节点的子节点数量: 4
2026-03-25T13:31:30: 子物料中非根节点数量: 4
2026-03-25T13:31:30: 主物料子树根节点数量: 1
2026-03-25T13:31:30: 子物料树根节点数量: 1
2026-03-25T13:31:30: 验证完成，发现 0 个错误
2026-03-25T13:31:30: [MPF][perf][trace][#19] matchAndUpdateNodesRecursively 1ms active=2->1
2026-03-25T13:31:30: [MPF][perf][trace][#20] markMaterialBarcodeBatchesUsed 6ms active=2->1
2026-03-25T13:31:30: [MPF][perf][trace][#21] preloadMaterialsByIds 2ms active=2->1
2026-03-25T13:31:30: [MPF][perf][trace][#22] validateBarcodeWithMaterial 0ms active=2->2
2026-03-25T13:31:30: [MPF][perf][trace][#23] validateBarcodeWithMaterial 0ms active=3->1
2026-03-25T13:31:30: 🚀 初始化队列处理器...
2026-03-25T13:31:30: 📋 检查Redis连接状态...
2026-03-25T13:31:30: 🧪 开始测试Redis连接...
2026-03-25T13:31:30: 🔗 Redis连接已建立 {
  host: 'localhost',
  port: 6379,
  db: 2,
  timestamp: '2026-03-25T05:31:30.958Z'
}
2026-03-25T13:31:30: ✅ Redis连接就绪，可以执行命令 {
  host: 'localhost',
  port: 6379,
  timestamp: '2026-03-25T05:31:30.959Z'
}
2026-03-25T13:31:30: ✅ Redis连接测试成功 {
  host: 'localhost',
  port: 6379,
  response: 'PONG',
  timestamp: '2026-03-25T05:31:30.961Z'
}
2026-03-25T13:31:30: [MPF][perf][trace][#25] validateDICode 5ms active=3->2
2026-03-25T13:31:30: [MPF][perf][trace][#24] validateBarcodeWithMaterial 5ms active=2->1
2026-03-25T13:31:30: ✅ Redis读写操作测试成功
2026-03-25T13:31:30: ✅ Redis连接正常，继续初始化队列处理器...
2026-03-25T13:31:30: 🔧 初始化工单数量更新处理器...
2026-03-25T13:31:30: 🔧 初始化托盘处理器...
2026-03-25T13:31:30: ✅ 队列服务初始化成功
2026-03-25T13:31:30: [MPF][perf][trace][#26] persistFlowRecordPatch 17ms active=2->1
2026-03-25T13:31:30: 🔌 Redis连接已关闭 {
  host: 'localhost',
  port: 6379,
  timestamp: '2026-03-25T05:31:30.981Z'
}
2026-03-25T13:31:30: ⏹️ Redis连接已结束 {
  host: 'localhost',
  port: 6379,
  timestamp: '2026-03-25T05:31:30.981Z'
}
2026-03-25T13:31:30: [MPF][perf][trace][#17] scanProcessComponents 166ms active=1->0
2026-03-25T13:31:31: [API] 检查条码节点完成情况 - 请求参数: { params: {}, query: { barcode: 'FW300XXXH17XL309Z0F600047QA57QA5' } }
2026-03-25T13:31:31: [MPF][perf][trace][#27] checkBarcodeCompletion 5ms active=1->0
2026-03-25T13:31:31: [API] 设备条码初始化 - 请求参数: { barcode: '1020260300621H24XX7M1A1A5', machineIp: '192.168.35.31' }
2026-03-25T13:31:31: [MPF][perf][trace][#28] initializeMachineBarcode 12ms active=1->0
2026-03-25T13:31:31: [MPF][perf][trace][#30] markMaterialBarcodeBatchesUsed 0ms active=2->1
2026-03-25T13:31:31: [MPF][perf][trace][#31] preloadMaterialsByIds 0ms active=2->1
2026-03-25T13:31:31: [MPF][perf][trace][#33] validateDICode 4ms active=3->2
2026-03-25T13:31:31: [MPF][perf][trace][#32] validateBarcodeWithMaterial 5ms active=2->1
2026-03-25T13:31:31: [MPF][perf][trace][#34] persistFlowRecordPatch 9ms active=2->1
2026-03-25T13:31:31: [MPF][perf][trace][#29] scanProcessComponents 99ms active=1->0
2026-03-25T13:31:32: [API] 工序子物料批量扫码提交 - 请求参数: {
  mainBarcode: '1020260300621H24XX7M1A1H5',
  processStepId: '69be073ef2567c6043a36d47',
  componentScans: [
    {
      materialId: '6757a580354604091e7bef1e',
      barcode: '1313102217-260316084200'
    },
    {
      materialId: '6757a580354604091e7beede',
      barcode: '1313102216-260316084031'
    }
  ],
  userId: '67b810085cd22d7b23a52873',
  lineId: '67582bc0eebf2a4b34951ef6'
}
2026-03-25T13:31:32: 开始验证物料 1313102217 的工序节点兼容性
2026-03-25T13:31:32: 主物料中绑定节点的子节点数量: 4
2026-03-25T13:31:32: 子物料中非根节点数量: 4
2026-03-25T13:31:32: 主物料子树根节点数量: 1
2026-03-25T13:31:32: 子物料树根节点数量: 1
2026-03-25T13:31:32: 验证完成，发现 0 个错误
2026-03-25T13:31:32: [MPF][perf][trace][#36] matchAndUpdateNodesRecursively 1ms active=2->1
2026-03-25T13:31:32: 开始验证物料 1313102216 的工序节点兼容性
2026-03-25T13:31:32: 主物料中绑定节点的子节点数量: 4
2026-03-25T13:31:32: 子物料中非根节点数量: 4
2026-03-25T13:31:32: 主物料子树根节点数量: 1
2026-03-25T13:31:32: 子物料树根节点数量: 1
2026-03-25T13:31:32: 验证完成，发现 0 个错误
2026-03-25T13:31:32: [MPF][perf][trace][#37] matchAndUpdateNodesRecursively 1ms active=2->1
2026-03-25T13:31:32: [MPF][perf][trace][#38] markMaterialBarcodeBatchesUsed 1ms active=2->1
2026-03-25T13:31:32: [MPF][perf][trace][#39] preloadMaterialsByIds 2ms active=2->1
2026-03-25T13:31:32: [MPF][perf][trace][#40] validateBarcodeWithMaterial 1ms active=2->2
2026-03-25T13:31:32: [MPF][perf][trace][#41] validateBarcodeWithMaterial 0ms active=3->1
2026-03-25T13:31:32: [MPF][perf][trace][#43] validateDICode 3ms active=3->2
2026-03-25T13:31:32: [MPF][perf][trace][#42] validateBarcodeWithMaterial 5ms active=2->1
2026-03-25T13:31:32: [MPF][perf][trace][#44] persistFlowRecordPatch 12ms active=2->1
2026-03-25T13:31:32: [MPF][perf][trace][#35] scanProcessComponents 103ms active=1->0
2026-03-25T13:31:32: [API] 创建流程记录 - 请求参数: {
  mainMaterialId: '6757a138354604091e7a6199',
  materialCode: '411001B050102',
  barcode: 'YDC-BL0532-1-202603240531',
  productLineId: '689f00a8420fcf4cebef183f',
  productLineName: '旧风筒老化线'
}
2026-03-25T13:31:32: [MPF][perf][trace][#47] buildProcessNodes 4ms active=2->1
2026-03-25T13:31:32: [MPF][perf][detail][#46] buildProcessNodes totalMs=13ms materialBatchLookupMs=2ms processMaterialsQueryMs=1ms processStepQueryMs=1ms recursionMs=0ms rootMaterialLookupMs=0ms slowestCallMs=4ms subCraftLookupMs=2ms calls=1 maxDepth=0 leafCount=0 cycleHits=0 totalNodes=5 slowestDepth=0 slowestMaterialId=6757a138354604091e7a6199
2026-03-25T13:31:32: [MPF][perf][detail][#46] createFlowByMaterialCode totalMs=13ms buildNodesMs=4ms craftLookupMs=3ms materialLookupMs=2ms saveMs=4ms workOrderLookupMs=3ms barcode=YDC-BL0532-1-202603240531 isFromDevice=false hasWorkOrder=false buildCalls=1 buildMaxDepth=0 processNodeCount=5
2026-03-25T13:31:32: [MPF][perf][trace][#45] createFlowByMaterialCode 14ms active=1->0
2026-03-25T13:31:32: [API] 工序子物料批量扫码提交 - 请求参数: {
  mainBarcode: 'YDC-BL0532-1-202603240531',
  processStepId: '6881c85813c284ba0497a32c',
  componentScans: [],
  userId: '68a53b8eeae8df7d8877c7e5',
  lineId: '689f00a8420fcf4cebef183f'
}
2026-03-25T13:31:32: [MPF][perf][trace][#49] markMaterialBarcodeBatchesUsed 0ms active=2->1
2026-03-25T13:31:32: [MPF][perf][trace][#50] preloadMaterialsByIds 0ms active=2->1
2026-03-25T13:31:32: [MPF][perf][trace][#52] validateDICode 3ms active=3->2
2026-03-25T13:31:32: [MPF][perf][trace][#51] validateBarcodeWithMaterial 4ms active=2->1
2026-03-25T13:31:32: [MPF][perf][trace][#53] persistFlowRecordPatch 3ms active=2->1
2026-03-25T13:31:32: [MPF][perf][trace][#54] fixFlowProgress 7ms active=2->1
2026-03-25T13:31:32: [MPF][perf][trace][#48] scanProcessComponents 23ms active=1->0
2026-03-25T13:31:32: [API] 工序子物料批量扫码提交 - 请求参数: {
  mainBarcode: '1020260300621H24XX7M1A2Z9',
  processStepId: '69be073eb62fba7cdf2dbdb1',
  componentScans: [
    {
      materialId: '6757a56f354604091e7be893',
      barcode: '102250-117290010703-20260303-56869'
    }
  ],
  userId: '67b810085cd22d7b23a52873',
  lineId: '67582bc0eebf2a4b34951ef6'
}
2026-03-25T13:31:32: 🔒 成功获取关键物料条码锁: 102250-117290010703-20260303-56869 (主条码: 1020260300621H24XX7M1A2Z9)
2026-03-25T13:31:32: [MPF][perf][trace][#56] markMaterialBarcodeBatchesUsed 1ms active=2->1
2026-03-25T13:31:32: [MPF][perf][trace][#57] preloadMaterialsByIds 1ms active=2->1
2026-03-25T13:31:32: [MPF][perf][trace][#59] validateDICode 2ms active=3->2
2026-03-25T13:31:32: [MPF][perf][trace][#58] validateBarcodeWithMaterial 3ms active=2->1
2026-03-25T13:31:33: [MPF][perf][trace][#61] validateDICode 2ms active=3->2
2026-03-25T13:31:33: [MPF][perf][trace][#60] validateBarcodeWithMaterial 3ms active=2->1
2026-03-25T13:31:33: [MPF][perf][trace][#62] persistFlowRecordPatch 5ms active=2->1
2026-03-25T13:31:33: 🔓 成功释放关键物料条码锁: 102250-117290010703-20260303-56869 (主条码: 1020260300621H24XX7M1A2Z9)
2026-03-25T13:31:33: [MPF][perf][trace][#55] scanProcessComponents 81ms active=1->0
2026-03-25T13:31:33: [API] 创建流程记录 - 请求参数: {
  mainMaterialId: '69784c439e5429556762ce96',
  materialCode: '1108102067',
  barcode: '1020260300621H24XX7M1A2F6',
  productLineId: '67582bc0eebf2a4b34951ef6',
  productLineName: '面罩主机1号线'
}
2026-03-25T13:31:34: [API] 创建流程记录 - 请求参数: {
  mainMaterialId: '6757a138354604091e7a6199',
  materialCode: '411001B050102',
  barcode: 'YDC-BL0532-1-202603240526',
  productLineId: '689f00a8420fcf4cebef183f',
  productLineName: '旧风筒老化线'
}
2026-03-25T13:31:34: [MPF][perf][trace][#66] buildProcessNodes 6ms active=3->3
2026-03-25T13:31:34: [MPF][perf][trace][#69] buildProcessNodes 7ms active=4->4
2026-03-25T13:31:34: [MPF][perf][trace][#70] buildProcessNodes 6ms active=5->4
2026-03-25T13:31:34: [MPF][perf][detail][#68] buildProcessNodes totalMs=17ms materialBatchLookupMs=2ms processMaterialsQueryMs=3ms processStepQueryMs=1ms recursionMs=0ms rootMaterialLookupMs=0ms slowestCallMs=6ms subCraftLookupMs=2ms calls=1 maxDepth=0 leafCount=0 cycleHits=0 totalNodes=5 slowestDepth=0 slowestMaterialId=6757a138354604091e7a6199
2026-03-25T13:31:34: [MPF][perf][detail][#68] createFlowByMaterialCode totalMs=17ms buildNodesMs=7ms craftLookupMs=4ms materialLookupMs=3ms saveMs=4ms workOrderLookupMs=4ms barcode=YDC-BL0532-1-202603240526 isFromDevice=false hasWorkOrder=false buildCalls=1 buildMaxDepth=0 processNodeCount=5
2026-03-25T13:31:34: [MPF][perf][trace][#67] createFlowByMaterialCode 17ms active=4->3
2026-03-25T13:31:34: [MPF][perf][trace][#71] buildProcessNodes 13ms active=5->2
2026-03-25T13:31:34: [MPF][perf][trace][#72] buildProcessNodes 7ms active=3->2
2026-03-25T13:31:34: [MPF][perf][trace][#73] buildProcessNodes 4ms active=3->2
2026-03-25T13:31:34: [MPF][perf][trace][#75] buildProcessNodes 4ms active=4->3
2026-03-25T13:31:34: [MPF][perf][trace][#74] buildProcessNodes 8ms active=3->2
2026-03-25T13:31:34: [MPF][perf][trace][#76] buildProcessNodes 3ms active=3->2
2026-03-25T13:31:34: [MPF][perf][trace][#77] buildProcessNodes 4ms active=3->2
2026-03-25T13:31:34: [MPF][perf][trace][#78] buildProcessNodes 4ms active=3->2
2026-03-25T13:31:34: [MPF][perf][trace][#65] buildProcessNodes 61ms active=2->1
2026-03-25T13:31:34: [MPF][perf][detail][#64] buildProcessNodes totalMs=113ms materialBatchLookupMs=21ms processMaterialsQueryMs=14ms processStepQueryMs=18ms recursionMs=60ms rootMaterialLookupMs=0ms slowestCallMs=61ms subCraftLookupMs=23ms calls=11 maxDepth=2 leafCount=0 cycleHits=0 totalNodes=166 slowestDepth=0 slowestMaterialId=69784c439e5429556762ce96
2026-03-25T13:31:34: [MPF][perf][detail][#64] createFlowByMaterialCode totalMs=113ms buildNodesMs=61ms craftLookupMs=3ms materialLookupMs=2ms saveMs=30ms workOrderLookupMs=3ms barcode=1020260300621H24XX7M1A2F6 isFromDevice=false hasWorkOrder=true buildCalls=11 buildMaxDepth=2 processNodeCount=92
2026-03-25T13:31:34: [MPF][perf][trace][#63] createFlowByMaterialCode 114ms active=1->0
2026-03-25T13:31:34: [API] 工序子物料批量扫码提交 - 请求参数: {
  mainBarcode: 'YDC-BL0532-1-202603240526',
  processStepId: '6881c85813c284ba0497a32c',
  componentScans: [],
  userId: '68a53b8eeae8df7d8877c7e5',
  lineId: '689f00a8420fcf4cebef183f'
}
2026-03-25T13:31:34: [MPF][perf][trace][#80] markMaterialBarcodeBatchesUsed 0ms active=2->1
2026-03-25T13:31:34: [MPF][perf][trace][#81] preloadMaterialsByIds 0ms active=2->1
2026-03-25T13:31:34: [MPF][perf][trace][#83] validateDICode 3ms active=3->2
2026-03-25T13:31:34: [MPF][perf][trace][#82] validateBarcodeWithMaterial 3ms active=2->1
2026-03-25T13:31:34: [MPF][perf][trace][#84] persistFlowRecordPatch 3ms active=2->1
2026-03-25T13:31:34: [MPF][perf][trace][#85] fixFlowProgress 5ms active=2->1
2026-03-25T13:31:34: [MPF][perf][trace][#79] scanProcessComponents 32ms active=1->0
2026-03-25T13:31:34: [API] 工序子物料批量扫码提交 - 请求参数: {
  mainBarcode: '1020260300621H24XX7M1A2F6',
  processStepId: '69be073ec78e4e58af18a0bd',
  componentScans: [],
  userId: '67b810085cd22d7b23a52873',
  lineId: '67582bc0eebf2a4b34951ef6'
}
2026-03-25T13:31:34: [MPF][perf][trace][#87] markMaterialBarcodeBatchesUsed 0ms active=2->1
2026-03-25T13:31:34: 🔗 调用工单处理服务: http://localhost:2228/api/workorder/update-quantity {
  workOrderId: new ObjectId("69be02d8040d00d4bb253f37"),
  type: 'input',
  quantity: 1
}
2026-03-25T13:31:34: ✅ 工单处理服务响应: {
  success: true,
  jobId: '69be02d8040d00d4bb253f37_input_1774416694364',
  queueLength: 0
}
2026-03-25T13:31:34: [MPF][perf][trace][#88] updateWorkOrderQuantity 153ms active=2->1
2026-03-25T13:31:34: [MPF][perf][trace][#89] preloadMaterialsByIds 0ms active=2->1
2026-03-25T13:31:34: [MPF][perf][trace][#91] validateDICode 4ms active=3->2
2026-03-25T13:31:34: [MPF][perf][trace][#90] validateBarcodeWithMaterial 6ms active=2->1
2026-03-25T13:31:34: [MPF][perf][trace][#92] persistFlowRecordPatch 5ms active=2->1
2026-03-25T13:31:34: [MPF][perf][trace][#93] fixFlowProgress 27ms active=2->1
2026-03-25T13:31:34: [MPF][perf][trace][#86] scanProcessComponents 256ms active=1->0
2026-03-25T13:31:34: [API] 工序子物料批量扫码提交 - 请求参数: {
  mainBarcode: '1020260300621H24XX7M1A2F1',
  processStepId: '69be073ea816dbe2ecd5a6ba',
  componentScans: [
    {
      materialId: '6757a56f354604091e7be893',
      barcode: '102250-117290010703-20260309-67107'
    }
  ],
  userId: '67b810085cd22d7b23a52873',
  lineId: '67582bc0eebf2a4b34951ef6'
}
2026-03-25T13:31:34: 🔒 成功获取关键物料条码锁: 102250-117290010703-20260309-67107 (主条码: 1020260300621H24XX7M1A2F1)
2026-03-25T13:31:34: [MPF][perf][trace][#95] markMaterialBarcodeBatchesUsed 1ms active=2->1
2026-03-25T13:31:34: [MPF][perf][trace][#96] preloadMaterialsByIds 1ms active=2->1
2026-03-25T13:31:34: [MPF][perf][trace][#98] validateDICode 2ms active=3->2
2026-03-25T13:31:34: [MPF][perf][trace][#97] validateBarcodeWithMaterial 3ms active=2->1
2026-03-25T13:31:34: [MPF][perf][trace][#100] validateDICode 2ms active=3->2
2026-03-25T13:31:34: [MPF][perf][trace][#99] validateBarcodeWithMaterial 4ms active=2->1
2026-03-25T13:31:34: [MPF][perf][trace][#101] persistFlowRecordPatch 6ms active=2->1
2026-03-25T13:31:34: 🔓 成功释放关键物料条码锁: 102250-117290010703-20260309-67107 (主条码: 1020260300621H24XX7M1A2F1)
2026-03-25T13:31:34: [MPF][perf][trace][#94] scanProcessComponents 66ms active=1->0
2026-03-25T13:31:35: [API] 工序子物料批量扫码提交 - 请求参数: {
  mainBarcode: '1020260300621H24XX7M1A1H2',
  processStepId: '69be073e902e0a67bd505a7a',
  componentScans: [],
  userId: '67b810085cd22d7b23a52873',
  lineId: '67582bc0eebf2a4b34951ef6'
}
2026-03-25T13:31:35: [MPF][perf][trace][#103] markMaterialBarcodeBatchesUsed 0ms active=2->1
2026-03-25T13:31:35: [MPF][perf][trace][#104] preloadMaterialsByIds 0ms active=2->1
2026-03-25T13:31:35: [MPF][perf][trace][#106] validateDICode 2ms active=3->2
2026-03-25T13:31:35: [MPF][perf][trace][#105] validateBarcodeWithMaterial 2ms active=2->1
2026-03-25T13:31:35: [MPF][perf][trace][#107] persistFlowRecordPatch 5ms active=2->1
2026-03-25T13:31:35: [MPF][perf][trace][#102] scanProcessComponents 61ms active=1->0
2026-03-25T13:31:35: [API] 设备条码初始化 - 请求参数: { barcode: '1020260300621H24XX7M1A1K1', machineIp: '192.168.35.33' }
2026-03-25T13:31:35: [MPF][perf][trace][#108] initializeMachineBarcode 8ms active=1->0
2026-03-25T13:31:36: [API] 创建流程记录 - 请求参数: {
  mainMaterialId: '6757a138354604091e7a6199',
  materialCode: '411001B050102',
  barcode: 'YDC-BL0532-1-202603240528',
  productLineId: '689f00a8420fcf4cebef183f',
  productLineName: '旧风筒老化线'
}
2026-03-25T13:31:36: [MPF][perf][trace][#111] buildProcessNodes 4ms active=2->1
2026-03-25T13:31:36: [MPF][perf][detail][#110] buildProcessNodes totalMs=10ms materialBatchLookupMs=1ms processMaterialsQueryMs=1ms processStepQueryMs=2ms recursionMs=0ms rootMaterialLookupMs=0ms slowestCallMs=4ms subCraftLookupMs=1ms calls=1 maxDepth=0 leafCount=0 cycleHits=0 totalNodes=5 slowestDepth=0 slowestMaterialId=6757a138354604091e7a6199
2026-03-25T13:31:36: [MPF][perf][detail][#110] createFlowByMaterialCode totalMs=10ms buildNodesMs=4ms craftLookupMs=2ms materialLookupMs=2ms saveMs=3ms workOrderLookupMs=2ms barcode=YDC-BL0532-1-202603240528 isFromDevice=false hasWorkOrder=false buildCalls=1 buildMaxDepth=0 processNodeCount=5
2026-03-25T13:31:36: [MPF][perf][trace][#109] createFlowByMaterialCode 10ms active=1->0
2026-03-25T13:31:36: [API] 工序子物料批量扫码提交 - 请求参数: {
  mainBarcode: '1020260300621H24XX7M1A1R9',
  processStepId: '69be073e29e3587154b01049',
  componentScans: [
    {
      materialId: '689e16129e542955670237ef',
      barcode: '1313102513-260324083757'
    }
  ],
  userId: '67b810085cd22d7b23a52873',
  lineId: '67582bc0eebf2a4b34951ef6'
}
2026-03-25T13:31:36: 开始验证物料 1313102513 的工序节点兼容性
2026-03-25T13:31:36: 主物料中绑定节点的子节点数量: 5
2026-03-25T13:31:36: 子物料中非根节点数量: 5
2026-03-25T13:31:36: 主物料子树根节点数量: 1
2026-03-25T13:31:36: 子物料树根节点数量: 1
2026-03-25T13:31:36: 验证完成，发现 0 个错误
2026-03-25T13:31:36: [MPF][perf][trace][#113] matchAndUpdateNodesRecursively 0ms active=2->1
2026-03-25T13:31:36: [MPF][perf][trace][#114] markMaterialBarcodeBatchesUsed 1ms active=2->1
2026-03-25T13:31:36: [API] 工序子物料批量扫码提交 - 请求参数: {
  mainBarcode: 'YDC-BL0532-1-202603240528',
  processStepId: '6881c85813c284ba0497a32c',
  componentScans: [],
  userId: '68a53b8eeae8df7d8877c7e5',
  lineId: '689f00a8420fcf4cebef183f'
}
2026-03-25T13:31:36: [MPF][perf][trace][#115] preloadMaterialsByIds 3ms active=2->2
2026-03-25T13:31:36: [MPF][perf][trace][#118] markMaterialBarcodeBatchesUsed 0ms active=4->3
2026-03-25T13:31:36: [MPF][perf][trace][#119] preloadMaterialsByIds 0ms active=4->3
2026-03-25T13:31:36: [MPF][perf][trace][#117] validateBarcodeWithMaterial 4ms active=3->2
2026-03-25T13:31:36: [MPF][perf][trace][#122] validateDICode 5ms active=5->5
2026-03-25T13:31:36: [MPF][perf][trace][#120] validateBarcodeWithMaterial 6ms active=3->4
2026-03-25T13:31:36: [MPF][perf][trace][#123] validateDICode 7ms active=6->4
2026-03-25T13:31:36: [MPF][perf][trace][#121] validateBarcodeWithMaterial 8ms active=4->3
2026-03-25T13:31:36: [MPF][perf][trace][#124] persistFlowRecordPatch 7ms active=5->3
2026-03-25T13:31:36: [MPF][perf][trace][#125] persistFlowRecordPatch 6ms active=4->2
2026-03-25T13:31:36: [MPF][perf][trace][#112] scanProcessComponents 81ms active=1->2
2026-03-25T13:31:36: [MPF][perf][trace][#126] fixFlowProgress 12ms active=3->1
2026-03-25T13:31:36: [MPF][perf][trace][#116] scanProcessComponents 69ms active=3->0
2026-03-25T13:31:37: [API] 设备条码初始化 - 请求参数: { barcode: '1020260300621H24XX7M1A1A9', machineIp: '192.168.35.32' }
2026-03-25T13:31:37: [MPF][perf][trace][#127] initializeMachineBarcode 8ms active=1->0
2026-03-25T13:31:38: [API] 设备条码初始化 - 请求参数: { barcode: '1020260300621H24XX7M1A1A0', machineIp: '3' }
2026-03-25T13:31:38: [MPF][perf][trace][#128] initializeMachineBarcode 10ms active=1->0
2026-03-25T13:31:38: [API] 设备条码初始化 - 请求参数: { barcode: 'YDC-BL0532-1-202603240480', machineIp: '192.168.26.36' }
2026-03-25T13:31:38: [MPF][perf][trace][#129] initializeMachineBarcode 2ms active=1->0
2026-03-25T13:31:38: [MPF][perf][trace][#131] markMaterialBarcodeBatchesUsed 0ms active=2->1
2026-03-25T13:31:38: [MPF][perf][trace][#132] preloadMaterialsByIds 0ms active=2->1
2026-03-25T13:31:38: [MPF][perf][trace][#134] validateDICode 3ms active=3->2
2026-03-25T13:31:38: [MPF][perf][trace][#133] validateBarcodeWithMaterial 3ms active=2->1
2026-03-25T13:31:38: [MPF][perf][trace][#135] persistFlowRecordPatch 2ms active=2->1
2026-03-25T13:31:38: [MPF][perf][trace][#130] scanProcessComponents 11ms active=1->0
2026-03-25T13:31:38: [API] 创建流程记录 - 请求参数: {
  mainMaterialId: '6757a138354604091e7a6199',
  materialCode: '411001B050102',
  barcode: 'YDC-BL0532-1-202603240523',
  productLineId: '689f00a8420fcf4cebef183f',
  productLineName: '旧风筒老化线'
}
2026-03-25T13:31:38: [MPF][perf][trace][#138] buildProcessNodes 4ms active=2->1
2026-03-25T13:31:38: [MPF][perf][detail][#137] buildProcessNodes totalMs=9ms materialBatchLookupMs=1ms processMaterialsQueryMs=1ms processStepQueryMs=1ms recursionMs=0ms rootMaterialLookupMs=0ms slowestCallMs=4ms subCraftLookupMs=2ms calls=1 maxDepth=0 leafCount=0 cycleHits=0 totalNodes=5 slowestDepth=0 slowestMaterialId=6757a138354604091e7a6199
2026-03-25T13:31:38: [MPF][perf][detail][#137] createFlowByMaterialCode totalMs=9ms buildNodesMs=4ms craftLookupMs=2ms materialLookupMs=2ms saveMs=2ms workOrderLookupMs=2ms barcode=YDC-BL0532-1-202603240523 isFromDevice=false hasWorkOrder=false buildCalls=1 buildMaxDepth=0 processNodeCount=5
2026-03-25T13:31:38: [MPF][perf][trace][#136] createFlowByMaterialCode 9ms active=1->0
2026-03-25T13:31:38: [API] 工序子物料批量扫码提交 - 请求参数: {
  mainBarcode: 'YDC-BL0532-1-202603240523',
  processStepId: '6881c85813c284ba0497a32c',
  componentScans: [],
  userId: '68a53b8eeae8df7d8877c7e5',
  lineId: '689f00a8420fcf4cebef183f'
}
2026-03-25T13:31:38: [MPF][perf][trace][#140] markMaterialBarcodeBatchesUsed 0ms active=2->1
2026-03-25T13:31:38: [MPF][perf][trace][#141] preloadMaterialsByIds 0ms active=2->1
2026-03-25T13:31:38: [MPF][perf][trace][#143] validateDICode 3ms active=3->2
2026-03-25T13:31:38: [MPF][perf][trace][#142] validateBarcodeWithMaterial 3ms active=2->1
2026-03-25T13:31:38: [MPF][perf][trace][#144] persistFlowRecordPatch 1ms active=2->1
2026-03-25T13:31:38: [MPF][perf][trace][#145] fixFlowProgress 4ms active=2->1
2026-03-25T13:31:38: [MPF][perf][trace][#139] scanProcessComponents 15ms active=1->0
2026-03-25T13:31:39: [API] 工序子物料批量扫码提交 - 请求参数: {
  mainBarcode: '1020260300621H24XX7M1A1U2',
  processStepId: '69be073ea44b1ba77491de81',
  componentScans: [
    {
      materialId: '6757a56f354604091e7be8ac',
      barcode: '102251-114010190087-20260315-02714'
    },
    {
      materialId: '675e2e1f354604091e8459ba',
      barcode: '1313102232-260316083812'
    }
  ],
  userId: '67b810085cd22d7b23a52873',
  lineId: '67582bc0eebf2a4b34951ef6'
}
2026-03-25T13:31:39: 🔒 成功获取关键物料条码锁: 102251-114010190087-20260315-02714 (主条码: 1020260300621H24XX7M1A1U2)
2026-03-25T13:31:39: 开始验证物料 1313102232 的工序节点兼容性
2026-03-25T13:31:39: 主物料中绑定节点的子节点数量: 4
2026-03-25T13:31:39: 子物料中非根节点数量: 4
2026-03-25T13:31:39: 主物料子树根节点数量: 1
2026-03-25T13:31:39: 子物料树根节点数量: 1
2026-03-25T13:31:39: 验证完成，发现 0 个错误
2026-03-25T13:31:39: [MPF][perf][trace][#147] matchAndUpdateNodesRecursively 0ms active=2->1
2026-03-25T13:31:39: [MPF][perf][trace][#148] markMaterialBarcodeBatchesUsed 2ms active=2->1
2026-03-25T13:31:39: [MPF][perf][trace][#149] preloadMaterialsByIds 2ms active=2->1
2026-03-25T13:31:39: [MPF][perf][trace][#151] validateBarcodeWithMaterial 0ms active=3->3
2026-03-25T13:31:39: [MPF][perf][trace][#152] validateDICode 3ms active=4->2
2026-03-25T13:31:39: [MPF][perf][trace][#150] validateBarcodeWithMaterial 3ms active=2->1
2026-03-25T13:31:39: [MPF][perf][trace][#154] validateDICode 2ms active=3->2
2026-03-25T13:31:39: [MPF][perf][trace][#153] validateBarcodeWithMaterial 3ms active=2->1
2026-03-25T13:31:39: [MPF][perf][trace][#155] persistFlowRecordPatch 6ms active=2->1
2026-03-25T13:31:39: 🔓 成功释放关键物料条码锁: 102251-114010190087-20260315-02714 (主条码: 1020260300621H24XX7M1A1U2)
2026-03-25T13:31:39: [MPF][perf][trace][#146] scanProcessComponents 68ms active=1->0
2026-03-25T13:31:39: [API] 设备条码初始化 - 请求参数: { barcode: '1020260300621H24XX7M1A1Q3', machineIp: '192.168.35.30' }
2026-03-25T13:31:39: [MPF][perf][trace][#156] initializeMachineBarcode 7ms active=1->0
2026-03-25T13:31:39: [API] 工序子物料批量扫码提交 - 请求参数: {
  mainBarcode: '1020260300621H24XX7M1A1U3',
  processStepId: '69be073e65b51dcfc935d132',
  componentScans: [
    {
      materialId: '675e2e1f354604091e8459bb',
      barcode: '1313102233-260321161705'
    },
    {
      materialId: '6757a56f354604091e7be8a4',
      barcode: '102251-114010190082-20260308-08800'
    }
  ],
  userId: '67b810085cd22d7b23a52873',
  lineId: '67582bc0eebf2a4b34951ef6'
}
2026-03-25T13:31:39: 🔒 成功获取关键物料条码锁: 102251-114010190082-20260308-08800 (主条码: 1020260300621H24XX7M1A1U3)
2026-03-25T13:31:39: 开始验证物料 1313102233 的工序节点兼容性
2026-03-25T13:31:39: 主物料中绑定节点的子节点数量: 4
2026-03-25T13:31:39: 子物料中非根节点数量: 4
2026-03-25T13:31:39: 主物料子树根节点数量: 1
2026-03-25T13:31:39: 子物料树根节点数量: 1
2026-03-25T13:31:39: 验证完成，发现 0 个错误
2026-03-25T13:31:39: [MPF][perf][trace][#158] matchAndUpdateNodesRecursively 1ms active=2->1
2026-03-25T13:31:39: [MPF][perf][trace][#159] markMaterialBarcodeBatchesUsed 1ms active=2->1
2026-03-25T13:31:39: [MPF][perf][trace][#160] preloadMaterialsByIds 1ms active=2->1
2026-03-25T13:31:39: [MPF][perf][trace][#161] validateBarcodeWithMaterial 1ms active=2->3
2026-03-25T13:31:39: [MPF][perf][trace][#163] validateDICode 3ms active=4->2
2026-03-25T13:31:39: [MPF][perf][trace][#162] validateBarcodeWithMaterial 4ms active=3->1
2026-03-25T13:31:39: [MPF][perf][trace][#165] validateDICode 2ms active=3->2
2026-03-25T13:31:39: [MPF][perf][trace][#164] validateBarcodeWithMaterial 3ms active=2->1
2026-03-25T13:31:39: [MPF][perf][trace][#166] persistFlowRecordPatch 6ms active=2->1
2026-03-25T13:31:39: 🔓 成功释放关键物料条码锁: 102251-114010190082-20260308-08800 (主条码: 1020260300621H24XX7M1A1U3)
2026-03-25T13:31:39: [MPF][perf][trace][#157] scanProcessComponents 68ms active=1->0
2026-03-25T13:31:40: [API] 设备条码初始化 - 请求参数: { barcode: '1020260300621H24XX7M1A1F3', machineIp: '2' }
2026-03-25T13:31:40: [MPF][perf][trace][#167] initializeMachineBarcode 8ms active=1->0
2026-03-25T13:31:40: [API] 创建流程记录 - 请求参数: {
  mainMaterialId: '6757a138354604091e7a6199',
  materialCode: '411001B050102',
  barcode: 'YDC-BL0532-1-202603240524',
  productLineId: '689f00a8420fcf4cebef183f',
  productLineName: '旧风筒老化线'
}
2026-03-25T13:31:40: [MPF][perf][trace][#170] buildProcessNodes 4ms active=2->1
2026-03-25T13:31:40: [MPF][perf][detail][#169] buildProcessNodes totalMs=10ms materialBatchLookupMs=2ms processMaterialsQueryMs=1ms processStepQueryMs=1ms recursionMs=0ms rootMaterialLookupMs=0ms slowestCallMs=4ms subCraftLookupMs=2ms calls=1 maxDepth=0 leafCount=0 cycleHits=0 totalNodes=5 slowestDepth=0 slowestMaterialId=6757a138354604091e7a6199
2026-03-25T13:31:40: [MPF][perf][detail][#169] createFlowByMaterialCode totalMs=10ms buildNodesMs=4ms craftLookupMs=2ms materialLookupMs=2ms saveMs=3ms workOrderLookupMs=2ms barcode=YDC-BL0532-1-202603240524 isFromDevice=false hasWorkOrder=false buildCalls=1 buildMaxDepth=0 processNodeCount=5
2026-03-25T13:31:40: [MPF][perf][trace][#168] createFlowByMaterialCode 10ms active=1->0
2026-03-25T13:31:40: [API] 工序子物料批量扫码提交 - 请求参数: {
  mainBarcode: 'YDC-BL0532-1-202603240524',
  processStepId: '6881c85813c284ba0497a32c',
  componentScans: [],
  userId: '68a53b8eeae8df7d8877c7e5',
  lineId: '689f00a8420fcf4cebef183f'
}
2026-03-25T13:31:40: [MPF][perf][trace][#172] markMaterialBarcodeBatchesUsed 0ms active=2->1
2026-03-25T13:31:40: [MPF][perf][trace][#173] preloadMaterialsByIds 0ms active=2->1
2026-03-25T13:31:40: [MPF][perf][trace][#175] validateDICode 3ms active=3->2
2026-03-25T13:31:40: [MPF][perf][trace][#174] validateBarcodeWithMaterial 3ms active=2->1
2026-03-25T13:31:40: [MPF][perf][trace][#176] persistFlowRecordPatch 2ms active=2->1
2026-03-25T13:31:40: [MPF][perf][trace][#177] fixFlowProgress 4ms active=2->1
2026-03-25T13:31:40: [MPF][perf][trace][#171] scanProcessComponents 16ms active=1->0
2026-03-25T13:31:41: [API] 设备条码初始化 - 请求参数: { barcode: '1020260300621H24XX7M1A1A8', machineIp: '192.168.35.32' }
2026-03-25T13:31:41: [MPF][perf][trace][#178] initializeMachineBarcode 10ms active=1->0
2026-03-25T13:31:41: 🔒 成功获取关键物料条码锁: FW3001595026X7HZ82AC0432603150278500026010028743 (主条码: 1020260300621H24XX7M1A1A8)
2026-03-25T13:31:41: 开始验证物料 1313102514 的工序节点兼容性
2026-03-25T13:31:41: 主物料中绑定节点的子节点数量: 1
2026-03-25T13:31:41: 子物料中非根节点数量: 1
2026-03-25T13:31:41: 主物料子树根节点数量: 1
2026-03-25T13:31:41: 子物料树根节点数量: 1
2026-03-25T13:31:41: 验证完成，发现 0 个错误
2026-03-25T13:31:41: [MPF][perf][trace][#180] matchAndUpdateNodesRecursively 0ms active=2->1
2026-03-25T13:31:41: 🚀 托盘条码处理 - 队列模式: P2306M57UEU1048126
2026-03-25T13:31:41: 开始托盘条码异步处理: P2306M57UEU1048126, 产线: 德昌追觅C线包装
2026-03-25T13:31:41: [MPF][perf][trace][#181] markMaterialBarcodeBatchesUsed 3ms active=2->1
2026-03-25T13:31:41: [MPF][perf][trace][#182] preloadMaterialsByIds 8ms active=2->1
2026-03-25T13:31:41: [MPF][perf][trace][#184] validateDICode 4ms active=3->2
2026-03-25T13:31:41: [MPF][perf][trace][#183] validateBarcodeWithMaterial 5ms active=2->1
2026-03-25T13:31:41: 添加托盘处理任务到队列: 条码=P2306M57UEU1048126, 产线=德昌追觅C线包装
2026-03-25T13:31:41: 托盘处理任务已添加到队列: JobId=pallet_P2306M57UEU1048126_1774416701626_aok9dl, 条码=P2306M57UEU1048126
2026-03-25T13:31:41: 🎯 开始处理托盘任务: pallet_P2306M57UEU1048126_1774416701626_aok9dl, 条码: P2306M57UEU1048126, 产线: 德昌追觅C线包装, Worker: worker_11540_1774416701635_gjbmuz
2026-03-25T13:31:41: 🔐 尝试获取托盘锁: P2306M57UEU1048126
2026-03-25T13:31:41: [MPF][perf][trace][#186] validateDICode 7ms active=3->2
2026-03-25T13:31:41: [MPF][perf][trace][#185] validateBarcodeWithMaterial 11ms active=2->1
2026-03-25T13:31:41: 🔗 Redis连接已建立 {
  host: 'localhost',
  port: 6379,
  db: 2,
  timestamp: '2026-03-25T05:31:41.645Z'
}
2026-03-25T13:31:41: 托盘条码异步处理任务已提交: P2306M57UEU1048126, JobId: pallet_P2306M57UEU1048126_1774416701626_aok9dl
2026-03-25T13:31:41: ✅ Redis连接就绪，可以执行命令 {
  host: 'localhost',
  port: 6379,
  timestamp: '2026-03-25T05:31:41.648Z'
}
2026-03-25T13:31:41: 🔒 托盘锁已获取: P2306M57UEU1048126 by worker_11540_1774416701635_gjbmuz
2026-03-25T13:31:41: [MPF][perf][trace][#187] persistFlowRecordPatch 9ms active=2->1
2026-03-25T13:31:41: 开始处理托盘条码（简化版本）: P2306M57UEU1048126, 盒条码: 1001998512121965, 来自维修台: false
2026-03-25T13:31:41: 🔓 成功释放关键物料条码锁: FW3001595026X7HZ82AC0432603150278500026010028743 (主条码: 1020260300621H24XX7M1A1A8)
2026-03-25T13:31:41: [MPF][perf][trace][#179] scanProcessComponents 125ms active=1->0
2026-03-25T13:31:41: 使用托盘: YDC-SN-1774416187642
2026-03-25T13:31:41: 开始触发工序完成: P2306M57UEU1048126, 托盘编号: YDC-SN-1774416187642
2026-03-25T13:31:41: flowRecord.progress 100
2026-03-25T13:31:41: processPosition.isLast true
2026-03-25T13:31:41: 🔗 调用工单处理服务: http://localhost:2228/api/workorder/update-quantity {
  workOrderId: new ObjectId("68744d51deb41f5b58c474b5"),
  type: 'output',
  quantity: 1
}
2026-03-25T13:31:41: ✅ 工单处理服务响应: {
  success: true,
  jobId: '68744d51deb41f5b58c474b5_output_1774416701685',
  queueLength: 0
}
2026-03-25T13:31:41: [MPF][perf][trace][#189] updateWorkOrderQuantity 6ms active=2->1
2026-03-25T13:31:41: 条码 P2306M57UEU1048126 首次完成生产，产出量+1
2026-03-25T13:31:41: [MPF][perf][trace][#190] persistFlowRecordPatch 2ms active=2->1
2026-03-25T13:31:41: [MPF][perf][trace][#188] scanBatchDocument 16ms active=1->0
2026-03-25T13:31:41: 条码 P2306M57UEU1048126 工序完成触发成功
2026-03-25T13:31:41: 工序绑定和托盘入托完成，条码 P2306M57UEU1048126 处理成功
2026-03-25T13:31:41: ✅ 托盘处理任务完成: pallet_P2306M57UEU1048126_1774416701626_aok9dl, 条码: P2306M57UEU1048126, 耗时: 68ms, Worker: worker_11540_1774416701635_gjbmuz
2026-03-25T13:31:41: 📈 托盘队列任务进度: pallet_P2306M57UEU1048126_1774416701626_aok9dl - 100%
2026-03-25T13:31:41: 🔓 托盘锁已释放: P2306M57UEU1048126 by worker_11540_1774416701635_gjbmuz
2026-03-25T13:31:41: ✅ 托盘队列任务完成: pallet_P2306M57UEU1048126_1774416701626_aok9dl {
  mainBarcode: 'P2306M57UEU1048126',
  palletCode: 'YDC-SN-1774416187642',
  duration: 68
}
2026-03-25T13:31:41: [API] 工序子物料批量扫码提交 - 请求参数: {
  mainBarcode: '1020260300621H24XX7M1A1R7',
  processStepId: '69be073e29e3587154b01049',
  componentScans: [
    {
      materialId: '689e16129e542955670237ef',
      barcode: '1313102513-260324083757'
    }
  ],
  userId: '67b810085cd22d7b23a52873',
  lineId: '67582bc0eebf2a4b34951ef6'
}
2026-03-25T13:31:41: 开始验证物料 1313102513 的工序节点兼容性
2026-03-25T13:31:41: 主物料中绑定节点的子节点数量: 5
2026-03-25T13:31:41: 子物料中非根节点数量: 5
2026-03-25T13:31:41: 主物料子树根节点数量: 1
2026-03-25T13:31:41: 子物料树根节点数量: 1
2026-03-25T13:31:41: 验证完成，发现 0 个错误
2026-03-25T13:31:41: [MPF][perf][trace][#192] matchAndUpdateNodesRecursively 1ms active=2->1
2026-03-25T13:31:41: [MPF][perf][trace][#193] markMaterialBarcodeBatchesUsed 1ms active=2->1
2026-03-25T13:31:41: [MPF][perf][trace][#194] preloadMaterialsByIds 1ms active=2->1
2026-03-25T13:31:41: [MPF][perf][trace][#195] validateBarcodeWithMaterial 3ms active=2->1
2026-03-25T13:31:42: [MPF][perf][trace][#197] validateDICode 2ms active=3->2
2026-03-25T13:31:42: [MPF][perf][trace][#196] validateBarcodeWithMaterial 3ms active=2->1
2026-03-25T13:31:42: [MPF][perf][trace][#198] persistFlowRecordPatch 9ms active=2->1
2026-03-25T13:31:42: [MPF][perf][trace][#191] scanProcessComponents 91ms active=1->0
2026-03-25T13:31:42: 🚀 托盘条码处理 - 队列模式: P2306M57UEU1240126
2026-03-25T13:31:42: 开始托盘条码异步处理: P2306M57UEU1240126, 产线: 德昌追觅C线包装
2026-03-25T13:31:42: 添加托盘处理任务到队列: 条码=P2306M57UEU1240126, 产线=德昌追觅C线包装
2026-03-25T13:31:42: 托盘处理任务已添加到队列: JobId=pallet_P2306M57UEU1240126_1774416702258_k52urg, 条码=P2306M57UEU1240126
2026-03-25T13:31:42: 托盘条码异步处理任务已提交: P2306M57UEU1240126, JobId: pallet_P2306M57UEU1240126_1774416702258_k52urg
2026-03-25T13:31:42: [API] 设备条码初始化 - 请求参数: { barcode: '1020260300621H24XX7M1A1K1', machineIp: '192.168.35.33' }
2026-03-25T13:31:42: [MPF][perf][trace][#199] initializeMachineBarcode 7ms active=1->0
2026-03-25T13:31:42: [MPF][perf][trace][#201] markMaterialBarcodeBatchesUsed 0ms active=2->1
2026-03-25T13:31:42: [MPF][perf][trace][#202] preloadMaterialsByIds 0ms active=2->1
2026-03-25T13:31:42: [MPF][perf][trace][#204] validateDICode 3ms active=3->2
2026-03-25T13:31:42: [MPF][perf][trace][#203] validateBarcodeWithMaterial 4ms active=2->1
2026-03-25T13:31:42: [MPF][perf][trace][#205] persistFlowRecordPatch 6ms active=2->1
2026-03-25T13:31:42: [MPF][perf][trace][#200] scanProcessComponents 65ms active=1->0
2026-03-25T13:31:42: 🚀 托盘条码处理 - 队列模式: P2306M57UEU1144126
2026-03-25T13:31:42: 开始托盘条码异步处理: P2306M57UEU1144126, 产线: 德昌追觅C线包装
2026-03-25T13:31:42: [API] 创建流程记录 - 请求参数: {
  mainMaterialId: '6757a138354604091e7a6199',
  materialCode: '411001B050102',
  barcode: 'YDC-BL0532-1-202603240525',
  productLineId: '689f00a8420fcf4cebef183f',
  productLineName: '旧风筒老化线'
}
2026-03-25T13:31:42: [MPF][perf][trace][#208] buildProcessNodes 11ms active=2->1
2026-03-25T13:31:42: [MPF][perf][detail][#207] buildProcessNodes totalMs=20ms materialBatchLookupMs=1ms processMaterialsQueryMs=2ms processStepQueryMs=7ms recursionMs=0ms rootMaterialLookupMs=0ms slowestCallMs=11ms subCraftLookupMs=2ms calls=1 maxDepth=0 leafCount=0 cycleHits=0 totalNodes=5 slowestDepth=0 slowestMaterialId=6757a138354604091e7a6199
2026-03-25T13:31:42: [MPF][perf][detail][#207] createFlowByMaterialCode totalMs=20ms buildNodesMs=12ms craftLookupMs=4ms materialLookupMs=4ms saveMs=3ms workOrderLookupMs=4ms barcode=YDC-BL0532-1-202603240525 isFromDevice=false hasWorkOrder=false buildCalls=1 buildMaxDepth=0 processNodeCount=5
2026-03-25T13:31:42: [MPF][perf][trace][#206] createFlowByMaterialCode 20ms active=1->0
2026-03-25T13:31:42: 添加托盘处理任务到队列: 条码=P2306M57UEU1144126, 产线=德昌追觅C线包装
2026-03-25T13:31:42: 托盘处理任务已添加到队列: JobId=pallet_P2306M57UEU1144126_1774416702888_hkr0lt, 条码=P2306M57UEU1144126
2026-03-25T13:31:42: 托盘条码异步处理任务已提交: P2306M57UEU1144126, JobId: pallet_P2306M57UEU1144126_1774416702888_hkr0lt
2026-03-25T13:31:42: [API] 工序子物料批量扫码提交 - 请求参数: {
  mainBarcode: 'YDC-BL0532-1-202603240525',
  processStepId: '6881c85813c284ba0497a32c',
  componentScans: [],
  userId: '68a53b8eeae8df7d8877c7e5',
  lineId: '689f00a8420fcf4cebef183f'
}
2026-03-25T13:31:42: [MPF][perf][trace][#210] markMaterialBarcodeBatchesUsed 0ms active=2->1
2026-03-25T13:31:42: [MPF][perf][trace][#211] preloadMaterialsByIds 0ms active=2->1
2026-03-25T13:31:42: [MPF][perf][trace][#213] validateDICode 4ms active=3->2
2026-03-25T13:31:42: [MPF][perf][trace][#212] validateBarcodeWithMaterial 4ms active=2->1
2026-03-25T13:31:42: [MPF][perf][trace][#214] persistFlowRecordPatch 5ms active=2->1
2026-03-25T13:31:42: [MPF][perf][trace][#215] fixFlowProgress 6ms active=2->1
2026-03-25T13:31:42: [MPF][perf][trace][#209] scanProcessComponents 24ms active=1->0
2026-03-25T13:31:43: [API] 创建流程记录 - 请求参数: {
  mainMaterialId: '67c74dc1ec33d3a13e3b9736',
  materialCode: '1313102302',
  barcode: 'FW300XXXH17XL309Z0K200047QA57QA5',
  productLineId: '6785024f34bd0b84f8bc8682',
  productLineName: '遥控器一线'
}
2026-03-25T13:31:43: [MPF][perf][trace][#219] buildProcessNodes 4ms active=3->2
2026-03-25T13:31:43: [MPF][perf][trace][#218] buildProcessNodes 8ms active=2->1
2026-03-25T13:31:43: [MPF][perf][detail][#217] buildProcessNodes totalMs=19ms materialBatchLookupMs=2ms processMaterialsQueryMs=2ms processStepQueryMs=2ms recursionMs=4ms rootMaterialLookupMs=0ms slowestCallMs=8ms subCraftLookupMs=4ms calls=2 maxDepth=1 leafCount=0 cycleHits=0 totalNodes=35 slowestDepth=0 slowestMaterialId=67c74dc1ec33d3a13e3b9736
2026-03-25T13:31:43: [MPF][perf][detail][#217] createFlowByMaterialCode totalMs=19ms buildNodesMs=8ms craftLookupMs=2ms materialLookupMs=2ms saveMs=6ms workOrderLookupMs=2ms barcode=FW300XXXH17XL309Z0K200047QA57QA5 isFromDevice=false hasWorkOrder=false buildCalls=2 buildMaxDepth=1 processNodeCount=20
2026-03-25T13:31:43: [MPF][perf][trace][#216] createFlowByMaterialCode 19ms active=1->0
2026-03-25T13:31:43: [API] 工序子物料批量扫码提交 - 请求参数: {
  mainBarcode: 'FW300XXXH17XL309Z0K200047QA57QA5',
  processStepId: '684cc7feb24e29e1ffae069d',
  componentScans: [
    {
      materialId: '675ac74d354604091e8102ab',
      barcode: '1313102051-260313083359'
    }
  ],
  userId: '6784ef7553a924ac79a1ff42',
  lineId: '6785024f34bd0b84f8bc8682'
}
2026-03-25T13:31:43: 开始验证物料 1313102051 的工序节点兼容性
2026-03-25T13:31:43: 主物料中绑定节点的子节点数量: 14
2026-03-25T13:31:43: 子物料中非根节点数量: 14
2026-03-25T13:31:43: 主物料子树根节点数量: 1
2026-03-25T13:31:43: 子物料树根节点数量: 1
2026-03-25T13:31:43: 验证完成，发现 0 个错误
2026-03-25T13:31:43: [MPF][perf][trace][#221] matchAndUpdateNodesRecursively 1ms active=2->1
2026-03-25T13:31:43: [MPF][perf][trace][#222] markMaterialBarcodeBatchesUsed 1ms active=2->1
2026-03-25T13:31:43: [MPF][perf][trace][#223] preloadMaterialsByIds 1ms active=2->1
2026-03-25T13:31:43: [MPF][perf][trace][#224] validateBarcodeWithMaterial 0ms active=2->1
2026-03-25T13:31:43: [MPF][perf][trace][#226] validateDICode 8ms active=3->2
2026-03-25T13:31:43: [MPF][perf][trace][#225] validateBarcodeWithMaterial 8ms active=2->1
2026-03-25T13:31:43: [MPF][perf][trace][#227] persistFlowRecordPatch 4ms active=2->1
2026-03-25T13:31:43: [MPF][perf][trace][#228] fixFlowProgress 16ms active=2->1
2026-03-25T13:31:43: [MPF][perf][trace][#220] scanProcessComponents 49ms active=1->0
2026-03-25T13:31:43: 🚀 托盘条码处理 - 队列模式: P2306M57UEU1300126
2026-03-25T13:31:43: 开始托盘条码异步处理: P2306M57UEU1300126, 产线: 德昌追觅C线包装
2026-03-25T13:31:43: 添加托盘处理任务到队列: 条码=P2306M57UEU1300126, 产线=德昌追觅C线包装
2026-03-25T13:31:43: 托盘处理任务已添加到队列: JobId=pallet_P2306M57UEU1300126_1774416703499_z6bnq1, 条码=P2306M57UEU1300126
2026-03-25T13:31:43: 托盘条码异步处理任务已提交: P2306M57UEU1300126, JobId: pallet_P2306M57UEU1300126_1774416703499_z6bnq1
2026-03-25T13:31:43: 🚀 托盘条码处理 - 队列模式: 1020260300621H24XX7M1A4U7
2026-03-25T13:31:43: 开始托盘条码异步处理: 1020260300621H24XX7M1A4U7, 产线: 面罩主机1号线
2026-03-25T13:31:43: 添加托盘处理任务到队列: 条码=1020260300621H24XX7M1A4U7, 产线=面罩主机1号线
2026-03-25T13:31:43: 托盘处理任务已添加到队列: JobId=pallet_1020260300621H24XX7M1A4U7_1774416703541_c6w7n0, 条码=1020260300621H24XX7M1A4U7
2026-03-25T13:31:43: 托盘条码异步处理任务已提交: 1020260300621H24XX7M1A4U7, JobId: pallet_1020260300621H24XX7M1A4U7_1774416703541_c6w7n0
2026-03-25T13:31:43: [API] 设备条码初始化 - 请求参数: {
  barcode: 'FW300XXXA20XL309F1K000047PKD7PKD',
  machineIp: '192.168.24.43'
}
2026-03-25T13:31:43: [MPF][perf][trace][#229] initializeMachineBarcode 2ms active=1->0
2026-03-25T13:31:43: [API] 设备条码初始化 - 请求参数: { barcode: 'YDC-BL0532-1-202603240479', machineIp: '192.168.26.36' }
2026-03-25T13:31:43: [MPF][perf][trace][#230] initializeMachineBarcode 1ms active=1->0
2026-03-25T13:31:44: 🚀 托盘条码处理 - 队列模式: P2306M57UEU1145126
2026-03-25T13:31:44: 开始托盘条码异步处理: P2306M57UEU1145126, 产线: 德昌追觅C线包装
2026-03-25T13:31:44: 添加托盘处理任务到队列: 条码=P2306M57UEU1145126, 产线=德昌追觅C线包装
2026-03-25T13:31:44: 托盘处理任务已添加到队列: JobId=pallet_P2306M57UEU1145126_1774416704104_npi1e5, 条码=P2306M57UEU1145126
2026-03-25T13:31:44: 托盘条码异步处理任务已提交: P2306M57UEU1145126, JobId: pallet_P2306M57UEU1145126_1774416704104_npi1e5
2026-03-25T13:31:44: 🚀 托盘条码处理 - 队列模式: P2306M57UEU0973126
2026-03-25T13:31:44: 开始托盘条码异步处理: P2306M57UEU0973126, 产线: 德昌追觅C线包装
2026-03-25T13:31:44: 添加托盘处理任务到队列: 条码=P2306M57UEU0973126, 产线=德昌追觅C线包装
2026-03-25T13:31:44: 托盘处理任务已添加到队列: JobId=pallet_P2306M57UEU0973126_1774416704699_bajehr, 条码=P2306M57UEU0973126
2026-03-25T13:31:44: 托盘条码异步处理任务已提交: P2306M57UEU0973126, JobId: pallet_P2306M57UEU0973126_1774416704699_bajehr
2026-03-25T13:31:44: [API] 创建流程记录 - 请求参数: {
  mainMaterialId: '6757a138354604091e7a6199',
  materialCode: '411001B050102',
  barcode: 'YDC-BL0532-1-202603240520',
  productLineId: '689f00a8420fcf4cebef183f',
  productLineName: '旧风筒老化线'
}
2026-03-25T13:31:44: [MPF][perf][trace][#233] buildProcessNodes 3ms active=2->1
2026-03-25T13:31:44: [MPF][perf][detail][#232] buildProcessNodes totalMs=9ms materialBatchLookupMs=1ms processMaterialsQueryMs=1ms processStepQueryMs=1ms recursionMs=0ms rootMaterialLookupMs=0ms slowestCallMs=3ms subCraftLookupMs=1ms calls=1 maxDepth=0 leafCount=0 cycleHits=0 totalNodes=5 slowestDepth=0 slowestMaterialId=6757a138354604091e7a6199
2026-03-25T13:31:44: [MPF][perf][detail][#232] createFlowByMaterialCode totalMs=9ms buildNodesMs=4ms craftLookupMs=2ms materialLookupMs=2ms saveMs=2ms workOrderLookupMs=2ms barcode=YDC-BL0532-1-202603240520 isFromDevice=false hasWorkOrder=false buildCalls=1 buildMaxDepth=0 processNodeCount=5
2026-03-25T13:31:44: [MPF][perf][trace][#231] createFlowByMaterialCode 9ms active=1->0
2026-03-25T13:31:44: [API] 工序子物料批量扫码提交 - 请求参数: {
  mainBarcode: 'YDC-BL0532-1-202603240520',
  processStepId: '6881c85813c284ba0497a32c',
  componentScans: [],
  userId: '68a53b8eeae8df7d8877c7e5',
  lineId: '689f00a8420fcf4cebef183f'
}
2026-03-25T13:31:44: [MPF][perf][trace][#235] markMaterialBarcodeBatchesUsed 0ms active=2->1
2026-03-25T13:31:44: [MPF][perf][trace][#236] preloadMaterialsByIds 0ms active=2->1
2026-03-25T13:31:45: [MPF][perf][trace][#238] validateDICode 3ms active=3->2
2026-03-25T13:31:45: [MPF][perf][trace][#237] validateBarcodeWithMaterial 3ms active=2->1
2026-03-25T13:31:45: [MPF][perf][trace][#239] persistFlowRecordPatch 2ms active=2->1
2026-03-25T13:31:45: [MPF][perf][trace][#240] fixFlowProgress 4ms active=2->1
2026-03-25T13:31:45: [MPF][perf][trace][#234] scanProcessComponents 15ms active=1->0
2026-03-25T13:31:45: [API] 设备条码初始化 - 请求参数: { barcode: '1020260300621H24XX7M1A1H8', machineIp: '192.168.35.31' }
2026-03-25T13:31:45: [MPF][perf][trace][#241] initializeMachineBarcode 7ms active=1->0
2026-03-25T13:31:46: [API] 创建流程记录 - 请求参数: {
  mainMaterialId: '6757a138354604091e7a6199',
  materialCode: '411001B050102',
  barcode: 'YDC-BL0532-1-202603240521',
  productLineId: '689f00a8420fcf4cebef183f',
  productLineName: '旧风筒老化线'
}
2026-03-25T13:31:46: [MPF][perf][trace][#244] buildProcessNodes 3ms active=2->1
2026-03-25T13:31:46: [MPF][perf][detail][#243] buildProcessNodes totalMs=9ms materialBatchLookupMs=1ms processMaterialsQueryMs=1ms processStepQueryMs=1ms recursionMs=0ms rootMaterialLookupMs=0ms slowestCallMs=3ms subCraftLookupMs=1ms calls=1 maxDepth=0 leafCount=0 cycleHits=0 totalNodes=5 slowestDepth=0 slowestMaterialId=6757a138354604091e7a6199
2026-03-25T13:31:46: [MPF][perf][detail][#243] createFlowByMaterialCode totalMs=9ms buildNodesMs=3ms craftLookupMs=2ms materialLookupMs=1ms saveMs=2ms workOrderLookupMs=2ms barcode=YDC-BL0532-1-202603240521 isFromDevice=false hasWorkOrder=false buildCalls=1 buildMaxDepth=0 processNodeCount=5
2026-03-25T13:31:46: [MPF][perf][trace][#242] createFlowByMaterialCode 10ms active=1->0
2026-03-25T13:31:46: [API] 工序子物料批量扫码提交 - 请求参数: {
  mainBarcode: 'YDC-BL0532-1-202603240521',
  processStepId: '6881c85813c284ba0497a32c',
  componentScans: [],
  userId: '68a53b8eeae8df7d8877c7e5',
  lineId: '689f00a8420fcf4cebef183f'
}
2026-03-25T13:31:46: [MPF][perf][trace][#246] markMaterialBarcodeBatchesUsed 0ms active=2->1
2026-03-25T13:31:46: [MPF][perf][trace][#247] preloadMaterialsByIds 0ms active=2->1
2026-03-25T13:31:46: [MPF][perf][trace][#249] validateDICode 2ms active=3->2
2026-03-25T13:31:46: [MPF][perf][trace][#248] validateBarcodeWithMaterial 8ms active=2->1
2026-03-25T13:31:46: [MPF][perf][trace][#250] persistFlowRecordPatch 1ms active=2->1
2026-03-25T13:31:46: [MPF][perf][trace][#251] fixFlowProgress 4ms active=2->1
2026-03-25T13:31:46: [MPF][perf][trace][#245] scanProcessComponents 20ms active=1->0
2026-03-25T13:31:46: [API] 设备条码初始化 - 请求参数: {
  barcode: 'FW3001595026X7HZ82AC0432603150176000026010028743',
  machineIp: '192.168.35.34'
}
2026-03-25T13:31:46: [MPF][perf][trace][#254] validateDICode 3ms active=3->2
2026-03-25T13:31:46: [MPF][perf][trace][#253] validateBarcodeWithMaterial 3ms active=2->1
2026-03-25T13:31:46: [MPF][perf][trace][#257] buildProcessNodes 3ms active=3->2
2026-03-25T13:31:46: [MPF][perf][detail][#256] buildProcessNodes totalMs=8ms materialBatchLookupMs=1ms processMaterialsQueryMs=1ms processStepQueryMs=1ms recursionMs=0ms rootMaterialLookupMs=0ms slowestCallMs=3ms subCraftLookupMs=1ms calls=1 maxDepth=0 leafCount=0 cycleHits=0 totalNodes=2 slowestDepth=0 slowestMaterialId=689e16129e542955670237ee
2026-03-25T13:31:46: [MPF][perf][detail][#256] createFlowByMaterialCode totalMs=8ms buildNodesMs=3ms craftLookupMs=2ms materialLookupMs=1ms saveMs=2ms workOrderLookupMs=2ms barcode=FW3001595026X7HZ82AC0432603150176000026010028743 isFromDevice=false hasWorkOrder=false buildCalls=1 buildMaxDepth=0 processNodeCount=2
2026-03-25T13:31:46: [MPF][perf][trace][#255] createFlowByMaterialCode 8ms active=2->1
2026-03-25T13:31:46: [MPF][perf][trace][#252] initializeMachineBarcode 19ms active=1->0
2026-03-25T13:31:49: [API] 创建流程记录 - 请求参数: {
  mainMaterialId: '69784c439e5429556762ce96',
  materialCode: '1108102067',
  barcode: '1020260300621H24XX7M1A2F7',
  productLineId: '67582bc0eebf2a4b34951ef6',
  productLineName: '面罩主机1号线'
}
2026-03-25T13:31:49: [MPF][perf][trace][#261] buildProcessNodes 3ms active=3->2
2026-03-25T13:31:49: [MPF][perf][trace][#262] buildProcessNodes 4ms active=3->2
2026-03-25T13:31:49: [MPF][perf][trace][#263] buildProcessNodes 3ms active=3->2
2026-03-25T13:31:49: [MPF][perf][trace][#264] buildProcessNodes 4ms active=3->2
2026-03-25T13:31:49: [MPF][perf][trace][#265] buildProcessNodes 3ms active=3->2
2026-03-25T13:31:49: [MPF][perf][trace][#267] buildProcessNodes 5ms active=4->3
2026-03-25T13:31:49: [MPF][perf][trace][#266] buildProcessNodes 8ms active=3->2
2026-03-25T13:31:49: [MPF][perf][trace][#268] buildProcessNodes 3ms active=3->2
2026-03-25T13:31:49: [MPF][perf][trace][#269] buildProcessNodes 4ms active=3->2
2026-03-25T13:31:49: [MPF][perf][trace][#270] buildProcessNodes 3ms active=3->2
2026-03-25T13:31:49: [MPF][perf][trace][#260] buildProcessNodes 40ms active=2->1
2026-03-25T13:31:49: [MPF][perf][detail][#259] buildProcessNodes totalMs=70ms materialBatchLookupMs=15ms processMaterialsQueryMs=10ms processStepQueryMs=9ms recursionMs=40ms rootMaterialLookupMs=0ms slowestCallMs=40ms subCraftLookupMs=17ms calls=11 maxDepth=2 leafCount=0 cycleHits=0 totalNodes=166 slowestDepth=0 slowestMaterialId=69784c439e5429556762ce96
2026-03-25T13:31:49: [MPF][perf][detail][#259] createFlowByMaterialCode totalMs=70ms buildNodesMs=40ms craftLookupMs=2ms materialLookupMs=1ms saveMs=14ms workOrderLookupMs=2ms barcode=1020260300621H24XX7M1A2F7 isFromDevice=false hasWorkOrder=true buildCalls=11 buildMaxDepth=2 processNodeCount=92
2026-03-25T13:31:49: [MPF][perf][trace][#258] createFlowByMaterialCode 70ms active=1->0
2026-03-25T13:31:49: [API] 工序子物料批量扫码提交 - 请求参数: {
  mainBarcode: '1020260300621H24XX7M1A2F7',
  processStepId: '69be073ec78e4e58af18a0bd',
  componentScans: [],
  userId: '67b810085cd22d7b23a52873',
  lineId: '67582bc0eebf2a4b34951ef6'
}
2026-03-25T13:31:49: [MPF][perf][trace][#272] markMaterialBarcodeBatchesUsed 0ms active=2->1
2026-03-25T13:31:49: 🔗 调用工单处理服务: http://localhost:2228/api/workorder/update-quantity {
  workOrderId: new ObjectId("69be02d8040d00d4bb253f37"),
  type: 'input',
  quantity: 1
}
2026-03-25T13:31:49: ✅ 工单处理服务响应: {
  success: true,
  jobId: '69be02d8040d00d4bb253f37_input_1774416709473',
  queueLength: 0
}
2026-03-25T13:31:49: [MPF][perf][trace][#273] updateWorkOrderQuantity 5ms active=2->1
2026-03-25T13:31:49: [MPF][perf][trace][#274] preloadMaterialsByIds 0ms active=2->1
2026-03-25T13:31:49: [MPF][perf][trace][#276] validateDICode 2ms active=3->2
2026-03-25T13:31:49: [MPF][perf][trace][#275] validateBarcodeWithMaterial 3ms active=2->1
2026-03-25T13:31:49: [MPF][perf][trace][#277] persistFlowRecordPatch 4ms active=2->1
2026-03-25T13:31:49: [MPF][perf][trace][#278] fixFlowProgress 20ms active=2->1
2026-03-25T13:31:49: [MPF][perf][trace][#271] scanProcessComponents 86ms active=1->0
2026-03-25T13:31:50: [API] 工序子物料批量扫码提交 - 请求参数: {
  mainBarcode: '1020260300621H24XX7M1A1F3',
  processStepId: '69be073ea278d47574e8dfb5',
  componentScans: [],
  userId: '675fe718f9bd4270460b2c29',
  lineId: '67582bc0eebf2a4b34951ef6'
}
2026-03-25T13:31:50: [MPF][perf][trace][#280] markMaterialBarcodeBatchesUsed 0ms active=2->1
2026-03-25T13:31:50: [MPF][perf][trace][#281] preloadMaterialsByIds 0ms active=2->1
2026-03-25T13:31:50: [MPF][perf][trace][#283] validateDICode 2ms active=3->2
2026-03-25T13:31:50: [MPF][perf][trace][#282] validateBarcodeWithMaterial 3ms active=2->1
2026-03-25T13:31:50: [MPF][perf][trace][#284] persistFlowRecordPatch 6ms active=2->1
2026-03-25T13:31:50: [MPF][perf][trace][#279] scanProcessComponents 60ms active=1->0
2026-03-25T13:31:53: [API] 设备条码初始化 - 请求参数: {
  barcode: 'FW3001595026X7HZ82AC0432603150176300026010028743',
  machineIp: '192.168.35.34'
}
2026-03-25T13:31:53: [MPF][perf][trace][#287] validateDICode 3ms active=3->2
2026-03-25T13:31:53: [MPF][perf][trace][#286] validateBarcodeWithMaterial 3ms active=2->1
2026-03-25T13:31:53: [MPF][perf][trace][#290] buildProcessNodes 3ms active=3->2
2026-03-25T13:31:53: [MPF][perf][detail][#289] buildProcessNodes totalMs=10ms materialBatchLookupMs=1ms processMaterialsQueryMs=1ms processStepQueryMs=1ms recursionMs=0ms rootMaterialLookupMs=0ms slowestCallMs=3ms subCraftLookupMs=1ms calls=1 maxDepth=0 leafCount=0 cycleHits=0 totalNodes=2 slowestDepth=0 slowestMaterialId=689e16129e542955670237ee
2026-03-25T13:31:53: [MPF][perf][detail][#289] createFlowByMaterialCode totalMs=10ms buildNodesMs=3ms craftLookupMs=3ms materialLookupMs=2ms saveMs=2ms workOrderLookupMs=4ms barcode=FW3001595026X7HZ82AC0432603150176300026010028743 isFromDevice=false hasWorkOrder=false buildCalls=1 buildMaxDepth=0 processNodeCount=2
2026-03-25T13:31:53: [MPF][perf][trace][#288] createFlowByMaterialCode 10ms active=2->1
2026-03-25T13:31:53: [MPF][perf][trace][#285] initializeMachineBarcode 19ms active=1->0
2026-03-25T13:31:53: [API] 设备条码初始化 - 请求参数: { barcode: '1020260300621H24XX7M1A1F5', machineIp: '1' }
2026-03-25T13:31:53: [MPF][perf][trace][#291] initializeMachineBarcode 10ms active=1->0
2026-03-25T13:31:54: [API] 工序子物料批量扫码提交 - 请求参数: {
  mainBarcode: '1020260300621H24XX7M1A1U4',
  processStepId: '69be073ea44b1ba77491de81',
  componentScans: [
    {
      materialId: '6757a56f354604091e7be8ac',
      barcode: '102251-114010190087-20260315-02703'
    },
    {
      materialId: '675e2e1f354604091e8459ba',
      barcode: '1313102232-260316083812'
    }
  ],
  userId: '67b810085cd22d7b23a52873',
  lineId: '67582bc0eebf2a4b34951ef6'
}
2026-03-25T13:31:54: 🔒 成功获取关键物料条码锁: 102251-114010190087-20260315-02703 (主条码: 1020260300621H24XX7M1A1U4)
2026-03-25T13:31:54: 开始验证物料 1313102232 的工序节点兼容性
2026-03-25T13:31:54: 主物料中绑定节点的子节点数量: 4
2026-03-25T13:31:54: 子物料中非根节点数量: 4
2026-03-25T13:31:54: 主物料子树根节点数量: 1
2026-03-25T13:31:54: 子物料树根节点数量: 1
2026-03-25T13:31:54: 验证完成，发现 0 个错误
2026-03-25T13:31:54: [MPF][perf][trace][#293] matchAndUpdateNodesRecursively 1ms active=2->1
2026-03-25T13:31:54: [MPF][perf][trace][#294] markMaterialBarcodeBatchesUsed 1ms active=2->1
2026-03-25T13:31:54: [MPF][perf][trace][#295] preloadMaterialsByIds 1ms active=2->1
2026-03-25T13:31:54: [MPF][perf][trace][#297] validateBarcodeWithMaterial 1ms active=3->3
2026-03-25T13:31:54: [MPF][perf][trace][#298] validateDICode 2ms active=4->2
2026-03-25T13:31:54: [MPF][perf][trace][#296] validateBarcodeWithMaterial 3ms active=2->1
2026-03-25T13:31:54: [API] 设备条码初始化 - 请求参数: { barcode: '1020260300621H24XX7M1A1F1', machineIp: '2' }
2026-03-25T13:31:54: [MPF][perf][trace][#299] initializeMachineBarcode 10ms active=2->2
2026-03-25T13:31:54: [MPF][perf][trace][#301] validateDICode 3ms active=3->2
2026-03-25T13:31:54: [MPF][perf][trace][#300] validateBarcodeWithMaterial 19ms active=3->1
2026-03-25T13:31:54: [MPF][perf][trace][#302] persistFlowRecordPatch 6ms active=2->1
2026-03-25T13:31:54: 🔓 成功释放关键物料条码锁: 102251-114010190087-20260315-02703 (主条码: 1020260300621H24XX7M1A1U4)
2026-03-25T13:31:54: [MPF][perf][trace][#292] scanProcessComponents 87ms active=1->0
2026-03-25T13:31:55: [API] 设备条码初始化 - 请求参数: { barcode: '1020260300621H24XX7M1A0A6', machineIp: '192.168.35.31' }
2026-03-25T13:31:55: [MPF][perf][trace][#303] initializeMachineBarcode 8ms active=1->0
2026-03-25T13:31:55: [MPF][perf][trace][#305] markMaterialBarcodeBatchesUsed 0ms active=2->1
2026-03-25T13:31:55: [MPF][perf][trace][#306] preloadMaterialsByIds 0ms active=2->1
2026-03-25T13:31:55: [MPF][perf][trace][#308] validateDICode 3ms active=3->2
2026-03-25T13:31:55: [MPF][perf][trace][#307] validateBarcodeWithMaterial 3ms active=2->1
2026-03-25T13:31:55: [MPF][perf][trace][#309] persistFlowRecordPatch 5ms active=2->1
2026-03-25T13:31:55: [MPF][perf][trace][#304] scanProcessComponents 59ms active=1->0
2026-03-25T13:31:56: [API] 工序子物料批量扫码提交 - 请求参数: {
  mainBarcode: '1020260300621H24XX7M1A1U2',
  processStepId: '69be073e65b51dcfc935d132',
  componentScans: [
    {
      materialId: '675e2e1f354604091e8459bb',
      barcode: '1313102233-260321161705'
    },
    {
      materialId: '6757a56f354604091e7be8a4',
      barcode: '102251-114010190082-20260308-08778'
    }
  ],
  userId: '67b810085cd22d7b23a52873',
  lineId: '67582bc0eebf2a4b34951ef6'
}
2026-03-25T13:31:56: 🔒 成功获取关键物料条码锁: 102251-114010190082-20260308-08778 (主条码: 1020260300621H24XX7M1A1U2)
2026-03-25T13:31:56: 开始验证物料 1313102233 的工序节点兼容性
2026-03-25T13:31:56: 主物料中绑定节点的子节点数量: 4
2026-03-25T13:31:56: 子物料中非根节点数量: 4
2026-03-25T13:31:56: 主物料子树根节点数量: 1
2026-03-25T13:31:56: 子物料树根节点数量: 1
2026-03-25T13:31:56: 验证完成，发现 0 个错误
2026-03-25T13:31:56: [MPF][perf][trace][#311] matchAndUpdateNodesRecursively 0ms active=2->1
2026-03-25T13:31:56: [MPF][perf][trace][#312] markMaterialBarcodeBatchesUsed 1ms active=2->1
2026-03-25T13:31:56: [MPF][perf][trace][#313] preloadMaterialsByIds 2ms active=2->1
2026-03-25T13:31:56: [MPF][perf][trace][#314] validateBarcodeWithMaterial 0ms active=2->3
2026-03-25T13:31:56: [MPF][perf][trace][#316] validateDICode 3ms active=4->2
2026-03-25T13:31:56: [MPF][perf][trace][#315] validateBarcodeWithMaterial 3ms active=3->1
2026-03-25T13:31:56: [MPF][perf][trace][#318] validateDICode 2ms active=3->2
2026-03-25T13:31:56: [MPF][perf][trace][#317] validateBarcodeWithMaterial 2ms active=2->1
2026-03-25T13:31:56: [MPF][perf][trace][#319] persistFlowRecordPatch 6ms active=2->1
2026-03-25T13:31:56: 🔓 成功释放关键物料条码锁: 102251-114010190082-20260308-08778 (主条码: 1020260300621H24XX7M1A1U2)
2026-03-25T13:31:56: [MPF][perf][trace][#310] scanProcessComponents 68ms active=1->0
2026-03-25T13:31:56: [API] 工序子物料批量扫码提交 - 请求参数: {
  mainBarcode: '1020260300621H24XX7M1A2A0',
  processStepId: '69be073eb62fba7cdf2dbdb1',
  componentScans: [
    {
      materialId: '6757a56f354604091e7be893',
      barcode: '102250-117290010703-20260304-59558'
    }
  ],
  userId: '67b810085cd22d7b23a52873',
  lineId: '67582bc0eebf2a4b34951ef6'
}
2026-03-25T13:31:56: 🔒 成功获取关键物料条码锁: 102250-117290010703-20260304-59558 (主条码: 1020260300621H24XX7M1A2A0)
2026-03-25T13:31:56: [MPF][perf][trace][#321] markMaterialBarcodeBatchesUsed 1ms active=2->1
2026-03-25T13:31:56: [MPF][perf][trace][#322] preloadMaterialsByIds 1ms active=2->1
2026-03-25T13:31:56: [MPF][perf][trace][#324] validateDICode 2ms active=3->2
2026-03-25T13:31:56: [MPF][perf][trace][#323] validateBarcodeWithMaterial 4ms active=2->1
2026-03-25T13:31:56: [MPF][perf][trace][#326] validateDICode 4ms active=3->2
2026-03-25T13:31:56: [MPF][perf][trace][#325] validateBarcodeWithMaterial 6ms active=2->1
2026-03-25T13:31:56: [MPF][perf][trace][#327] persistFlowRecordPatch 5ms active=2->1
2026-03-25T13:31:56: 🔓 成功释放关键物料条码锁: 102250-117290010703-20260304-59558 (主条码: 1020260300621H24XX7M1A2A0)
2026-03-25T13:31:56: [MPF][perf][trace][#320] scanProcessComponents 75ms active=1->0
2026-03-25T13:31:57: 🚀 托盘条码处理 - 队列模式: P2306M57UEU2016126
2026-03-25T13:31:57: 开始托盘条码异步处理: P2306M57UEU2016126, 产线: 德昌追觅C线包装
2026-03-25T13:31:57: 添加托盘处理任务到队列: 条码=P2306M57UEU2016126, 产线=德昌追觅C线包装
2026-03-25T13:31:57: 托盘处理任务已添加到队列: JobId=pallet_P2306M57UEU2016126_1774416717150_xifdsi, 条码=P2306M57UEU2016126
2026-03-25T13:31:57: 托盘条码异步处理任务已提交: P2306M57UEU2016126, JobId: pallet_P2306M57UEU2016126_1774416717150_xifdsi
2026-03-25T13:31:57: 🚀 托盘条码处理 - 队列模式: P2306M57UEU1760126
2026-03-25T13:31:57: 开始托盘条码异步处理: P2306M57UEU1760126, 产线: 德昌追觅C线包装
2026-03-25T13:31:57: 添加托盘处理任务到队列: 条码=P2306M57UEU1760126, 产线=德昌追觅C线包装
2026-03-25T13:31:57: 托盘处理任务已添加到队列: JobId=pallet_P2306M57UEU1760126_1774416717750_rle9ir, 条码=P2306M57UEU1760126
2026-03-25T13:31:57: 🎯 开始处理托盘任务: pallet_P2306M57UEU1760126_1774416717750_rle9ir, 条码: P2306M57UEU1760126, 产线: 德昌追觅C线包装, Worker: worker_11540_1774416717751_tti0ke
2026-03-25T13:31:57: 🔐 尝试获取托盘锁: P2306M57UEU1760126
2026-03-25T13:31:57: 🔒 托盘锁已获取: P2306M57UEU1760126 by worker_11540_1774416717751_tti0ke
2026-03-25T13:31:57: 开始处理托盘条码（简化版本）: P2306M57UEU1760126, 盒条码: 1001998512121900, 来自维修台: false
2026-03-25T13:31:57: 托盘条码异步处理任务已提交: P2306M57UEU1760126, JobId: pallet_P2306M57UEU1760126_1774416717750_rle9ir
2026-03-25T13:31:57: 使用托盘: YDC-SN-1774416187642
2026-03-25T13:31:57: 开始触发工序完成: P2306M57UEU1760126, 托盘编号: YDC-SN-1774416187642
2026-03-25T13:31:57: flowRecord.progress 100
2026-03-25T13:31:57: processPosition.isLast true
2026-03-25T13:31:57: 🔗 调用工单处理服务: http://localhost:2228/api/workorder/update-quantity {
  workOrderId: new ObjectId("68744d51deb41f5b58c474b5"),
  type: 'output',
  quantity: 1
}
2026-03-25T13:31:57: ✅ 工单处理服务响应: {
  success: true,
  jobId: '68744d51deb41f5b58c474b5_output_1774416717774',
  queueLength: 0
}
2026-03-25T13:31:57: [MPF][perf][trace][#329] updateWorkOrderQuantity 6ms active=2->1
2026-03-25T13:31:57: 条码 P2306M57UEU1760126 首次完成生产，产出量+1
2026-03-25T13:31:57: [MPF][perf][trace][#330] persistFlowRecordPatch 2ms active=2->1
2026-03-25T13:31:57: [MPF][perf][trace][#328] scanBatchDocument 14ms active=1->0
2026-03-25T13:31:57: 条码 P2306M57UEU1760126 工序完成触发成功
2026-03-25T13:31:57: 工序绑定和托盘入托完成，条码 P2306M57UEU1760126 处理成功
2026-03-25T13:31:57: ✅ 托盘处理任务完成: pallet_P2306M57UEU1760126_1774416717750_rle9ir, 条码: P2306M57UEU1760126, 耗时: 37ms, Worker: worker_11540_1774416717751_tti0ke
2026-03-25T13:31:57: 📈 托盘队列任务进度: pallet_P2306M57UEU1760126_1774416717750_rle9ir - 100%
2026-03-25T13:31:57: 🔓 托盘锁已释放: P2306M57UEU1760126 by worker_11540_1774416717751_tti0ke
2026-03-25T13:31:57: ✅ 托盘队列任务完成: pallet_P2306M57UEU1760126_1774416717750_rle9ir {
  mainBarcode: 'P2306M57UEU1760126',
  palletCode: 'YDC-SN-1774416187642',
  duration: 37
}
2026-03-25T13:31:58: 🚀 托盘条码处理 - 队列模式: P2306M57UEU1047126
2026-03-25T13:31:58: 开始托盘条码异步处理: P2306M57UEU1047126, 产线: 德昌追觅C线包装
2026-03-25T13:31:58: 添加托盘处理任务到队列: 条码=P2306M57UEU1047126, 产线=德昌追觅C线包装
2026-03-25T13:31:58: 托盘处理任务已添加到队列: JobId=pallet_P2306M57UEU1047126_1774416718360_m2tyhe, 条码=P2306M57UEU1047126
2026-03-25T13:31:58: 托盘条码异步处理任务已提交: P2306M57UEU1047126, JobId: pallet_P2306M57UEU1047126_1774416718360_m2tyhe
2026-03-25T13:31:58: [API] 工序子物料批量扫码提交 - 请求参数: {
  mainBarcode: '1020260300621H24XX7M1A1F7',
  processStepId: '69be073ef2567c6043a36d47',
  componentScans: [
    {
      materialId: '6757a580354604091e7bef1e',
      barcode: '1313102217-260316084200'
    },
    {
      materialId: '6757a580354604091e7beede',
      barcode: '1313102216-260316084031'
    }
  ],
  userId: '67b810085cd22d7b23a52873',
  lineId: '67582bc0eebf2a4b34951ef6'
}
2026-03-25T13:31:58: 开始验证物料 1313102217 的工序节点兼容性
2026-03-25T13:31:58: 主物料中绑定节点的子节点数量: 4
2026-03-25T13:31:58: 子物料中非根节点数量: 4
2026-03-25T13:31:58: 主物料子树根节点数量: 1
2026-03-25T13:31:58: 子物料树根节点数量: 1
2026-03-25T13:31:58: 验证完成，发现 0 个错误
2026-03-25T13:31:58: [MPF][perf][trace][#332] matchAndUpdateNodesRecursively 0ms active=2->1
2026-03-25T13:31:58: 开始验证物料 1313102216 的工序节点兼容性
2026-03-25T13:31:58: 主物料中绑定节点的子节点数量: 4
2026-03-25T13:31:58: 子物料中非根节点数量: 4
2026-03-25T13:31:58: 主物料子树根节点数量: 1
2026-03-25T13:31:58: 子物料树根节点数量: 1
2026-03-25T13:31:58: 验证完成，发现 0 个错误
2026-03-25T13:31:58: [MPF][perf][trace][#333] matchAndUpdateNodesRecursively 0ms active=2->1
2026-03-25T13:31:58: [MPF][perf][trace][#334] markMaterialBarcodeBatchesUsed 1ms active=2->1
2026-03-25T13:31:58: [MPF][perf][trace][#335] preloadMaterialsByIds 1ms active=2->1
2026-03-25T13:31:58: [MPF][perf][trace][#336] validateBarcodeWithMaterial 0ms active=2->2
2026-03-25T13:31:58: [MPF][perf][trace][#337] validateBarcodeWithMaterial 0ms active=3->1
2026-03-25T13:31:58: [MPF][perf][trace][#339] validateDICode 2ms active=3->2
2026-03-25T13:31:58: [MPF][perf][trace][#338] validateBarcodeWithMaterial 3ms active=2->1
2026-03-25T13:31:58: [MPF][perf][trace][#340] persistFlowRecordPatch 6ms active=2->1
2026-03-25T13:31:58: [MPF][perf][trace][#331] scanProcessComponents 70ms active=1->0
2026-03-25T13:31:58: 🚀 托盘条码处理 - 队列模式: P2306M57UEU1074126
2026-03-25T13:31:58: 开始托盘条码异步处理: P2306M57UEU1074126, 产线: 德昌追觅C线包装
2026-03-25T13:31:58: 添加托盘处理任务到队列: 条码=P2306M57UEU1074126, 产线=德昌追觅C线包装
2026-03-25T13:31:58: 托盘处理任务已添加到队列: JobId=pallet_P2306M57UEU1074126_1774416718966_dsqk70, 条码=P2306M57UEU1074126
2026-03-25T13:31:58: 托盘条码异步处理任务已提交: P2306M57UEU1074126, JobId: pallet_P2306M57UEU1074126_1774416718966_dsqk70
2026-03-25T13:31:59: [API] 工序子物料批量扫码提交 - 请求参数: {
  mainBarcode: 'FW300XXXH17XL309Z0R200047QA57QA5',
  processStepId: '684cc7fe3e948cf23178026e',
  componentScans: [],
  userId: '6784ef7553a924ac79a1ff42',
  lineId: '6785024f34bd0b84f8bc8682'
}
2026-03-25T13:31:59: [MPF][perf][trace][#342] markMaterialBarcodeBatchesUsed 0ms active=2->1
2026-03-25T13:31:59: [MPF][perf][trace][#343] preloadMaterialsByIds 0ms active=2->1
2026-03-25T13:31:59: [MPF][perf][trace][#345] validateDICode 7ms active=3->2
2026-03-25T13:31:59: [MPF][perf][trace][#344] validateBarcodeWithMaterial 8ms active=2->1
2026-03-25T13:31:59: [MPF][perf][trace][#346] persistFlowRecordPatch 3ms active=2->1
2026-03-25T13:31:59: [MPF][perf][trace][#341] scanProcessComponents 23ms active=1->0
2026-03-25T13:31:59: 🚀 托盘条码处理 - 队列模式: P2306M57UEU1084126
2026-03-25T13:31:59: 开始托盘条码异步处理: P2306M57UEU1084126, 产线: 德昌追觅C线包装
2026-03-25T13:31:59: 添加托盘处理任务到队列: 条码=P2306M57UEU1084126, 产线=德昌追觅C线包装
2026-03-25T13:31:59: 托盘处理任务已添加到队列: JobId=pallet_P2306M57UEU1084126_1774416719601_brbvj8, 条码=P2306M57UEU1084126
2026-03-25T13:31:59: 托盘条码异步处理任务已提交: P2306M57UEU1084126, JobId: pallet_P2306M57UEU1084126_1774416719601_brbvj8
2026-03-25T13:32:00: [API] 工序子物料批量扫码提交 - 请求参数: {
  mainBarcode: '1020260300621H24XX7M1A1H3',
  processStepId: '69be073e902e0a67bd505a7a',
  componentScans: [],
  userId: '67b810085cd22d7b23a52873',
  lineId: '67582bc0eebf2a4b34951ef6'
}
2026-03-25T13:32:00: [MPF][perf][trace][#348] markMaterialBarcodeBatchesUsed 0ms active=2->1
2026-03-25T13:32:00: [MPF][perf][trace][#349] preloadMaterialsByIds 0ms active=2->1
2026-03-25T13:32:00: [MPF][perf][trace][#351] validateDICode 3ms active=3->2
2026-03-25T13:32:00: [MPF][perf][trace][#350] validateBarcodeWithMaterial 4ms active=2->1
2026-03-25T13:32:00: [MPF][perf][trace][#352] persistFlowRecordPatch 9ms active=2->1
2026-03-25T13:32:00: [MPF][perf][trace][#347] scanProcessComponents 66ms active=1->0
2026-03-25T13:32:00: 🚀 托盘条码处理 - 队列模式: P2306M57UEU1140126
2026-03-25T13:32:00: 开始托盘条码异步处理: P2306M57UEU1140126, 产线: 德昌追觅C线包装
2026-03-25T13:32:00: 添加托盘处理任务到队列: 条码=P2306M57UEU1140126, 产线=德昌追觅C线包装
2026-03-25T13:32:00: 托盘处理任务已添加到队列: JobId=pallet_P2306M57UEU1140126_1774416720196_aw2qar, 条码=P2306M57UEU1140126
2026-03-25T13:32:00: 托盘条码异步处理任务已提交: P2306M57UEU1140126, JobId: pallet_P2306M57UEU1140126_1774416720196_aw2qar
2026-03-25T13:32:00: [API] 设备条码初始化 - 请求参数: { barcode: '1020260300621H24XX7M1A1F2', machineIp: '3' }
2026-03-25T13:32:00: [MPF][perf][trace][#353] initializeMachineBarcode 7ms active=1->0
2026-03-25T13:32:00: [API] 工序子物料批量扫码提交 - 请求参数: {
  mainBarcode: '1020260300621H24XX7M1A1R8',
  processStepId: '69be073e29e3587154b01049',
  componentScans: [
    {
      materialId: '689e16129e542955670237ef',
      barcode: '1313102513-260324083757'
    }
  ],
  userId: '67b810085cd22d7b23a52873',
  lineId: '67582bc0eebf2a4b34951ef6'
}
2026-03-25T13:32:00: 开始验证物料 1313102513 的工序节点兼容性
2026-03-25T13:32:00: 主物料中绑定节点的子节点数量: 5
2026-03-25T13:32:00: 子物料中非根节点数量: 5
2026-03-25T13:32:00: 主物料子树根节点数量: 1
2026-03-25T13:32:00: 子物料树根节点数量: 1
2026-03-25T13:32:00: 验证完成，发现 0 个错误
2026-03-25T13:32:00: [MPF][perf][trace][#355] matchAndUpdateNodesRecursively 1ms active=2->1
2026-03-25T13:32:00: [MPF][perf][trace][#356] markMaterialBarcodeBatchesUsed 1ms active=2->1
2026-03-25T13:32:00: [MPF][perf][trace][#357] preloadMaterialsByIds 2ms active=2->1
2026-03-25T13:32:00: [MPF][perf][trace][#358] validateBarcodeWithMaterial 9ms active=2->1
2026-03-25T13:32:00: [MPF][perf][trace][#360] validateDICode 2ms active=3->2
2026-03-25T13:32:00: [MPF][perf][trace][#359] validateBarcodeWithMaterial 3ms active=2->1
2026-03-25T13:32:00: [MPF][perf][trace][#361] persistFlowRecordPatch 6ms active=2->1
2026-03-25T13:32:00: [MPF][perf][trace][#354] scanProcessComponents 76ms active=1->0
2026-03-25T13:32:00: [API] 工序子物料批量扫码提交 - 请求参数: {
  mainBarcode: '1020260300621H24XX7M1A2F2',
  processStepId: '69be073ea816dbe2ecd5a6ba',
  componentScans: [
    {
      materialId: '6757a56f354604091e7be893',
      barcode: '102250-117290010703-20260309-67198'
    }
  ],
  userId: '67b810085cd22d7b23a52873',
  lineId: '67582bc0eebf2a4b34951ef6'
}
2026-03-25T13:32:00: 🔒 成功获取关键物料条码锁: 102250-117290010703-20260309-67198 (主条码: 1020260300621H24XX7M1A2F2)
2026-03-25T13:32:00: [MPF][perf][trace][#363] markMaterialBarcodeBatchesUsed 1ms active=2->1
2026-03-25T13:32:00: [MPF][perf][trace][#364] preloadMaterialsByIds 3ms active=2->1
2026-03-25T13:32:00: [MPF][perf][trace][#366] validateDICode 2ms active=3->2
2026-03-25T13:32:00: [MPF][perf][trace][#365] validateBarcodeWithMaterial 3ms active=2->1
2026-03-25T13:32:00: [MPF][perf][trace][#368] validateDICode 2ms active=3->2
2026-03-25T13:32:00: [MPF][perf][trace][#367] validateBarcodeWithMaterial 3ms active=2->1
2026-03-25T13:32:00: [MPF][perf][trace][#369] persistFlowRecordPatch 5ms active=2->1
2026-03-25T13:32:00: 🔓 成功释放关键物料条码锁: 102250-117290010703-20260309-67198 (主条码: 1020260300621H24XX7M1A2F2)
2026-03-25T13:32:00: [MPF][perf][trace][#362] scanProcessComponents 64ms active=1->0
2026-03-25T13:32:00: [API] 创建流程记录 - 请求参数: {
  mainMaterialId: '67c74dc1ec33d3a13e3b9736',
  materialCode: '1313102302',
  barcode: 'FW300XXXH17XL309Z0K900047QA57QA5',
  productLineId: '6785024f34bd0b84f8bc8682',
  productLineName: '遥控器一线'
}
2026-03-25T13:32:00: [MPF][perf][trace][#373] buildProcessNodes 4ms active=3->2
2026-03-25T13:32:00: [MPF][perf][trace][#372] buildProcessNodes 7ms active=2->1
2026-03-25T13:32:00: 🚀 托盘条码处理 - 队列模式: P2306M57UEU1153126
2026-03-25T13:32:00: 开始托盘条码异步处理: P2306M57UEU1153126, 产线: 德昌追觅C线包装
2026-03-25T13:32:00: [MPF][perf][detail][#371] buildProcessNodes totalMs=20ms materialBatchLookupMs=3ms processMaterialsQueryMs=2ms processStepQueryMs=1ms recursionMs=4ms rootMaterialLookupMs=0ms slowestCallMs=7ms subCraftLookupMs=3ms calls=2 maxDepth=1 leafCount=0 cycleHits=0 totalNodes=35 slowestDepth=0 slowestMaterialId=67c74dc1ec33d3a13e3b9736
2026-03-25T13:32:00: [MPF][perf][detail][#371] createFlowByMaterialCode totalMs=20ms buildNodesMs=7ms craftLookupMs=2ms materialLookupMs=2ms saveMs=7ms workOrderLookupMs=2ms barcode=FW300XXXH17XL309Z0K900047QA57QA5 isFromDevice=false hasWorkOrder=false buildCalls=2 buildMaxDepth=1 processNodeCount=20
2026-03-25T13:32:00: [MPF][perf][trace][#370] createFlowByMaterialCode 20ms active=1->0
2026-03-25T13:32:00: 添加托盘处理任务到队列: 条码=P2306M57UEU1153126, 产线=德昌追觅C线包装
2026-03-25T13:32:00: 托盘处理任务已添加到队列: JobId=pallet_P2306M57UEU1153126_1774416720825_lj2f08, 条码=P2306M57UEU1153126
2026-03-25T13:32:00: 托盘条码异步处理任务已提交: P2306M57UEU1153126, JobId: pallet_P2306M57UEU1153126_1774416720825_lj2f08
2026-03-25T13:32:00: [API] 工序子物料批量扫码提交 - 请求参数: {
  mainBarcode: 'FW300XXXH17XL309Z0K900047QA57QA5',
  processStepId: '684cc7feb24e29e1ffae069d',
  componentScans: [
    {
      materialId: '675ac74d354604091e8102ab',
      barcode: '1313102051-260313083359'
    }
  ],
  userId: '6784ef7553a924ac79a1ff42',
  lineId: '6785024f34bd0b84f8bc8682'
}
2026-03-25T13:32:00: 开始验证物料 1313102051 的工序节点兼容性
2026-03-25T13:32:00: 主物料中绑定节点的子节点数量: 14
2026-03-25T13:32:00: 子物料中非根节点数量: 14
2026-03-25T13:32:00: 主物料子树根节点数量: 1
2026-03-25T13:32:00: 子物料树根节点数量: 1
2026-03-25T13:32:00: 验证完成，发现 0 个错误
2026-03-25T13:32:00: [MPF][perf][trace][#375] matchAndUpdateNodesRecursively 1ms active=2->1
2026-03-25T13:32:00: [MPF][perf][trace][#376] markMaterialBarcodeBatchesUsed 1ms active=2->1
2026-03-25T13:32:00: [MPF][perf][trace][#377] preloadMaterialsByIds 2ms active=2->1
2026-03-25T13:32:00: [MPF][perf][trace][#378] validateBarcodeWithMaterial 0ms active=2->1
2026-03-25T13:32:00: [MPF][perf][trace][#380] validateDICode 8ms active=3->2
2026-03-25T13:32:00: [MPF][perf][trace][#379] validateBarcodeWithMaterial 8ms active=2->1
2026-03-25T13:32:00: [MPF][perf][trace][#381] persistFlowRecordPatch 4ms active=2->1
2026-03-25T13:32:00: [MPF][perf][trace][#382] fixFlowProgress 8ms active=2->1
2026-03-25T13:32:00: [MPF][perf][trace][#374] scanProcessComponents 39ms active=1->0
2026-03-25T13:32:01: 🚀 托盘条码处理 - 队列模式: P2306M57UEU1202126
2026-03-25T13:32:01: 开始托盘条码异步处理: P2306M57UEU1202126, 产线: 德昌追觅C线包装
2026-03-25T13:32:01: 添加托盘处理任务到队列: 条码=P2306M57UEU1202126, 产线=德昌追觅C线包装
2026-03-25T13:32:01: 托盘处理任务已添加到队列: JobId=pallet_P2306M57UEU1202126_1774416721415_xoxjrq, 条码=P2306M57UEU1202126
2026-03-25T13:32:01: 托盘条码异步处理任务已提交: P2306M57UEU1202126, JobId: pallet_P2306M57UEU1202126_1774416721415_xoxjrq
2026-03-25T13:32:01: [API] 设备条码初始化 - 请求参数: { barcode: 'YDC-BL0532-1-202603240479', machineIp: '192.168.26.36' }
2026-03-25T13:32:01: [MPF][perf][trace][#383] initializeMachineBarcode 1ms active=1->0
2026-03-25T13:32:01: [MPF][perf][trace][#385] markMaterialBarcodeBatchesUsed 0ms active=2->1
2026-03-25T13:32:01: [MPF][perf][trace][#386] preloadMaterialsByIds 0ms active=2->1
2026-03-25T13:32:01: [MPF][perf][trace][#388] validateDICode 3ms active=3->2
2026-03-25T13:32:01: [MPF][perf][trace][#387] validateBarcodeWithMaterial 3ms active=2->1
2026-03-25T13:32:01: [MPF][perf][trace][#389] persistFlowRecordPatch 3ms active=2->1
2026-03-25T13:32:01: [MPF][perf][trace][#384] scanProcessComponents 14ms active=1->0
2026-03-25T13:32:02: [API] 设备条码初始化 - 请求参数: {
  barcode: 'FW3001595026X7HZ82AC0432603150176000026010028743',
  machineIp: '192.168.35.34'
}
2026-03-25T13:32:02: [MPF][perf][trace][#390] initializeMachineBarcode 2ms active=1->0
2026-03-25T13:32:02: [MPF][perf][trace][#392] markMaterialBarcodeBatchesUsed 0ms active=2->1
2026-03-25T13:32:02: [MPF][perf][trace][#393] preloadMaterialsByIds 0ms active=2->1
2026-03-25T13:32:02: [MPF][perf][trace][#395] validateDICode 3ms active=3->2
2026-03-25T13:32:02: [MPF][perf][trace][#394] validateBarcodeWithMaterial 3ms active=2->1
2026-03-25T13:32:02: [MPF][perf][trace][#396] persistFlowRecordPatch 1ms active=2->1
2026-03-25T13:32:02: [MPF][perf][trace][#391] scanProcessComponents 10ms active=1->0
2026-03-25T13:32:02: [API] 设备条码初始化 - 请求参数: { barcode: '1020260300621H24XX7M1A1Q1', machineIp: '192.168.35.30' }
2026-03-25T13:32:02: [MPF][perf][trace][#397] initializeMachineBarcode 7ms active=1->0
2026-03-25T13:32:02: 🔒 成功获取关键物料条码锁: FW300XXXH19XL309Z2Z200047QA57QA5 (主条码: 1020260300621H24XX7M1A1Q1)
2026-03-25T13:32:02: 🔒 成功获取关键物料条码锁: FW300XXX1459019X320L30826011008182 (主条码: 1020260300621H24XX7M1A1Q1)
2026-03-25T13:32:02: 开始验证物料 1313102302 的工序节点兼容性
2026-03-25T13:32:02: 主物料中绑定节点的子节点数量: 18
2026-03-25T13:32:02: 子物料中非根节点数量: 19
2026-03-25T13:32:02: 主物料子树根节点数量: 3
2026-03-25T13:32:02: 子物料树根节点数量: 3
2026-03-25T13:32:02: 验证完成，发现 0 个错误
2026-03-25T13:32:02: [MPF][perf][trace][#399] matchAndUpdateNodesRecursively 3ms active=2->1
2026-03-25T13:32:02: [MPF][perf][trace][#400] markMaterialBarcodeBatchesUsed 1ms active=2->1
2026-03-25T13:32:02: [MPF][perf][trace][#401] preloadMaterialsByIds 2ms active=2->1
2026-03-25T13:32:02: [MPF][perf][trace][#404] validateDICode 9ms active=4->4
2026-03-25T13:32:02: [MPF][perf][trace][#402] validateBarcodeWithMaterial 9ms active=2->3
2026-03-25T13:32:02: [MPF][perf][trace][#405] validateDICode 14ms active=5->2
2026-03-25T13:32:02: [MPF][perf][trace][#403] validateBarcodeWithMaterial 14ms active=3->1
2026-03-25T13:32:02: [MPF][perf][trace][#407] validateDICode 3ms active=3->2
2026-03-25T13:32:02: [MPF][perf][trace][#406] validateBarcodeWithMaterial 4ms active=2->1
2026-03-25T13:32:02: [MPF][perf][trace][#408] persistFlowRecordPatch 13ms active=2->1
2026-03-25T13:32:02: 🔓 成功释放关键物料条码锁: FW300XXXH19XL309Z2Z200047QA57QA5 (主条码: 1020260300621H24XX7M1A1Q1)
2026-03-25T13:32:02: 🔓 成功释放关键物料条码锁: FW300XXX1459019X320L30826011008182 (主条码: 1020260300621H24XX7M1A1Q1)
2026-03-25T13:32:02: [MPF][perf][trace][#398] scanProcessComponents 104ms active=1->0
2026-03-25T13:32:03: [API] 设备条码初始化 - 请求参数: { barcode: '1020260300621H24XX7M1A1K0', machineIp: '192.168.35.33' }
2026-03-25T13:32:03: [MPF][perf][trace][#409] initializeMachineBarcode 8ms active=1->0
2026-03-25T13:32:03: [API] 设备条码初始化 - 请求参数: { barcode: '1020260300621H24XX7M1A1A9', machineIp: '192.168.35.32' }
2026-03-25T13:32:03: [MPF][perf][trace][#410] initializeMachineBarcode 8ms active=1->0
2026-03-25T13:32:03: 🔒 成功获取关键物料条码锁: FW3001595026X7HZ82AC0432603150337400026010028743 (主条码: 1020260300621H24XX7M1A1A9)
2026-03-25T13:32:03: 开始验证物料 1313102514 的工序节点兼容性
2026-03-25T13:32:03: 主物料中绑定节点的子节点数量: 1
2026-03-25T13:32:03: 子物料中非根节点数量: 1
2026-03-25T13:32:03: 主物料子树根节点数量: 1
2026-03-25T13:32:03: 子物料树根节点数量: 1
2026-03-25T13:32:03: 验证完成，发现 0 个错误
2026-03-25T13:32:03: [MPF][perf][trace][#412] matchAndUpdateNodesRecursively 0ms active=2->1
2026-03-25T13:32:03: [MPF][perf][trace][#413] markMaterialBarcodeBatchesUsed 1ms active=2->1
2026-03-25T13:32:03: [MPF][perf][trace][#414] preloadMaterialsByIds 1ms active=2->1
2026-03-25T13:32:03: [MPF][perf][trace][#416] validateDICode 2ms active=3->2
2026-03-25T13:32:03: [MPF][perf][trace][#415] validateBarcodeWithMaterial 3ms active=2->1
2026-03-25T13:32:03: [MPF][perf][trace][#418] validateDICode 4ms active=3->2
2026-03-25T13:32:03: [MPF][perf][trace][#417] validateBarcodeWithMaterial 4ms active=2->1
2026-03-25T13:32:03: [MPF][perf][trace][#419] persistFlowRecordPatch 5ms active=2->1
2026-03-25T13:32:03: 🔓 成功释放关键物料条码锁: FW3001595026X7HZ82AC0432603150337400026010028743 (主条码: 1020260300621H24XX7M1A1A9)
2026-03-25T13:32:03: [MPF][perf][trace][#411] scanProcessComponents 69ms active=1->0
2026-03-25T13:32:03: [API] 设备条码初始化 - 请求参数: {
  barcode: 'FW300XXXA20XL309F1J300047PKE7PKE',
  machineIp: '192.168.24.43'
}
2026-03-25T13:32:03: [MPF][perf][trace][#420] initializeMachineBarcode 2ms active=1->0
2026-03-25T13:32:04: 🚀 托盘条码处理 - 队列模式: 1020260300621H24XX7M1A1A0
2026-03-25T13:32:04: 开始托盘条码异步处理: 1020260300621H24XX7M1A1A0, 产线: 面罩主机1号线
2026-03-25T13:32:04: 添加托盘处理任务到队列: 条码=1020260300621H24XX7M1A1A0, 产线=面罩主机1号线
2026-03-25T13:32:04: 托盘处理任务已添加到队列: JobId=pallet_1020260300621H24XX7M1A1A0_1774416724585_hsrvic, 条码=1020260300621H24XX7M1A1A0
2026-03-25T13:32:04: 托盘条码异步处理任务已提交: 1020260300621H24XX7M1A1A0, JobId: pallet_1020260300621H24XX7M1A1A0_1774416724585_hsrvic
2026-03-25T13:32:04: [API] 设备条码初始化 - 请求参数: { barcode: '1020260300621H24XX7M1A1Z7', machineIp: '1' }
2026-03-25T13:32:04: [MPF][perf][trace][#421] initializeMachineBarcode 8ms active=1->0
2026-03-25T13:32:05: [API] 设备条码初始化 - 请求参数: { barcode: '1020260300621H24XX7M1A1J6', machineIp: '192.168.35.32' }
2026-03-25T13:32:05: [MPF][perf][trace][#422] initializeMachineBarcode 8ms active=1->0
2026-03-25T13:32:06: [API] 设备条码初始化 - 请求参数: { barcode: 'YDC-BL0532-1-202603240483', machineIp: '192.168.26.36' }
2026-03-25T13:32:06: [MPF][perf][trace][#423] initializeMachineBarcode 2ms active=1->0
2026-03-25T13:32:06: [API] 创建流程记录 - 请求参数: {
  mainMaterialId: '69784c439e5429556762ce96',
  materialCode: '1108102067',
  barcode: '1020260300621H24XX7M1A2F8',
  productLineId: '67582bc0eebf2a4b34951ef6',
  productLineName: '面罩主机1号线'
}
2026-03-25T13:32:06: [MPF][perf][trace][#427] buildProcessNodes 3ms active=3->2
2026-03-25T13:32:06: [MPF][perf][trace][#428] buildProcessNodes 4ms active=3->2
2026-03-25T13:32:06: [MPF][perf][trace][#429] buildProcessNodes 4ms active=3->2
2026-03-25T13:32:06: [MPF][perf][trace][#430] buildProcessNodes 3ms active=3->2
2026-03-25T13:32:06: [MPF][perf][trace][#431] buildProcessNodes 3ms active=3->2
2026-03-25T13:32:06: [MPF][perf][trace][#433] buildProcessNodes 3ms active=4->3
2026-03-25T13:32:06: [MPF][perf][trace][#432] buildProcessNodes 8ms active=3->2
2026-03-25T13:32:06: [MPF][perf][trace][#434] buildProcessNodes 3ms active=3->2
2026-03-25T13:32:06: [MPF][perf][trace][#435] buildProcessNodes 3ms active=3->2
2026-03-25T13:32:06: [MPF][perf][trace][#436] buildProcessNodes 4ms active=3->2
2026-03-25T13:32:06: [MPF][perf][trace][#426] buildProcessNodes 40ms active=2->1
2026-03-25T13:32:06: [MPF][perf][detail][#425] buildProcessNodes totalMs=73ms materialBatchLookupMs=14ms processMaterialsQueryMs=9ms processStepQueryMs=8ms recursionMs=40ms rootMaterialLookupMs=0ms slowestCallMs=40ms subCraftLookupMs=14ms calls=11 maxDepth=2 leafCount=0 cycleHits=0 totalNodes=166 slowestDepth=0 slowestMaterialId=69784c439e5429556762ce96
2026-03-25T13:32:06: [MPF][perf][detail][#425] createFlowByMaterialCode totalMs=73ms buildNodesMs=40ms craftLookupMs=2ms materialLookupMs=2ms saveMs=20ms workOrderLookupMs=2ms barcode=1020260300621H24XX7M1A2F8 isFromDevice=false hasWorkOrder=true buildCalls=11 buildMaxDepth=2 processNodeCount=92
2026-03-25T13:32:06: [MPF][perf][trace][#424] createFlowByMaterialCode 73ms active=1->0
2026-03-25T13:32:06: [API] 工序子物料批量扫码提交 - 请求参数: {
  mainBarcode: '1020260300621H24XX7M1A1F1',
  processStepId: '69be073ea278d47574e8dfb5',
  componentScans: [],
  userId: '675fe718f9bd4270460b2c29',
  lineId: '67582bc0eebf2a4b34951ef6'
}
2026-03-25T13:32:06: [MPF][perf][trace][#438] markMaterialBarcodeBatchesUsed 0ms active=2->1
2026-03-25T13:32:06: [MPF][perf][trace][#439] preloadMaterialsByIds 0ms active=2->1
2026-03-25T13:32:06: [MPF][perf][trace][#441] validateDICode 2ms active=3->2
2026-03-25T13:32:06: [MPF][perf][trace][#440] validateBarcodeWithMaterial 11ms active=2->1
2026-03-25T13:32:06: [MPF][perf][trace][#442] persistFlowRecordPatch 6ms active=2->1
2026-03-25T13:32:06: [MPF][perf][trace][#437] scanProcessComponents 69ms active=1->0
2026-03-25T13:32:06: [API] 工序子物料批量扫码提交 - 请求参数: {
  mainBarcode: '1020260300621H24XX7M1A2F8',
  processStepId: '69be073ec78e4e58af18a0bd',
  componentScans: [],
  userId: '67b810085cd22d7b23a52873',
  lineId: '67582bc0eebf2a4b34951ef6'
}
2026-03-25T13:32:06: [MPF][perf][trace][#444] markMaterialBarcodeBatchesUsed 0ms active=2->1
2026-03-25T13:32:06: 🔗 调用工单处理服务: http://localhost:2228/api/workorder/update-quantity {
  workOrderId: new ObjectId("69be02d8040d00d4bb253f37"),
  type: 'input',
  quantity: 1
}
2026-03-25T13:32:06: ✅ 工单处理服务响应: {
  success: true,
  jobId: '69be02d8040d00d4bb253f37_input_1774416726449',
  queueLength: 0
}
2026-03-25T13:32:06: [MPF][perf][trace][#445] updateWorkOrderQuantity 6ms active=2->1
2026-03-25T13:32:06: [MPF][perf][trace][#446] preloadMaterialsByIds 0ms active=2->1
2026-03-25T13:32:06: [MPF][perf][trace][#448] validateDICode 4ms active=3->2
2026-03-25T13:32:06: [MPF][perf][trace][#447] validateBarcodeWithMaterial 5ms active=2->1
2026-03-25T13:32:06: [MPF][perf][trace][#449] persistFlowRecordPatch 4ms active=2->1
2026-03-25T13:32:06: [MPF][perf][trace][#450] fixFlowProgress 20ms active=2->1
2026-03-25T13:32:06: [MPF][perf][trace][#443] scanProcessComponents 83ms active=1->0
2026-03-25T13:32:08: [API] 设备条码初始化 - 请求参数: { barcode: '1020260300621H24XX7M1A1F4', machineIp: '2' }
2026-03-25T13:32:08: [MPF][perf][trace][#451] initializeMachineBarcode 11ms active=1->0
2026-03-25T13:32:08: [API] 设备条码初始化 - 请求参数: {
  barcode: 'FW3001595026X7HZ82AC0432603150176300026010028743',
  machineIp: '192.168.35.34'
}
2026-03-25T13:32:08: [MPF][perf][trace][#452] initializeMachineBarcode 2ms active=1->0
2026-03-25T13:32:08: [MPF][perf][trace][#454] markMaterialBarcodeBatchesUsed 0ms active=2->1
2026-03-25T13:32:08: [MPF][perf][trace][#455] preloadMaterialsByIds 0ms active=2->1
2026-03-25T13:32:08: [MPF][perf][trace][#457] validateDICode 2ms active=3->2
2026-03-25T13:32:08: [MPF][perf][trace][#456] validateBarcodeWithMaterial 2ms active=2->1
2026-03-25T13:32:08: [MPF][perf][trace][#458] persistFlowRecordPatch 2ms active=2->1
2026-03-25T13:32:08: [MPF][perf][trace][#453] scanProcessComponents 10ms active=1->0
2026-03-25T13:32:10: [API] 设备条码初始化 - 请求参数: { barcode: 'H16XX751Z2Z7', machineIp: '4' }
2026-03-25T13:32:10: 🗑️ 已清除物料 68811511150d569dae4a93b6 的条码规则缓存
2026-03-25T13:32:10: [MPF][perf][trace][#460] validateBarcodeWithMaterial 6ms active=2->1
2026-03-25T13:32:10: 初始化设备条码失败: Error: 条码不符合任何已配置的规则或物料不匹配
    at Function.initializeMachineBarcode (D:\zrMes\dcMes_server\services\materialProcessFlowService.js:4965:15)
    at runMicrotasks (<anonymous>)
    at processTicksAndRejections (internal/process/task_queues.js:93:5)
    at async Function.wrappedMethod (D:\zrMes\dcMes_server\services\materialProcessFlowService.js:162:16)
    at async D:\zrMes\dcMes_server\routes\materialProcessFlowService.js:352:20
2026-03-25T13:32:10: [MPF][perf][error][#459] initializeMachineBarcode 13ms active=1->0 msg=条码不符合任何已配置的规则或物料不匹配
2026-03-25T13:32:10: [API] 工序子物料批量扫码提交 - 请求参数: {
  mainBarcode: '1020260300621H24XX7M1A1U5',
  processStepId: '69be073ea44b1ba77491de81',
  componentScans: [
    {
      materialId: '6757a56f354604091e7be8ac',
      barcode: '102251-114010190087-20260315-02567'
    },
    {
      materialId: '675e2e1f354604091e8459ba',
      barcode: '1313102232-260316083812'
    }
  ],
  userId: '67b810085cd22d7b23a52873',
  lineId: '67582bc0eebf2a4b34951ef6'
}
2026-03-25T13:32:10: 🔒 成功获取关键物料条码锁: 102251-114010190087-20260315-02567 (主条码: 1020260300621H24XX7M1A1U5)
2026-03-25T13:32:10: 开始验证物料 1313102232 的工序节点兼容性
2026-03-25T13:32:10: 主物料中绑定节点的子节点数量: 4
2026-03-25T13:32:10: 子物料中非根节点数量: 4
2026-03-25T13:32:10: 主物料子树根节点数量: 1
2026-03-25T13:32:10: 子物料树根节点数量: 1
2026-03-25T13:32:10: 验证完成，发现 0 个错误
2026-03-25T13:32:10: [MPF][perf][trace][#462] matchAndUpdateNodesRecursively 0ms active=2->1
2026-03-25T13:32:10: [MPF][perf][trace][#463] markMaterialBarcodeBatchesUsed 1ms active=2->1
2026-03-25T13:32:10: [MPF][perf][trace][#464] preloadMaterialsByIds 1ms active=2->1
2026-03-25T13:32:10: [MPF][perf][trace][#466] validateBarcodeWithMaterial 1ms active=3->3
2026-03-25T13:32:10: [MPF][perf][trace][#467] validateDICode 2ms active=4->2
2026-03-25T13:32:10: [MPF][perf][trace][#465] validateBarcodeWithMaterial 3ms active=2->1
2026-03-25T13:32:10: [API] 设备条码初始化 - 请求参数: { barcode: '1020260300621H24XX7M1A1K0', machineIp: '192.168.35.33' }
2026-03-25T13:32:10: [MPF][perf][trace][#468] initializeMachineBarcode 8ms active=2->2
2026-03-25T13:32:10: [MPF][perf][trace][#470] validateDICode 2ms active=3->2
2026-03-25T13:32:10: [MPF][perf][trace][#469] validateBarcodeWithMaterial 20ms active=3->1
2026-03-25T13:32:10: [MPF][perf][trace][#471] persistFlowRecordPatch 5ms active=2->1
2026-03-25T13:32:10: 🔓 成功释放关键物料条码锁: 102251-114010190087-20260315-02567 (主条码: 1020260300621H24XX7M1A1U5)
2026-03-25T13:32:10: [MPF][perf][trace][#461] scanProcessComponents 86ms active=1->0
2026-03-25T13:32:10: [MPF][perf][trace][#473] markMaterialBarcodeBatchesUsed 0ms active=2->1
2026-03-25T13:32:10: [MPF][perf][trace][#474] preloadMaterialsByIds 0ms active=2->1
2026-03-25T13:32:10: [MPF][perf][trace][#476] validateDICode 2ms active=3->2
2026-03-25T13:32:10: [MPF][perf][trace][#475] validateBarcodeWithMaterial 2ms active=2->1
2026-03-25T13:32:10: [MPF][perf][trace][#477] persistFlowRecordPatch 5ms active=2->1
2026-03-25T13:32:10: [MPF][perf][trace][#472] scanProcessComponents 60ms active=1->0
2026-03-25T13:32:12: [API] 工序子物料批量扫码提交 - 请求参数: {
  mainBarcode: '1020260300621H24XX7M1A1U4',
  processStepId: '69be073e65b51dcfc935d132',
  componentScans: [
    {
      materialId: '675e2e1f354604091e8459bb',
      barcode: '1313102233-260321161705'
    },
    {
      materialId: '6757a56f354604091e7be8a4',
      barcode: '102251-114010190082-20260308-07884'
    }
  ],
  userId: '67b810085cd22d7b23a52873',
  lineId: '67582bc0eebf2a4b34951ef6'
}
2026-03-25T13:32:12: 🔒 成功获取关键物料条码锁: 102251-114010190082-20260308-07884 (主条码: 1020260300621H24XX7M1A1U4)
2026-03-25T13:32:12: 开始验证物料 1313102233 的工序节点兼容性
2026-03-25T13:32:12: 主物料中绑定节点的子节点数量: 4
2026-03-25T13:32:12: 子物料中非根节点数量: 4
2026-03-25T13:32:12: 主物料子树根节点数量: 1
2026-03-25T13:32:12: 子物料树根节点数量: 1
2026-03-25T13:32:12: 验证完成，发现 0 个错误
2026-03-25T13:32:12: [MPF][perf][trace][#479] matchAndUpdateNodesRecursively 0ms active=2->1
2026-03-25T13:32:12: [MPF][perf][trace][#480] markMaterialBarcodeBatchesUsed 1ms active=2->1
2026-03-25T13:32:12: [MPF][perf][trace][#481] preloadMaterialsByIds 1ms active=2->1
2026-03-25T13:32:12: [MPF][perf][trace][#482] validateBarcodeWithMaterial 0ms active=2->3
2026-03-25T13:32:12: [MPF][perf][trace][#484] validateDICode 2ms active=4->2
2026-03-25T13:32:12: [MPF][perf][trace][#483] validateBarcodeWithMaterial 2ms active=3->1
2026-03-25T13:32:12: [MPF][perf][trace][#486] validateDICode 2ms active=3->2
2026-03-25T13:32:12: [MPF][perf][trace][#485] validateBarcodeWithMaterial 2ms active=2->1
2026-03-25T13:32:12: [MPF][perf][trace][#487] persistFlowRecordPatch 6ms active=2->1
2026-03-25T13:32:12: 🔓 成功释放关键物料条码锁: 102251-114010190082-20260308-07884 (主条码: 1020260300621H24XX7M1A1U4)
2026-03-25T13:32:12: [MPF][perf][trace][#478] scanProcessComponents 66ms active=1->0
2026-03-25T13:32:13: [API] 设备条码初始化 - 请求参数: { barcode: '1020260300621H24XX7M1A1Z8', machineIp: '192.168.35.30' }
2026-03-25T13:32:13: [MPF][perf][trace][#488] initializeMachineBarcode 8ms active=1->0
2026-03-25T13:32:13: [API] 设备条码初始化 - 请求参数: {
  barcode: 'FW3001595026X7HZ82AC0432603150168600026010028743',
  machineIp: '192.168.35.34'
}
2026-03-25T13:32:13: [MPF][perf][trace][#491] validateDICode 2ms active=3->2
2026-03-25T13:32:13: [MPF][perf][trace][#490] validateBarcodeWithMaterial 3ms active=2->1
2026-03-25T13:32:13: [MPF][perf][trace][#494] buildProcessNodes 3ms active=3->2
2026-03-25T13:32:13: [MPF][perf][detail][#493] buildProcessNodes totalMs=9ms materialBatchLookupMs=1ms processMaterialsQueryMs=0ms processStepQueryMs=1ms recursionMs=0ms rootMaterialLookupMs=0ms slowestCallMs=3ms subCraftLookupMs=1ms calls=1 maxDepth=0 leafCount=0 cycleHits=0 totalNodes=2 slowestDepth=0 slowestMaterialId=689e16129e542955670237ee
2026-03-25T13:32:13: [MPF][perf][detail][#493] createFlowByMaterialCode totalMs=9ms buildNodesMs=4ms craftLookupMs=2ms materialLookupMs=2ms saveMs=2ms workOrderLookupMs=2ms barcode=FW3001595026X7HZ82AC0432603150168600026010028743 isFromDevice=false hasWorkOrder=false buildCalls=1 buildMaxDepth=0 processNodeCount=2
2026-03-25T13:32:13: [MPF][perf][trace][#492] createFlowByMaterialCode 9ms active=2->1
2026-03-25T13:32:13: [MPF][perf][trace][#489] initializeMachineBarcode 18ms active=1->0
2026-03-25T13:32:14: [API] 设备条码初始化 - 请求参数: { barcode: '1020260300621H24XX7M1A1Q3', machineIp: '192.168.35.30' }
2026-03-25T13:32:14: [MPF][perf][trace][#495] initializeMachineBarcode 10ms active=1->0
2026-03-25T13:32:14: 🔒 成功获取关键物料条码锁: FW300XXXH19XL309Z2A200047QA57QA5 (主条码: 1020260300621H24XX7M1A1Q3)
2026-03-25T13:32:14: 🔒 成功获取关键物料条码锁: FW300XXX1459019X320L30826011008181 (主条码: 1020260300621H24XX7M1A1Q3)
2026-03-25T13:32:14: 开始验证物料 1313102302 的工序节点兼容性
2026-03-25T13:32:14: 主物料中绑定节点的子节点数量: 18
2026-03-25T13:32:14: 子物料中非根节点数量: 19
2026-03-25T13:32:14: 主物料子树根节点数量: 3
2026-03-25T13:32:14: 子物料树根节点数量: 3
2026-03-25T13:32:14: 验证完成，发现 0 个错误
2026-03-25T13:32:14: [MPF][perf][trace][#497] matchAndUpdateNodesRecursively 3ms active=2->1
2026-03-25T13:32:14: [MPF][perf][trace][#498] markMaterialBarcodeBatchesUsed 1ms active=2->1
2026-03-25T13:32:14: [MPF][perf][trace][#499] preloadMaterialsByIds 1ms active=2->1
2026-03-25T13:32:14: [MPF][perf][trace][#502] validateDICode 13ms active=4->4
2026-03-25T13:32:14: [MPF][perf][trace][#500] validateBarcodeWithMaterial 13ms active=2->3
2026-03-25T13:32:14: [MPF][perf][trace][#503] validateDICode 17ms active=5->2
2026-03-25T13:32:14: [MPF][perf][trace][#501] validateBarcodeWithMaterial 18ms active=3->1
2026-03-25T13:32:14: [MPF][perf][trace][#505] validateDICode 2ms active=3->2
2026-03-25T13:32:14: [MPF][perf][trace][#504] validateBarcodeWithMaterial 4ms active=2->1
2026-03-25T13:32:14: [MPF][perf][trace][#506] persistFlowRecordPatch 8ms active=2->1
2026-03-25T13:32:14: 🔓 成功释放关键物料条码锁: FW300XXXH19XL309Z2A200047QA57QA5 (主条码: 1020260300621H24XX7M1A1Q3)
2026-03-25T13:32:14: 🔓 成功释放关键物料条码锁: FW300XXX1459019X320L30826011008181 (主条码: 1020260300621H24XX7M1A1Q3)
2026-03-25T13:32:14: [MPF][perf][trace][#496] scanProcessComponents 105ms active=1->0
2026-03-25T13:32:14: [API] 工序子物料批量扫码提交 - 请求参数: {
  mainBarcode: '1020260300621H24XX7M1A1J0',
  processStepId: '69be073ef2567c6043a36d47',
  componentScans: [
    {
      materialId: '6757a580354604091e7bef1e',
      barcode: '1313102217-260316084200'
    },
    {
      materialId: '6757a580354604091e7beede',
      barcode: '1313102216-260316084031'
    }
  ],
  userId: '67b810085cd22d7b23a52873',
  lineId: '67582bc0eebf2a4b34951ef6'
}
2026-03-25T13:32:14: 开始验证物料 1313102217 的工序节点兼容性
2026-03-25T13:32:14: 主物料中绑定节点的子节点数量: 4
2026-03-25T13:32:14: 子物料中非根节点数量: 4
2026-03-25T13:32:14: 主物料子树根节点数量: 1
2026-03-25T13:32:14: 子物料树根节点数量: 1
2026-03-25T13:32:14: 验证完成，发现 0 个错误
2026-03-25T13:32:14: [MPF][perf][trace][#508] matchAndUpdateNodesRecursively 0ms active=2->1
2026-03-25T13:32:14: 开始验证物料 1313102216 的工序节点兼容性
2026-03-25T13:32:14: 主物料中绑定节点的子节点数量: 4
2026-03-25T13:32:14: 子物料中非根节点数量: 4
2026-03-25T13:32:14: 主物料子树根节点数量: 1
2026-03-25T13:32:14: 子物料树根节点数量: 1
2026-03-25T13:32:14: 验证完成，发现 0 个错误
2026-03-25T13:32:14: [MPF][perf][trace][#509] matchAndUpdateNodesRecursively 1ms active=2->1
2026-03-25T13:32:14: [MPF][perf][trace][#510] markMaterialBarcodeBatchesUsed 1ms active=2->1
2026-03-25T13:32:14: [MPF][perf][trace][#511] preloadMaterialsByIds 1ms active=2->1
2026-03-25T13:32:14: [MPF][perf][trace][#512] validateBarcodeWithMaterial 0ms active=2->2
2026-03-25T13:32:14: [MPF][perf][trace][#513] validateBarcodeWithMaterial 0ms active=3->1
2026-03-25T13:32:14: [MPF][perf][trace][#515] validateDICode 2ms active=3->2
2026-03-25T13:32:14: [MPF][perf][trace][#514] validateBarcodeWithMaterial 3ms active=2->1
2026-03-25T13:32:14: [MPF][perf][trace][#516] persistFlowRecordPatch 7ms active=2->1
2026-03-25T13:32:14: [MPF][perf][trace][#507] scanProcessComponents 77ms active=1->0
2026-03-25T13:32:15: 🚀 托盘条码处理 - 队列模式: P2306M57UEU1094126
2026-03-25T13:32:15: 开始托盘条码异步处理: P2306M57UEU1094126, 产线: 德昌追觅C线包装
2026-03-25T13:32:15: 添加托盘处理任务到队列: 条码=P2306M57UEU1094126, 产线=德昌追觅C线包装
2026-03-25T13:32:15: 托盘处理任务已添加到队列: JobId=pallet_P2306M57UEU1094126_1774416735064_aan9y6, 条码=P2306M57UEU1094126
2026-03-25T13:32:15: 托盘条码异步处理任务已提交: P2306M57UEU1094126, JobId: pallet_P2306M57UEU1094126_1774416735064_aan9y6
2026-03-25T13:32:15: 🚀 托盘条码处理 - 队列模式: P2306M57UEU1156126
2026-03-25T13:32:15: 开始托盘条码异步处理: P2306M57UEU1156126, 产线: 德昌追觅C线包装
2026-03-25T13:32:15: 添加托盘处理任务到队列: 条码=P2306M57UEU1156126, 产线=德昌追觅C线包装
2026-03-25T13:32:15: 托盘处理任务已添加到队列: JobId=pallet_P2306M57UEU1156126_1774416735677_uqgoul, 条码=P2306M57UEU1156126
2026-03-25T13:32:15: 托盘条码异步处理任务已提交: P2306M57UEU1156126, JobId: pallet_P2306M57UEU1156126_1774416735677_uqgoul
2026-03-25T13:32:16: 🚀 托盘条码处理 - 队列模式: P2306M57UEU1217126
2026-03-25T13:32:16: 开始托盘条码异步处理: P2306M57UEU1217126, 产线: 德昌追觅C线包装
2026-03-25T13:32:16: 添加托盘处理任务到队列: 条码=P2306M57UEU1217126, 产线=德昌追觅C线包装
2026-03-25T13:32:16: 托盘处理任务已添加到队列: JobId=pallet_P2306M57UEU1217126_1774416736279_2mq8o3, 条码=P2306M57UEU1217126
2026-03-25T13:32:16: 托盘条码异步处理任务已提交: P2306M57UEU1217126, JobId: pallet_P2306M57UEU1217126_1774416736279_2mq8o3
2026-03-25T13:32:16: 🚀 托盘条码处理 - 队列模式: P2306M57UEU1149126
2026-03-25T13:32:16: 开始托盘条码异步处理: P2306M57UEU1149126, 产线: 德昌追觅C线包装
2026-03-25T13:32:16: 添加托盘处理任务到队列: 条码=P2306M57UEU1149126, 产线=德昌追觅C线包装
2026-03-25T13:32:16: 托盘处理任务已添加到队列: JobId=pallet_P2306M57UEU1149126_1774416736870_3okvie, 条码=P2306M57UEU1149126
2026-03-25T13:32:16: 托盘条码异步处理任务已提交: P2306M57UEU1149126, JobId: pallet_P2306M57UEU1149126_1774416736870_3okvie
2026-03-25T13:32:17: [API] 工序子物料批量扫码提交 - 请求参数: {
  mainBarcode: '1020260300621H24XX7M1A1F4',
  processStepId: '69be073ea278d47574e8dfb5',
  componentScans: [],
  userId: '675fe718f9bd4270460b2c29',
  lineId: '67582bc0eebf2a4b34951ef6'
}
2026-03-25T13:32:17: [MPF][perf][trace][#518] markMaterialBarcodeBatchesUsed 0ms active=2->1
2026-03-25T13:32:17: [MPF][perf][trace][#519] preloadMaterialsByIds 0ms active=2->1
2026-03-25T13:32:17: [MPF][perf][trace][#521] validateDICode 2ms active=3->2
2026-03-25T13:32:17: [MPF][perf][trace][#520] validateBarcodeWithMaterial 3ms active=2->1
2026-03-25T13:32:17: [MPF][perf][trace][#522] persistFlowRecordPatch 6ms active=2->1
2026-03-25T13:32:17: [MPF][perf][trace][#517] scanProcessComponents 60ms active=1->0
2026-03-25T13:32:17: 🚀 托盘条码处理 - 队列模式: P2306M57UEU1150126
2026-03-25T13:32:17: 开始托盘条码异步处理: P2306M57UEU1150126, 产线: 德昌追觅C线包装
2026-03-25T13:32:17: 添加托盘处理任务到队列: 条码=P2306M57UEU1150126, 产线=德昌追觅C线包装
2026-03-25T13:32:17: 托盘处理任务已添加到队列: JobId=pallet_P2306M57UEU1150126_1774416737479_bkjewn, 条码=P2306M57UEU1150126
2026-03-25T13:32:17: 托盘条码异步处理任务已提交: P2306M57UEU1150126, JobId: pallet_P2306M57UEU1150126_1774416737479_bkjewn
2026-03-25T13:32:17: [API] 工序子物料批量扫码提交 - 请求参数: {
  mainBarcode: '1020260300621H24XX7M1A1H4',
  processStepId: '69be073e902e0a67bd505a7a',
  componentScans: [],
  userId: '67b810085cd22d7b23a52873',
  lineId: '67582bc0eebf2a4b34951ef6'
}
2026-03-25T13:32:17: [MPF][perf][trace][#524] markMaterialBarcodeBatchesUsed 0ms active=2->1
2026-03-25T13:32:17: [MPF][perf][trace][#525] preloadMaterialsByIds 0ms active=2->1
2026-03-25T13:32:17: [MPF][perf][trace][#527] validateDICode 2ms active=3->2
2026-03-25T13:32:17: [MPF][perf][trace][#526] validateBarcodeWithMaterial 2ms active=2->1
2026-03-25T13:32:17: [MPF][perf][trace][#528] persistFlowRecordPatch 6ms active=2->1
2026-03-25T13:32:17: [MPF][perf][trace][#523] scanProcessComponents 58ms active=1->0
2026-03-25T13:32:17: [API] 设备条码初始化 - 请求参数: { barcode: '1020260300621H24XX7M1Z9R7', machineIp: '1' }
2026-03-25T13:32:17: [MPF][perf][trace][#529] initializeMachineBarcode 7ms active=1->0
2026-03-25T13:32:18: 🚀 托盘条码处理 - 队列模式: P2306M57UEU1233126
2026-03-25T13:32:18: 开始托盘条码异步处理: P2306M57UEU1233126, 产线: 德昌追觅C线包装
2026-03-25T13:32:18: 添加托盘处理任务到队列: 条码=P2306M57UEU1233126, 产线=德昌追觅C线包装
2026-03-25T13:32:18: 托盘处理任务已添加到队列: JobId=pallet_P2306M57UEU1233126_1774416738085_ritqx1, 条码=P2306M57UEU1233126
2026-03-25T13:32:18: 🎯 开始处理托盘任务: pallet_P2306M57UEU1233126_1774416738085_ritqx1, 条码: P2306M57UEU1233126, 产线: 德昌追觅C线包装, Worker: worker_11540_1774416738087_605o5u
2026-03-25T13:32:18: 🔐 尝试获取托盘锁: P2306M57UEU1233126
2026-03-25T13:32:18: 🔒 托盘锁已获取: P2306M57UEU1233126 by worker_11540_1774416738087_605o5u
2026-03-25T13:32:18: 托盘条码异步处理任务已提交: P2306M57UEU1233126, JobId: pallet_P2306M57UEU1233126_1774416738085_ritqx1
2026-03-25T13:32:18: 开始处理托盘条码（简化版本）: P2306M57UEU1233126, 盒条码: 1001998512121969, 来自维修台: false
2026-03-25T13:32:18: 使用托盘: YDC-SN-1774416187642
2026-03-25T13:32:18: 开始触发工序完成: P2306M57UEU1233126, 托盘编号: YDC-SN-1774416187642
2026-03-25T13:32:18: flowRecord.progress 100
2026-03-25T13:32:18: processPosition.isLast true
2026-03-25T13:32:18: 🔗 调用工单处理服务: http://localhost:2228/api/workorder/update-quantity {
  workOrderId: new ObjectId("68744d51deb41f5b58c474b5"),
  type: 'output',
  quantity: 1
}
2026-03-25T13:32:18: ✅ 工单处理服务响应: {
  success: true,
  jobId: '68744d51deb41f5b58c474b5_output_1774416738111',
  queueLength: 0
}
2026-03-25T13:32:18: [MPF][perf][trace][#531] updateWorkOrderQuantity 5ms active=2->1
2026-03-25T13:32:18: 条码 P2306M57UEU1233126 首次完成生产，产出量+1
2026-03-25T13:32:18: [MPF][perf][trace][#532] persistFlowRecordPatch 2ms active=2->1
2026-03-25T13:32:18: [MPF][perf][trace][#530] scanBatchDocument 15ms active=1->0
2026-03-25T13:32:18: 条码 P2306M57UEU1233126 工序完成触发成功
2026-03-25T13:32:18: 工序绑定和托盘入托完成，条码 P2306M57UEU1233126 处理成功
2026-03-25T13:32:18: ✅ 托盘处理任务完成: pallet_P2306M57UEU1233126_1774416738085_ritqx1, 条码: P2306M57UEU1233126, 耗时: 38ms, Worker: worker_11540_1774416738087_605o5u
2026-03-25T13:32:18: 📈 托盘队列任务进度: pallet_P2306M57UEU1233126_1774416738085_ritqx1 - 100%
2026-03-25T13:32:18: 🔓 托盘锁已释放: P2306M57UEU1233126 by worker_11540_1774416738087_605o5u
2026-03-25T13:32:18: ✅ 托盘队列任务完成: pallet_P2306M57UEU1233126_1774416738085_ritqx1 {
  mainBarcode: 'P2306M57UEU1233126',
  palletCode: 'YDC-SN-1774416187642',
  duration: 38
}
2026-03-25T13:32:18: [API] 工序子物料批量扫码提交 - 请求参数: {
  mainBarcode: '1020260300621H24XX7M1A1S0',
  processStepId: '69be073e29e3587154b01049',
  componentScans: [
    {
      materialId: '689e16129e542955670237ef',
      barcode: '1313102513-260324083757'
    }
  ],
  userId: '67b810085cd22d7b23a52873',
  lineId: '67582bc0eebf2a4b34951ef6'
}
2026-03-25T13:32:18: 开始验证物料 1313102513 的工序节点兼容性
2026-03-25T13:32:18: 主物料中绑定节点的子节点数量: 5
2026-03-25T13:32:18: 子物料中非根节点数量: 5
2026-03-25T13:32:18: 主物料子树根节点数量: 1
2026-03-25T13:32:18: 子物料树根节点数量: 1
2026-03-25T13:32:18: 验证完成，发现 0 个错误
2026-03-25T13:32:18: [MPF][perf][trace][#534] matchAndUpdateNodesRecursively 1ms active=2->1
2026-03-25T13:32:18: [MPF][perf][trace][#535] markMaterialBarcodeBatchesUsed 1ms active=2->1
2026-03-25T13:32:18: [MPF][perf][trace][#536] preloadMaterialsByIds 1ms active=2->1
2026-03-25T13:32:18: [MPF][perf][trace][#537] validateBarcodeWithMaterial 0ms active=2->1
2026-03-25T13:32:18: [MPF][perf][trace][#539] validateDICode 3ms active=3->2
2026-03-25T13:32:18: [MPF][perf][trace][#538] validateBarcodeWithMaterial 3ms active=2->1
2026-03-25T13:32:18: [MPF][perf][trace][#540] persistFlowRecordPatch 5ms active=2->1
2026-03-25T13:32:18: [MPF][perf][trace][#533] scanProcessComponents 61ms active=1->0
2026-03-25T13:32:18: 🚀 托盘条码处理 - 队列模式: P2306M57UEU1138126
2026-03-25T13:32:18: 开始托盘条码异步处理: P2306M57UEU1138126, 产线: 德昌追觅C线包装
2026-03-25T13:32:18: 添加托盘处理任务到队列: 条码=P2306M57UEU1138126, 产线=德昌追觅C线包装
2026-03-25T13:32:18: 托盘处理任务已添加到队列: JobId=pallet_P2306M57UEU1138126_1774416738702_vsfmfe, 条码=P2306M57UEU1138126
2026-03-25T13:32:18: 托盘条码异步处理任务已提交: P2306M57UEU1138126, JobId: pallet_P2306M57UEU1138126_1774416738702_vsfmfe
2026-03-25T13:32:18: [API] 设备条码初始化 - 请求参数: { barcode: '1020260300621H24XX7M1A1H8', machineIp: '192.168.35.31' }
2026-03-25T13:32:18: [MPF][perf][trace][#541] initializeMachineBarcode 8ms active=1->0
2026-03-25T13:32:18: [MPF][perf][trace][#543] markMaterialBarcodeBatchesUsed 0ms active=2->1
2026-03-25T13:32:18: [MPF][perf][trace][#544] preloadMaterialsByIds 0ms active=2->1
2026-03-25T13:32:18: [MPF][perf][trace][#546] validateDICode 2ms active=3->2
2026-03-25T13:32:18: [MPF][perf][trace][#545] validateBarcodeWithMaterial 3ms active=2->1
2026-03-25T13:32:18: [MPF][perf][trace][#547] persistFlowRecordPatch 6ms active=2->1
2026-03-25T13:32:18: [MPF][perf][trace][#542] scanProcessComponents 57ms active=1->0
2026-03-25T13:32:19: 🚀 托盘条码处理 - 队列模式: P2306M57UEU1114126
2026-03-25T13:32:19: 开始托盘条码异步处理: P2306M57UEU1114126, 产线: 德昌追觅C线包装
2026-03-25T13:32:19: 添加托盘处理任务到队列: 条码=P2306M57UEU1114126, 产线=德昌追觅C线包装
2026-03-25T13:32:19: 托盘处理任务已添加到队列: JobId=pallet_P2306M57UEU1114126_1774416739296_g55qlg, 条码=P2306M57UEU1114126
2026-03-25T13:32:19: 托盘条码异步处理任务已提交: P2306M57UEU1114126, JobId: pallet_P2306M57UEU1114126_1774416739296_g55qlg
2026-03-25T13:32:19: [API] 工序子物料批量扫码提交 - 请求参数: {
  mainBarcode: 'FW300XXXH17XL309Z0K200047QA57QA5',
  processStepId: '684cc7fe3e948cf23178026e',
  componentScans: [],
  userId: '6784ef7553a924ac79a1ff42',
  lineId: '6785024f34bd0b84f8bc8682'
}
2026-03-25T13:32:19: [MPF][perf][trace][#549] markMaterialBarcodeBatchesUsed 0ms active=2->1
2026-03-25T13:32:19: [MPF][perf][trace][#550] preloadMaterialsByIds 0ms active=2->1
2026-03-25T13:32:19: [MPF][perf][trace][#552] validateDICode 8ms active=3->2
2026-03-25T13:32:19: [MPF][perf][trace][#551] validateBarcodeWithMaterial 8ms active=2->1
2026-03-25T13:32:19: [MPF][perf][trace][#553] persistFlowRecordPatch 3ms active=2->1
2026-03-25T13:32:19: [MPF][perf][trace][#548] scanProcessComponents 22ms active=1->0
2026-03-25T13:32:20: [API] 创建流程记录 - 请求参数: {
  mainMaterialId: '67c74dc1ec33d3a13e3b9736',
  materialCode: '1313102302',
  barcode: 'FW300XXXH17XL309Z0R100047QA57QA5',
  productLineId: '6785024f34bd0b84f8bc8682',
  productLineName: '遥控器一线'
}
2026-03-25T13:32:20: [MPF][perf][trace][#557] buildProcessNodes 4ms active=3->2
2026-03-25T13:32:20: [MPF][perf][trace][#556] buildProcessNodes 8ms active=2->1
2026-03-25T13:32:20: [MPF][perf][detail][#555] buildProcessNodes totalMs=19ms materialBatchLookupMs=3ms processMaterialsQueryMs=1ms processStepQueryMs=2ms recursionMs=4ms rootMaterialLookupMs=0ms slowestCallMs=8ms subCraftLookupMs=3ms calls=2 maxDepth=1 leafCount=0 cycleHits=0 totalNodes=35 slowestDepth=0 slowestMaterialId=67c74dc1ec33d3a13e3b9736
2026-03-25T13:32:20: [MPF][perf][detail][#555] createFlowByMaterialCode totalMs=19ms buildNodesMs=8ms craftLookupMs=2ms materialLookupMs=2ms saveMs=6ms workOrderLookupMs=2ms barcode=FW300XXXH17XL309Z0R100047QA57QA5 isFromDevice=false hasWorkOrder=false buildCalls=2 buildMaxDepth=1 processNodeCount=20
2026-03-25T13:32:20: [MPF][perf][trace][#554] createFlowByMaterialCode 19ms active=1->0
2026-03-25T13:32:20: [API] 工序子物料批量扫码提交 - 请求参数: {
  mainBarcode: 'FW300XXXH17XL309Z0R100047QA57QA5',
  processStepId: '684cc7feb24e29e1ffae069d',
  componentScans: [
    {
      materialId: '675ac74d354604091e8102ab',
      barcode: '1313102051-260313083359'
    }
  ],
  userId: '6784ef7553a924ac79a1ff42',
  lineId: '6785024f34bd0b84f8bc8682'
}
2026-03-25T13:32:20: 开始验证物料 1313102051 的工序节点兼容性
2026-03-25T13:32:20: 主物料中绑定节点的子节点数量: 14
2026-03-25T13:32:20: 子物料中非根节点数量: 14
2026-03-25T13:32:20: 主物料子树根节点数量: 1
2026-03-25T13:32:20: 子物料树根节点数量: 1
2026-03-25T13:32:20: 验证完成，发现 0 个错误
2026-03-25T13:32:20: [MPF][perf][trace][#559] matchAndUpdateNodesRecursively 2ms active=2->1
2026-03-25T13:32:20: [MPF][perf][trace][#560] markMaterialBarcodeBatchesUsed 3ms active=2->1
2026-03-25T13:32:20: [MPF][perf][trace][#561] preloadMaterialsByIds 1ms active=2->1
2026-03-25T13:32:20: [MPF][perf][trace][#562] validateBarcodeWithMaterial 1ms active=2->1
2026-03-25T13:32:20: [MPF][perf][trace][#564] validateDICode 6ms active=3->2
2026-03-25T13:32:20: [MPF][perf][trace][#563] validateBarcodeWithMaterial 8ms active=2->1
2026-03-25T13:32:20: [MPF][perf][trace][#565] persistFlowRecordPatch 4ms active=2->1
2026-03-25T13:32:20: [MPF][perf][trace][#566] fixFlowProgress 9ms active=2->1
2026-03-25T13:32:20: [MPF][perf][trace][#558] scanProcessComponents 44ms active=1->0
2026-03-25T13:32:22: [API] 设备条码初始化 - 请求参数: { barcode: '1020260300621H24XX7M1A1Q4', machineIp: '192.168.35.30' }
2026-03-25T13:32:22: [MPF][perf][trace][#567] initializeMachineBarcode 8ms active=1->0
2026-03-25T13:32:22: [API] 设备条码初始化 - 请求参数: { barcode: '1020260300621H24XX7M1A1H9', machineIp: '192.168.35.31' }
2026-03-25T13:32:22: [MPF][perf][trace][#568] initializeMachineBarcode 7ms active=1->0
2026-03-25T13:32:23: [API] 设备条码初始化 - 请求参数: { barcode: 'YDC-BL0532-1-202603240483', machineIp: '192.168.26.36' }
2026-03-25T13:32:23: [MPF][perf][trace][#569] initializeMachineBarcode 1ms active=1->0
2026-03-25T13:32:23: [API] 设备条码初始化 - 请求参数: {
  barcode: 'FW300XXXH18XL309A2F100047QA57QA5',
  machineIp: '192.168.24.43'
}
2026-03-25T13:32:23: [MPF][perf][trace][#570] initializeMachineBarcode 2ms active=1->0
2026-03-25T13:32:23: [MPF][perf][trace][#572] markMaterialBarcodeBatchesUsed 0ms active=2->1
2026-03-25T13:32:23: [MPF][perf][trace][#573] preloadMaterialsByIds 0ms active=2->1
2026-03-25T13:32:23: [MPF][perf][trace][#575] validateDICode 3ms active=3->2
2026-03-25T13:32:23: [MPF][perf][trace][#574] validateBarcodeWithMaterial 3ms active=2->1
2026-03-25T13:32:23: [MPF][perf][trace][#576] persistFlowRecordPatch 1ms active=2->1
2026-03-25T13:32:23: [MPF][perf][trace][#571] scanProcessComponents 11ms active=1->0
2026-03-25T13:32:24: 原始IP: ::ffff:192.168.6.250
2026-03-25T13:32:24: 处理后IP: 192.168.18.49
2026-03-25T13:32:24: [API] 设备条码初始化 - 请求参数: {
  barcode: 'FW3001595026X7HZ82AC0432603150176700026010028743',
  machineIp: '192.168.35.34'
}
2026-03-25T13:32:24: [MPF][perf][trace][#579] validateDICode 2ms active=3->2
2026-03-25T13:32:24: [MPF][perf][trace][#578] validateBarcodeWithMaterial 2ms active=2->1
2026-03-25T13:32:24: [MPF][perf][trace][#582] buildProcessNodes 3ms active=3->2
2026-03-25T13:32:24: [MPF][perf][detail][#581] buildProcessNodes totalMs=8ms materialBatchLookupMs=1ms processMaterialsQueryMs=1ms processStepQueryMs=1ms recursionMs=0ms rootMaterialLookupMs=0ms slowestCallMs=3ms subCraftLookupMs=1ms calls=1 maxDepth=0 leafCount=0 cycleHits=0 totalNodes=2 slowestDepth=0 slowestMaterialId=689e16129e542955670237ee
2026-03-25T13:32:24: [MPF][perf][detail][#581] createFlowByMaterialCode totalMs=8ms buildNodesMs=3ms craftLookupMs=1ms materialLookupMs=1ms saveMs=2ms workOrderLookupMs=1ms barcode=FW3001595026X7HZ82AC0432603150176700026010028743 isFromDevice=false hasWorkOrder=false buildCalls=1 buildMaxDepth=0 processNodeCount=2
2026-03-25T13:32:24: [MPF][perf][trace][#580] createFlowByMaterialCode 8ms active=2->1
2026-03-25T13:32:24: [MPF][perf][trace][#577] initializeMachineBarcode 15ms active=1->0
2026-03-25T13:32:26: [API] 工序子物料批量扫码提交 - 请求参数: {
  mainBarcode: '1020260300621H24XX7M1A2Z2',
  processStepId: '69be073e39f371fe13c6e562',
  componentScans: [
    {
      materialId: '6757a580354604091e7bef2f',
      barcode: '1313102230-260324102631'
    },
    {
      materialId: '675d4f7f354604091e835085',
      barcode: '1313102234-260324102426'
    }
  ],
  userId: '67b810085cd22d7b23a52873',
  lineId: '67582bc0eebf2a4b34951ef6'
}
2026-03-25T13:32:26: 开始验证物料 1313102230 的工序节点兼容性
2026-03-25T13:32:26: 主物料中绑定节点的子节点数量: 5
2026-03-25T13:32:26: 子物料中非根节点数量: 5
2026-03-25T13:32:26: 主物料子树根节点数量: 1
2026-03-25T13:32:26: 子物料树根节点数量: 1
2026-03-25T13:32:26: 验证完成，发现 0 个错误
2026-03-25T13:32:26: [MPF][perf][trace][#584] matchAndUpdateNodesRecursively 1ms active=2->1
2026-03-25T13:32:26: 开始验证物料 1313102234 的工序节点兼容性
2026-03-25T13:32:26: 主物料中绑定节点的子节点数量: 4
2026-03-25T13:32:26: 子物料中非根节点数量: 4
2026-03-25T13:32:26: 主物料子树根节点数量: 1
2026-03-25T13:32:26: 子物料树根节点数量: 1
2026-03-25T13:32:26: 验证完成，发现 0 个错误
2026-03-25T13:32:26: [MPF][perf][trace][#585] matchAndUpdateNodesRecursively 1ms active=2->1
2026-03-25T13:32:26: [MPF][perf][trace][#586] markMaterialBarcodeBatchesUsed 1ms active=2->1
2026-03-25T13:32:26: [MPF][perf][trace][#587] preloadMaterialsByIds 1ms active=2->1
2026-03-25T13:32:26: [MPF][perf][trace][#588] validateBarcodeWithMaterial 8ms active=2->2
2026-03-25T13:32:26: [MPF][perf][trace][#589] validateBarcodeWithMaterial 8ms active=3->1
2026-03-25T13:32:26: [MPF][perf][trace][#591] validateDICode 4ms active=3->2
2026-03-25T13:32:26: [MPF][perf][trace][#590] validateBarcodeWithMaterial 4ms active=2->1
2026-03-25T13:32:26: [MPF][perf][trace][#592] persistFlowRecordPatch 6ms active=2->1
2026-03-25T13:32:26: [MPF][perf][trace][#583] scanProcessComponents 79ms active=1->0
2026-03-25T13:32:27: [API] 创建流程记录 - 请求参数: {
  mainMaterialId: '69784c439e5429556762ce96',
  materialCode: '1108102067',
  barcode: '1020260300621H24XX7M1A2F9',
  productLineId: '67582bc0eebf2a4b34951ef6',
  productLineName: '面罩主机1号线'
}
2026-03-25T13:32:27: [MPF][perf][trace][#596] buildProcessNodes 2ms active=3->2
2026-03-25T13:32:27: [MPF][perf][trace][#597] buildProcessNodes 3ms active=3->2
2026-03-25T13:32:27: [MPF][perf][trace][#598] buildProcessNodes 3ms active=3->2
2026-03-25T13:32:27: [MPF][perf][trace][#599] buildProcessNodes 14ms active=3->2
2026-03-25T13:32:27: [MPF][perf][trace][#600] buildProcessNodes 3ms active=3->2
2026-03-25T13:32:27: [MPF][perf][trace][#602] buildProcessNodes 3ms active=4->3
2026-03-25T13:32:27: [MPF][perf][trace][#601] buildProcessNodes 7ms active=3->2
2026-03-25T13:32:27: [MPF][perf][trace][#603] buildProcessNodes 2ms active=3->2
2026-03-25T13:32:27: [MPF][perf][trace][#604] buildProcessNodes 4ms active=3->2
2026-03-25T13:32:27: [MPF][perf][trace][#605] buildProcessNodes 4ms active=3->2
2026-03-25T13:32:27: [MPF][perf][trace][#595] buildProcessNodes 48ms active=2->1
2026-03-25T13:32:27: [MPF][perf][detail][#594] buildProcessNodes totalMs=78ms materialBatchLookupMs=24ms processMaterialsQueryMs=12ms processStepQueryMs=8ms recursionMs=47ms rootMaterialLookupMs=0ms slowestCallMs=48ms subCraftLookupMs=23ms calls=11 maxDepth=2 leafCount=0 cycleHits=0 totalNodes=166 slowestDepth=0 slowestMaterialId=69784c439e5429556762ce96
2026-03-25T13:32:27: [MPF][perf][detail][#594] createFlowByMaterialCode totalMs=78ms buildNodesMs=47ms craftLookupMs=1ms materialLookupMs=1ms saveMs=17ms workOrderLookupMs=1ms barcode=1020260300621H24XX7M1A2F9 isFromDevice=false hasWorkOrder=true buildCalls=11 buildMaxDepth=2 processNodeCount=92
2026-03-25T13:32:27: [MPF][perf][trace][#593] createFlowByMaterialCode 78ms active=1->0
2026-03-25T13:32:27: 🚀 托盘条码处理 - 队列模式: 1020260300621H24XX7M1A1F2
2026-03-25T13:32:27: 开始托盘条码异步处理: 1020260300621H24XX7M1A1F2, 产线: 面罩主机1号线
2026-03-25T13:32:27: 添加托盘处理任务到队列: 条码=1020260300621H24XX7M1A1F2, 产线=面罩主机1号线
2026-03-25T13:32:27: 托盘处理任务已添加到队列: JobId=pallet_1020260300621H24XX7M1A1F2_1774416747289_vmxbge, 条码=1020260300621H24XX7M1A1F2
2026-03-25T13:32:27: 托盘条码异步处理任务已提交: 1020260300621H24XX7M1A1F2, JobId: pallet_1020260300621H24XX7M1A1F2_1774416747289_vmxbge
2026-03-25T13:32:27: [API] 工序子物料批量扫码提交 - 请求参数: {
  mainBarcode: '1020260300621H24XX7M1A2F9',
  processStepId: '69be073ec78e4e58af18a0bd',
  componentScans: [],
  userId: '67b810085cd22d7b23a52873',
  lineId: '67582bc0eebf2a4b34951ef6'
}
2026-03-25T13:32:27: [MPF][perf][trace][#607] markMaterialBarcodeBatchesUsed 0ms active=2->1
2026-03-25T13:32:27: 🔗 调用工单处理服务: http://localhost:2228/api/workorder/update-quantity {
  workOrderId: new ObjectId("69be02d8040d00d4bb253f37"),
  type: 'input',
  quantity: 1
}
2026-03-25T13:32:27: ✅ 工单处理服务响应: {
  success: true,
  jobId: '69be02d8040d00d4bb253f37_input_1774416747341',
  queueLength: 0
}
2026-03-25T13:32:27: [MPF][perf][trace][#608] updateWorkOrderQuantity 4ms active=2->1
2026-03-25T13:32:27: [MPF][perf][trace][#609] preloadMaterialsByIds 0ms active=2->1
2026-03-25T13:32:27: [MPF][perf][trace][#611] validateDICode 2ms active=3->2
2026-03-25T13:32:27: [MPF][perf][trace][#610] validateBarcodeWithMaterial 2ms active=2->1
2026-03-25T13:32:27: [MPF][perf][trace][#612] persistFlowRecordPatch 5ms active=2->1
2026-03-25T13:32:27: [MPF][perf][trace][#613] fixFlowProgress 24ms active=2->1
2026-03-25T13:32:27: [MPF][perf][trace][#606] scanProcessComponents 81ms active=1->0
2026-03-25T13:32:27: [API] 工序子物料批量扫码提交 - 请求参数: {
  mainBarcode: '1020260300621H24XX7M1A2A1',
  processStepId: '69be073eb62fba7cdf2dbdb1',
  componentScans: [
    {
      materialId: '6757a56f354604091e7be893',
      barcode: '102250-117290010703-20260303-56838'
    }
  ],
  userId: '67b810085cd22d7b23a52873',
  lineId: '67582bc0eebf2a4b34951ef6'
}
2026-03-25T13:32:27: 🔒 成功获取关键物料条码锁: 102250-117290010703-20260303-56838 (主条码: 1020260300621H24XX7M1A2A1)
2026-03-25T13:32:27: [MPF][perf][trace][#615] markMaterialBarcodeBatchesUsed 1ms active=2->1
2026-03-25T13:32:27: [MPF][perf][trace][#616] preloadMaterialsByIds 1ms active=2->1
2026-03-25T13:32:27: [MPF][perf][trace][#618] validateDICode 2ms active=3->2
2026-03-25T13:32:27: [MPF][perf][trace][#617] validateBarcodeWithMaterial 2ms active=2->1
2026-03-25T13:32:27: [MPF][perf][trace][#620] validateDICode 2ms active=3->2
2026-03-25T13:32:27: [MPF][perf][trace][#619] validateBarcodeWithMaterial 2ms active=2->1
2026-03-25T13:32:27: [MPF][perf][trace][#621] persistFlowRecordPatch 5ms active=2->1
2026-03-25T13:32:27: 🔓 成功释放关键物料条码锁: 102250-117290010703-20260303-56838 (主条码: 1020260300621H24XX7M1A2A1)
2026-03-25T13:32:27: [MPF][perf][trace][#614] scanProcessComponents 59ms active=1->0
2026-03-25T13:32:28: [API] 设备条码初始化 - 请求参数: { barcode: '1020260300621H24XX7M1A0S4', machineIp: '192.168.35.33' }
2026-03-25T13:32:28: [MPF][perf][trace][#622] initializeMachineBarcode 7ms active=1->0
2026-03-25T13:32:28: [API] 设备条码初始化 - 请求参数: {
  barcode: 'FW3001595026X7HZ82AC0432603150168600026010028743',
  machineIp: '192.168.35.34'
}
2026-03-25T13:32:28: [MPF][perf][trace][#623] initializeMachineBarcode 1ms active=1->0
2026-03-25T13:32:28: [MPF][perf][trace][#625] markMaterialBarcodeBatchesUsed 0ms active=2->1
2026-03-25T13:32:28: [MPF][perf][trace][#626] preloadMaterialsByIds 0ms active=2->1
2026-03-25T13:32:28: [MPF][perf][trace][#628] validateDICode 2ms active=3->2
2026-03-25T13:32:28: [MPF][perf][trace][#627] validateBarcodeWithMaterial 3ms active=2->1
2026-03-25T13:32:28: [MPF][perf][trace][#629] persistFlowRecordPatch 2ms active=2->1
2026-03-25T13:32:28: [MPF][perf][trace][#624] scanProcessComponents 9ms active=1->0
2026-03-25T13:32:28: [API] 设备条码初始化 - 请求参数: { barcode: 'YDC-BL0532-1-202603240489', machineIp: '192.168.26.36' }
2026-03-25T13:32:28: [MPF][perf][trace][#630] initializeMachineBarcode 2ms active=1->0
2026-03-25T13:32:28: [API] 工序子物料批量扫码提交 - 请求参数: {
  mainBarcode: '1020260300621H24XX7M1A1U6',
  processStepId: '69be073ea44b1ba77491de81',
  componentScans: [
    {
      materialId: '6757a56f354604091e7be8ac',
      barcode: '102251-114010190087-20260315-02411'
    },
    {
      materialId: '675e2e1f354604091e8459ba',
      barcode: '1313102232-260316083812'
    }
  ],
  userId: '67b810085cd22d7b23a52873',
  lineId: '67582bc0eebf2a4b34951ef6'
}
2026-03-25T13:32:28: 🔒 成功获取关键物料条码锁: 102251-114010190087-20260315-02411 (主条码: 1020260300621H24XX7M1A1U6)
2026-03-25T13:32:28: 开始验证物料 1313102232 的工序节点兼容性
2026-03-25T13:32:28: 主物料中绑定节点的子节点数量: 4
2026-03-25T13:32:28: 子物料中非根节点数量: 4
2026-03-25T13:32:28: 主物料子树根节点数量: 1
2026-03-25T13:32:28: 子物料树根节点数量: 1
2026-03-25T13:32:28: 验证完成，发现 0 个错误
2026-03-25T13:32:28: [MPF][perf][trace][#632] matchAndUpdateNodesRecursively 1ms active=2->1
2026-03-25T13:32:28: [MPF][perf][trace][#633] markMaterialBarcodeBatchesUsed 1ms active=2->1
2026-03-25T13:32:28: [MPF][perf][trace][#634] preloadMaterialsByIds 2ms active=2->1
2026-03-25T13:32:28: [MPF][perf][trace][#636] validateBarcodeWithMaterial 1ms active=3->3
2026-03-25T13:32:28: [MPF][perf][trace][#637] validateDICode 3ms active=4->2
2026-03-25T13:32:28: [MPF][perf][trace][#635] validateBarcodeWithMaterial 4ms active=2->1
2026-03-25T13:32:28: [MPF][perf][trace][#639] validateDICode 2ms active=3->2
2026-03-25T13:32:28: [MPF][perf][trace][#638] validateBarcodeWithMaterial 3ms active=2->1
2026-03-25T13:32:28: [MPF][perf][trace][#640] persistFlowRecordPatch 6ms active=2->1
2026-03-25T13:32:28: 🔓 成功释放关键物料条码锁: 102251-114010190087-20260315-02411 (主条码: 1020260300621H24XX7M1A1U6)
2026-03-25T13:32:28: [MPF][perf][trace][#631] scanProcessComponents 81ms active=1->0
2026-03-25T13:32:29: [API] 检查条码节点完成情况 - 请求参数: { params: {}, query: { barcode: 'FW300XXXH18XL309A1S500047QA57QA5' } }
2026-03-25T13:32:29: [MPF][perf][trace][#641] checkBarcodeCompletion 3ms active=1->0
2026-03-25T13:32:29: [API] 工序子物料批量扫码提交 - 请求参数: {
  mainBarcode: '1020260300621H24XX7M1A1U5',
  processStepId: '69be073e65b51dcfc935d132',
  componentScans: [
    {
      materialId: '675e2e1f354604091e8459bb',
      barcode: '1313102233-260321161705'
    },
    {
      materialId: '6757a56f354604091e7be8a4',
      barcode: '102251-114010190082-20260308-08779'
    }
  ],
  userId: '67b810085cd22d7b23a52873',
  lineId: '67582bc0eebf2a4b34951ef6'
}
2026-03-25T13:32:29: 🔒 成功获取关键物料条码锁: 102251-114010190082-20260308-08779 (主条码: 1020260300621H24XX7M1A1U5)
2026-03-25T13:32:29: 开始验证物料 1313102233 的工序节点兼容性
2026-03-25T13:32:29: 主物料中绑定节点的子节点数量: 4
2026-03-25T13:32:29: 子物料中非根节点数量: 4
2026-03-25T13:32:29: 主物料子树根节点数量: 1
2026-03-25T13:32:29: 子物料树根节点数量: 1
2026-03-25T13:32:29: 验证完成，发现 0 个错误
2026-03-25T13:32:29: [MPF][perf][trace][#643] matchAndUpdateNodesRecursively 0ms active=2->1
2026-03-25T13:32:29: [MPF][perf][trace][#644] markMaterialBarcodeBatchesUsed 1ms active=2->1
2026-03-25T13:32:29: [MPF][perf][trace][#645] preloadMaterialsByIds 1ms active=2->1
2026-03-25T13:32:29: [MPF][perf][trace][#646] validateBarcodeWithMaterial 1ms active=2->3
2026-03-25T13:32:29: [MPF][perf][trace][#648] validateDICode 2ms active=4->2
2026-03-25T13:32:29: [MPF][perf][trace][#647] validateBarcodeWithMaterial 3ms active=3->1
2026-03-25T13:32:29: [API] 工序子物料批量扫码提交 - 请求参数: {
  mainBarcode: 'FW300XXXH17XL309Z0K900047QA57QA5',
  processStepId: '684cc7fe3e948cf23178026e',
  componentScans: [],
  userId: '6784ef7553a924ac79a1ff42',
  lineId: '6785024f34bd0b84f8bc8682'
}
2026-03-25T13:32:29: [MPF][perf][trace][#651] markMaterialBarcodeBatchesUsed 0ms active=4->3
2026-03-25T13:32:29: [MPF][perf][trace][#652] preloadMaterialsByIds 0ms active=4->3
2026-03-25T13:32:29: [MPF][perf][trace][#653] validateDICode 3ms active=4->5
2026-03-25T13:32:29: [MPF][perf][trace][#650] validateBarcodeWithMaterial 12ms active=3->4
2026-03-25T13:32:29: [MPF][perf][trace][#656] persistFlowRecordPatch 8ms active=5->4
2026-03-25T13:32:29: [MPF][perf][trace][#655] validateDICode 13ms active=6->3
2026-03-25T13:32:29: [MPF][perf][trace][#654] validateBarcodeWithMaterial 14ms active=5->2
2026-03-25T13:32:29: 🔓 成功释放关键物料条码锁: 102251-114010190082-20260308-08779 (主条码: 1020260300621H24XX7M1A1U5)
2026-03-25T13:32:29: [MPF][perf][trace][#657] persistFlowRecordPatch 2ms active=3->2
2026-03-25T13:32:29: [MPF][perf][trace][#642] scanProcessComponents 85ms active=1->1
2026-03-25T13:32:29: [MPF][perf][trace][#649] scanProcessComponents 34ms active=2->0
2026-03-25T13:32:29: [API] 设备条码初始化 - 请求参数: { barcode: '1020260300621H24XX7M1A1J6', machineIp: '192.168.35.32' }
2026-03-25T13:32:29: [MPF][perf][trace][#658] initializeMachineBarcode 7ms active=1->0
2026-03-25T13:32:29: [API] 设备条码初始化 - 请求参数: { barcode: '1020260300621H24XX7M1A1F3', machineIp: '3' }
2026-03-25T13:32:29: [MPF][perf][trace][#659] initializeMachineBarcode 7ms active=1->0
2026-03-25T13:32:29: 🔒 成功获取关键物料条码锁: FW3001595026X7HZ82AC0432603150279200026010028743 (主条码: 1020260300621H24XX7M1A1J6)
2026-03-25T13:32:29: 开始验证物料 1313102514 的工序节点兼容性
2026-03-25T13:32:29: 主物料中绑定节点的子节点数量: 1
2026-03-25T13:32:29: 子物料中非根节点数量: 1
2026-03-25T13:32:29: 主物料子树根节点数量: 1
2026-03-25T13:32:29: 子物料树根节点数量: 1
2026-03-25T13:32:29: 验证完成，发现 0 个错误
2026-03-25T13:32:29: [MPF][perf][trace][#661] matchAndUpdateNodesRecursively 0ms active=2->1
2026-03-25T13:32:29: [MPF][perf][trace][#662] markMaterialBarcodeBatchesUsed 2ms active=2->1
2026-03-25T13:32:29: [MPF][perf][trace][#663] preloadMaterialsByIds 1ms active=2->1
2026-03-25T13:32:29: [MPF][perf][trace][#665] validateDICode 2ms active=3->2
2026-03-25T13:32:29: [MPF][perf][trace][#664] validateBarcodeWithMaterial 2ms active=2->1
2026-03-25T13:32:29: [MPF][perf][trace][#667] validateDICode 2ms active=3->2
2026-03-25T13:32:29: [MPF][perf][trace][#666] validateBarcodeWithMaterial 2ms active=2->1
2026-03-25T13:32:29: [MPF][perf][trace][#668] persistFlowRecordPatch 5ms active=2->1
2026-03-25T13:32:29: 🔓 成功释放关键物料条码锁: FW3001595026X7HZ82AC0432603150279200026010028743 (主条码: 1020260300621H24XX7M1A1J6)
2026-03-25T13:32:29: [MPF][perf][trace][#660] scanProcessComponents 65ms active=1->0
2026-03-25T13:32:30: [API] 设备条码初始化 - 请求参数: { barcode: '1020260300621H24XX7M1A1J7', machineIp: '192.168.35.32' }
2026-03-25T13:32:30: [MPF][perf][trace][#669] initializeMachineBarcode 8ms active=1->0
2026-03-25T13:32:30: [API] 工序子物料批量扫码提交 - 请求参数: {
  mainBarcode: '1020260300621H24XX7M1A2F3',
  processStepId: '69be073ea816dbe2ecd5a6ba',
  componentScans: [
    {
      materialId: '6757a56f354604091e7be893',
      barcode: '102250-117290010703-20260309-67197'
    }
  ],
  userId: '67b810085cd22d7b23a52873',
  lineId: '67582bc0eebf2a4b34951ef6'
}
2026-03-25T13:32:30: 🔒 成功获取关键物料条码锁: 102250-117290010703-20260309-67197 (主条码: 1020260300621H24XX7M1A2F3)
2026-03-25T13:32:30: [MPF][perf][trace][#671] markMaterialBarcodeBatchesUsed 1ms active=2->1
2026-03-25T13:32:30: [MPF][perf][trace][#672] preloadMaterialsByIds 1ms active=2->1
2026-03-25T13:32:30: [MPF][perf][trace][#674] validateDICode 2ms active=3->2
2026-03-25T13:32:30: [MPF][perf][trace][#673] validateBarcodeWithMaterial 3ms active=2->1
2026-03-25T13:32:30: [MPF][perf][trace][#676] validateDICode 2ms active=3->2
2026-03-25T13:32:30: [MPF][perf][trace][#675] validateBarcodeWithMaterial 2ms active=2->1
2026-03-25T13:32:30: [MPF][perf][trace][#677] persistFlowRecordPatch 5ms active=2->1
2026-03-25T13:32:30: 🔓 成功释放关键物料条码锁: 102250-117290010703-20260309-67197 (主条码: 1020260300621H24XX7M1A2F3)
2026-03-25T13:32:30: [MPF][perf][trace][#670] scanProcessComponents 59ms active=1->0
2026-03-25T13:32:31: [API] 工序子物料批量扫码提交 - 请求参数: {
  mainBarcode: 'http://www.registeryourninja.com/reg/?m=OF105CCO&s=H21XX751Z0A9',
  processStepId: '69abe1c4941f43d780c03e07',
  componentScans: [],
  userId: '69aabd9c282318b0da1d377f',
  lineId: '69a534429c70634b1c11a73d'
}
2026-03-25T13:32:31: [MPF][perf][trace][#679] markMaterialBarcodeBatchesUsed 0ms active=2->1
2026-03-25T13:32:31: [MPF][perf][trace][#680] preloadMaterialsByIds 0ms active=2->1
2026-03-25T13:32:31: [MPF][perf][trace][#681] persistFlowRecordPatch 2ms active=2->1
2026-03-25T13:32:31: [MPF][perf][trace][#678] scanProcessComponents 13ms active=1->0
2026-03-25T13:32:33: [API] 设备条码初始化 - 请求参数: { barcode: '1020260300621H24XX7M1A1J2', machineIp: '192.168.35.31' }
2026-03-25T13:32:33: [MPF][perf][trace][#682] initializeMachineBarcode 11ms active=1->0
2026-03-25T13:32:35: [API] 设备条码初始化 - 请求参数: { barcode: '1020260300621H24XX7M1A0S4', machineIp: '192.168.35.33' }
2026-03-25T13:32:35: [MPF][perf][trace][#683] initializeMachineBarcode 8ms active=1->0
2026-03-25T13:32:35: [MPF][perf][trace][#685] markMaterialBarcodeBatchesUsed 0ms active=2->1
2026-03-25T13:32:35: [MPF][perf][trace][#686] preloadMaterialsByIds 0ms active=2->1
2026-03-25T13:32:35: [MPF][perf][trace][#688] validateDICode 3ms active=3->2
2026-03-25T13:32:35: [MPF][perf][trace][#687] validateBarcodeWithMaterial 3ms active=2->1
2026-03-25T13:32:35: [MPF][perf][trace][#689] persistFlowRecordPatch 5ms active=2->1
2026-03-25T13:32:35: [MPF][perf][trace][#684] scanProcessComponents 59ms active=1->0
2026-03-25T13:32:35: [API] 设备条码初始化 - 请求参数: { barcode: 'H16XX751J0A2F', machineIp: '4' }
2026-03-25T13:32:35: 🗑️ 已清除物料 68811511150d569dae4a93b6 的条码规则缓存
2026-03-25T13:32:35: [MPF][perf][trace][#691] validateBarcodeWithMaterial 5ms active=2->1
2026-03-25T13:32:35: 初始化设备条码失败: Error: 条码不符合任何已配置的规则或物料不匹配
    at Function.initializeMachineBarcode (D:\zrMes\dcMes_server\services\materialProcessFlowService.js:4965:15)
    at runMicrotasks (<anonymous>)
    at processTicksAndRejections (internal/process/task_queues.js:93:5)
    at async Function.wrappedMethod (D:\zrMes\dcMes_server\services\materialProcessFlowService.js:162:16)
    at async D:\zrMes\dcMes_server\routes\materialProcessFlowService.js:352:20
2026-03-25T13:32:35: [MPF][perf][error][#690] initializeMachineBarcode 11ms active=1->0 msg=条码不符合任何已配置的规则或物料不匹配
2026-03-25T13:32:38: [API] 设备条码初始化 - 请求参数: {
  barcode: 'FW300XXXH18XL309A1Q900047QA57QA5',
  machineIp: '192.168.24.43'
}
2026-03-25T13:32:38: [MPF][perf][trace][#692] initializeMachineBarcode 2ms active=1->0
2026-03-25T13:32:38: 🚀 托盘条码处理 - 队列模式: P2306M57VEU0284126
2026-03-25T13:32:38: 开始托盘条码异步处理: P2306M57VEU0284126, 产线: 德昌追觅C线包装
2026-03-25T13:32:38: 添加托盘处理任务到队列: 条码=P2306M57VEU0284126, 产线=德昌追觅C线包装
2026-03-25T13:32:38: 托盘处理任务已添加到队列: JobId=pallet_P2306M57VEU0284126_1774416758916_vz3mn8, 条码=P2306M57VEU0284126
2026-03-25T13:32:38: 托盘条码异步处理任务已提交: P2306M57VEU0284126, JobId: pallet_P2306M57VEU0284126_1774416758916_vz3mn8
2026-03-25T13:32:39: [API] 创建流程记录 - 请求参数: {
  mainMaterialId: '67c74dc1ec33d3a13e3b9736',
  materialCode: '1313102302',
  barcode: 'FW300XXXH17XL309Z0Q500047QA57QA5',
  productLineId: '6785024f34bd0b84f8bc8682',
  productLineName: '遥控器一线'
}
2026-03-25T13:32:39: [MPF][perf][trace][#696] buildProcessNodes 3ms active=3->2
2026-03-25T13:32:39: [MPF][perf][trace][#695] buildProcessNodes 7ms active=2->1
2026-03-25T13:32:39: [MPF][perf][detail][#694] buildProcessNodes totalMs=19ms materialBatchLookupMs=4ms processMaterialsQueryMs=0ms processStepQueryMs=1ms recursionMs=3ms rootMaterialLookupMs=0ms slowestCallMs=7ms subCraftLookupMs=4ms calls=2 maxDepth=1 leafCount=0 cycleHits=0 totalNodes=35 slowestDepth=0 slowestMaterialId=67c74dc1ec33d3a13e3b9736
2026-03-25T13:32:39: [MPF][perf][detail][#694] createFlowByMaterialCode totalMs=19ms buildNodesMs=7ms craftLookupMs=2ms materialLookupMs=2ms saveMs=7ms workOrderLookupMs=1ms barcode=FW300XXXH17XL309Z0Q500047QA57QA5 isFromDevice=false hasWorkOrder=false buildCalls=2 buildMaxDepth=1 processNodeCount=20
2026-03-25T13:32:39: [MPF][perf][trace][#693] createFlowByMaterialCode 19ms active=1->0
2026-03-25T13:32:39: [API] 工序子物料批量扫码提交 - 请求参数: {
  mainBarcode: 'FW300XXXH17XL309Z0Q500047QA57QA5',
  processStepId: '684cc7feb24e29e1ffae069d',
  componentScans: [
    {
      materialId: '675ac74d354604091e8102ab',
      barcode: '1313102051-260313083359'
    }
  ],
  userId: '6784ef7553a924ac79a1ff42',
  lineId: '6785024f34bd0b84f8bc8682'
}
2026-03-25T13:32:39: 开始验证物料 1313102051 的工序节点兼容性
2026-03-25T13:32:39: 主物料中绑定节点的子节点数量: 14
2026-03-25T13:32:39: 子物料中非根节点数量: 14
2026-03-25T13:32:39: 主物料子树根节点数量: 1
2026-03-25T13:32:39: 子物料树根节点数量: 1
2026-03-25T13:32:39: 验证完成，发现 0 个错误
2026-03-25T13:32:39: [MPF][perf][trace][#698] matchAndUpdateNodesRecursively 1ms active=2->1
2026-03-25T13:32:39: [MPF][perf][trace][#699] markMaterialBarcodeBatchesUsed 1ms active=2->1
2026-03-25T13:32:39: [MPF][perf][trace][#700] preloadMaterialsByIds 1ms active=2->1
2026-03-25T13:32:39: [MPF][perf][trace][#701] validateBarcodeWithMaterial 1ms active=2->1
2026-03-25T13:32:39: [MPF][perf][trace][#703] validateDICode 7ms active=3->2
2026-03-25T13:32:39: [MPF][perf][trace][#702] validateBarcodeWithMaterial 8ms active=2->1
2026-03-25T13:32:39: [MPF][perf][trace][#704] persistFlowRecordPatch 4ms active=2->1
2026-03-25T13:32:39: [MPF][perf][trace][#705] fixFlowProgress 7ms active=2->1
2026-03-25T13:32:39: [MPF][perf][trace][#697] scanProcessComponents 38ms active=1->0
2026-03-25T13:32:39: 🚀 托盘条码处理 - 队列模式: P2306M57UEU1991126
2026-03-25T13:32:39: 开始托盘条码异步处理: P2306M57UEU1991126, 产线: 德昌追觅C线包装
2026-03-25T13:32:39: 添加托盘处理任务到队列: 条码=P2306M57UEU1991126, 产线=德昌追觅C线包装
2026-03-25T13:32:39: 托盘处理任务已添加到队列: JobId=pallet_P2306M57UEU1991126_1774416759585_8iulhu, 条码=P2306M57UEU1991126
2026-03-25T13:32:39: 🎯 开始处理托盘任务: pallet_P2306M57UEU1991126_1774416759585_8iulhu, 条码: P2306M57UEU1991126, 产线: 德昌追觅C线包装, Worker: worker_11540_1774416759588_p9pwa6
2026-03-25T13:32:39: 🔐 尝试获取托盘锁: P2306M57UEU1991126
2026-03-25T13:32:39: 🔒 托盘锁已获取: P2306M57UEU1991126 by worker_11540_1774416759588_p9pwa6
2026-03-25T13:32:39: 开始处理托盘条码（简化版本）: P2306M57UEU1991126, 盒条码: 1001998512121894, 来自维修台: false
2026-03-25T13:32:39: 托盘条码异步处理任务已提交: P2306M57UEU1991126, JobId: pallet_P2306M57UEU1991126_1774416759585_8iulhu
2026-03-25T13:32:39: 使用托盘: YDC-SN-1774416187642
2026-03-25T13:32:39: 开始触发工序完成: P2306M57UEU1991126, 托盘编号: YDC-SN-1774416187642
2026-03-25T13:32:39: flowRecord.progress 100
2026-03-25T13:32:39: processPosition.isLast true
2026-03-25T13:32:39: 🔗 调用工单处理服务: http://localhost:2228/api/workorder/update-quantity {
  workOrderId: new ObjectId("68744d51deb41f5b58c474b5"),
  type: 'output',
  quantity: 1
}
2026-03-25T13:32:39: ✅ 工单处理服务响应: {
  success: true,
  jobId: '68744d51deb41f5b58c474b5_output_1774416759627',
  queueLength: 0
}
2026-03-25T13:32:39: [MPF][perf][trace][#707] updateWorkOrderQuantity 6ms active=2->1
2026-03-25T13:32:39: 条码 P2306M57UEU1991126 首次完成生产，产出量+1
2026-03-25T13:32:39: [MPF][perf][trace][#708] persistFlowRecordPatch 2ms active=2->1
2026-03-25T13:32:39: [MPF][perf][trace][#706] scanBatchDocument 16ms active=1->0
2026-03-25T13:32:39: 条码 P2306M57UEU1991126 工序完成触发成功
2026-03-25T13:32:39: 工序绑定和托盘入托完成，条码 P2306M57UEU1991126 处理成功
2026-03-25T13:32:39: ✅ 托盘处理任务完成: pallet_P2306M57UEU1991126_1774416759585_8iulhu, 条码: P2306M57UEU1991126, 耗时: 59ms, Worker: worker_11540_1774416759588_p9pwa6
2026-03-25T13:32:39: 📈 托盘队列任务进度: pallet_P2306M57UEU1991126_1774416759585_8iulhu - 100%
2026-03-25T13:32:39: 🔓 托盘锁已释放: P2306M57UEU1991126 by worker_11540_1774416759588_p9pwa6
2026-03-25T13:32:39: ✅ 托盘队列任务完成: pallet_P2306M57UEU1991126_1774416759585_8iulhu {
  mainBarcode: 'P2306M57UEU1991126',
  palletCode: 'YDC-SN-1774416187642',
  duration: 59
}
2026-03-25T13:32:40: [API] 设备条码初始化 - 请求参数: {
  barcode: 'FW3001595026X7HZ82AC0432603150176700026010028743',
  machineIp: '192.168.35.34'
}
2026-03-25T13:32:40: [MPF][perf][trace][#709] initializeMachineBarcode 3ms active=1->0
2026-03-25T13:32:40: 🚀 托盘条码处理 - 队列模式: P2306M57UEU1970126
2026-03-25T13:32:40: 开始托盘条码异步处理: P2306M57UEU1970126, 产线: 德昌追觅C线包装
2026-03-25T13:32:40: [MPF][perf][trace][#711] markMaterialBarcodeBatchesUsed 0ms active=2->1
2026-03-25T13:32:40: [MPF][perf][trace][#712] preloadMaterialsByIds 0ms active=2->1
2026-03-25T13:32:40: 添加托盘处理任务到队列: 条码=P2306M57UEU1970126, 产线=德昌追觅C线包装
2026-03-25T13:32:40: 托盘处理任务已添加到队列: JobId=pallet_P2306M57UEU1970126_1774416760230_ejbpqa, 条码=P2306M57UEU1970126
2026-03-25T13:32:40: [MPF][perf][trace][#714] validateDICode 4ms active=3->2
2026-03-25T13:32:40: [MPF][perf][trace][#713] validateBarcodeWithMaterial 6ms active=2->1
2026-03-25T13:32:40: 托盘条码异步处理任务已提交: P2306M57UEU1970126, JobId: pallet_P2306M57UEU1970126_1774416760230_ejbpqa
2026-03-25T13:32:40: [MPF][perf][trace][#715] persistFlowRecordPatch 3ms active=2->1
2026-03-25T13:32:40: [MPF][perf][trace][#710] scanProcessComponents 21ms active=1->0
2026-03-25T13:32:40: 🚀 托盘条码处理 - 队列模式: P2306M57UEU1608126
2026-03-25T13:32:40: 开始托盘条码异步处理: P2306M57UEU1608126, 产线: 德昌追觅C线包装
2026-03-25T13:32:40: 添加托盘处理任务到队列: 条码=P2306M57UEU1608126, 产线=德昌追觅C线包装
2026-03-25T13:32:40: 托盘处理任务已添加到队列: JobId=pallet_P2306M57UEU1608126_1774416760851_3229dt, 条码=P2306M57UEU1608126
2026-03-25T13:32:40: 托盘条码异步处理任务已提交: P2306M57UEU1608126, JobId: pallet_P2306M57UEU1608126_1774416760851_3229dt
2026-03-25T13:32:41: 🚀 托盘条码处理 - 队列模式: P2306M57UEU1075126
2026-03-25T13:32:41: 开始托盘条码异步处理: P2306M57UEU1075126, 产线: 德昌追觅C线包装
2026-03-25T13:32:41: 添加托盘处理任务到队列: 条码=P2306M57UEU1075126, 产线=德昌追觅C线包装
2026-03-25T13:32:41: 托盘处理任务已添加到队列: JobId=pallet_P2306M57UEU1075126_1774416761466_9p9rr4, 条码=P2306M57UEU1075126
2026-03-25T13:32:41: 托盘条码异步处理任务已提交: P2306M57UEU1075126, JobId: pallet_P2306M57UEU1075126_1774416761466_9p9rr4
2026-03-25T13:32:42: [API] 设备条码初始化 - 请求参数: { barcode: 'YDC-BL0532-1-202603240340', machineIp: '192.168.26.35' }
2026-03-25T13:32:42: [MPF][perf][trace][#716] initializeMachineBarcode 3ms active=1->0
2026-03-25T13:32:42: 🚀 托盘条码处理 - 队列模式: P2306M57UEU1046126
2026-03-25T13:32:42: 开始托盘条码异步处理: P2306M57UEU1046126, 产线: 德昌追觅C线包装
2026-03-25T13:32:42: 添加托盘处理任务到队列: 条码=P2306M57UEU1046126, 产线=德昌追觅C线包装
2026-03-25T13:32:42: 托盘处理任务已添加到队列: JobId=pallet_P2306M57UEU1046126_1774416762077_1f4yba, 条码=P2306M57UEU1046126
2026-03-25T13:32:42: 托盘条码异步处理任务已提交: P2306M57UEU1046126, JobId: pallet_P2306M57UEU1046126_1774416762077_1f4yba
2026-03-25T13:32:42: [API] 设备条码初始化 - 请求参数: {
  barcode: 'FW3001595026X7HZ82AC0432603150168500026010028743',
  machineIp: '192.168.35.34'
}
2026-03-25T13:32:42: [MPF][perf][trace][#719] validateDICode 2ms active=3->2
2026-03-25T13:32:42: [MPF][perf][trace][#718] validateBarcodeWithMaterial 3ms active=2->1
2026-03-25T13:32:42: [MPF][perf][trace][#722] buildProcessNodes 3ms active=3->2
2026-03-25T13:32:42: [MPF][perf][detail][#721] buildProcessNodes totalMs=10ms materialBatchLookupMs=1ms processMaterialsQueryMs=1ms processStepQueryMs=1ms recursionMs=0ms rootMaterialLookupMs=0ms slowestCallMs=3ms subCraftLookupMs=1ms calls=1 maxDepth=0 leafCount=0 cycleHits=0 totalNodes=2 slowestDepth=0 slowestMaterialId=689e16129e542955670237ee
2026-03-25T13:32:42: [MPF][perf][detail][#721] createFlowByMaterialCode totalMs=10ms buildNodesMs=4ms craftLookupMs=2ms materialLookupMs=1ms saveMs=3ms workOrderLookupMs=2ms barcode=FW3001595026X7HZ82AC0432603150168500026010028743 isFromDevice=false hasWorkOrder=false buildCalls=1 buildMaxDepth=0 processNodeCount=2
2026-03-25T13:32:42: [MPF][perf][trace][#720] createFlowByMaterialCode 10ms active=2->1
2026-03-25T13:32:42: [MPF][perf][trace][#717] initializeMachineBarcode 52ms active=1->0
2026-03-25T13:32:42: [API] 工序子物料批量扫码提交 - 请求参数: {
  mainBarcode: '1020260300621H24XX7M1A1H7',
  processStepId: '69be073e902e0a67bd505a7a',
  componentScans: [],
  userId: '67b810085cd22d7b23a52873',
  lineId: '67582bc0eebf2a4b34951ef6'
}
2026-03-25T13:32:42: [MPF][perf][trace][#724] markMaterialBarcodeBatchesUsed 0ms active=2->1
2026-03-25T13:32:42: [MPF][perf][trace][#725] preloadMaterialsByIds 0ms active=2->1
2026-03-25T13:32:42: [MPF][perf][trace][#727] validateDICode 2ms active=3->2
2026-03-25T13:32:42: [MPF][perf][trace][#726] validateBarcodeWithMaterial 4ms active=2->1
2026-03-25T13:32:42: [MPF][perf][trace][#728] persistFlowRecordPatch 9ms active=2->1
2026-03-25T13:32:42: [MPF][perf][trace][#723] scanProcessComponents 94ms active=1->0
2026-03-25T13:32:42: 🚀 托盘条码处理 - 队列模式: P2306M57UEU1104126
2026-03-25T13:32:42: 开始托盘条码异步处理: P2306M57UEU1104126, 产线: 德昌追觅C线包装
2026-03-25T13:32:42: 添加托盘处理任务到队列: 条码=P2306M57UEU1104126, 产线=德昌追觅C线包装
2026-03-25T13:32:42: 托盘处理任务已添加到队列: JobId=pallet_P2306M57UEU1104126_1774416762689_g06kib, 条码=P2306M57UEU1104126
2026-03-25T13:32:42: 托盘条码异步处理任务已提交: P2306M57UEU1104126, JobId: pallet_P2306M57UEU1104126_1774416762689_g06kib
2026-03-25T13:32:43: 🚀 托盘条码处理 - 队列模式: P2306M57UEU1085126
2026-03-25T13:32:43: 开始托盘条码异步处理: P2306M57UEU1085126, 产线: 德昌追觅C线包装
2026-03-25T13:32:43: 添加托盘处理任务到队列: 条码=P2306M57UEU1085126, 产线=德昌追觅C线包装
2026-03-25T13:32:43: 托盘处理任务已添加到队列: JobId=pallet_P2306M57UEU1085126_1774416763298_n9lcla, 条码=P2306M57UEU1085126
2026-03-25T13:32:43: 托盘条码异步处理任务已提交: P2306M57UEU1085126, JobId: pallet_P2306M57UEU1085126_1774416763298_n9lcla
2026-03-25T13:32:43: [API] 设备条码初始化 - 请求参数: { barcode: '1020260300621H24XX7M1A1F6', machineIp: '1' }
2026-03-25T13:32:43: [MPF][perf][trace][#729] initializeMachineBarcode 8ms active=1->0
2026-03-25T13:32:43: [API] 设备条码初始化 - 请求参数: { barcode: '1020260300621H24XX7M1A1F1', machineIp: '3' }
2026-03-25T13:32:43: [MPF][perf][trace][#730] initializeMachineBarcode 8ms active=1->0
2026-03-25T13:32:44: [API] 检查条码节点完成情况 - 请求参数: { params: {}, query: { barcode: 'FW300XXXH18XL309A1S200047QA57QA5' } }
2026-03-25T13:32:44: [MPF][perf][trace][#731] checkBarcodeCompletion 4ms active=1->0
2026-03-25T13:32:46: [API] 设备条码初始化 - 请求参数: { barcode: 'YDC-BL0532-1-202603240489', machineIp: '192.168.26.36' }
2026-03-25T13:32:46: [MPF][perf][trace][#732] initializeMachineBarcode 2ms active=1->0
2026-03-25T13:32:46: [MPF][perf][trace][#734] markMaterialBarcodeBatchesUsed 0ms active=2->1
2026-03-25T13:32:46: [MPF][perf][trace][#735] preloadMaterialsByIds 0ms active=2->1
2026-03-25T13:32:46: [MPF][perf][trace][#737] validateDICode 2ms active=3->2
2026-03-25T13:32:46: [MPF][perf][trace][#736] validateBarcodeWithMaterial 3ms active=2->1
2026-03-25T13:32:46: [MPF][perf][trace][#738] persistFlowRecordPatch 2ms active=2->1
2026-03-25T13:32:46: [MPF][perf][trace][#733] scanProcessComponents 11ms active=1->0
2026-03-25T13:32:46: [API] 工序子物料批量扫码提交 - 请求参数: {
  mainBarcode: '1020260300621H24XX7M1A1U6',
  processStepId: '69be073e65b51dcfc935d132',
  componentScans: [
    {
      materialId: '675e2e1f354604091e8459bb',
      barcode: '1313102233-260321161705'
    },
    {
      materialId: '6757a56f354604091e7be8a4',
      barcode: '102251-114010190082-20260308-08783'
    }
  ],
  userId: '67b810085cd22d7b23a52873',
  lineId: '67582bc0eebf2a4b34951ef6'
}
2026-03-25T13:32:46: 🔒 成功获取关键物料条码锁: 102251-114010190082-20260308-08783 (主条码: 1020260300621H24XX7M1A1U6)
2026-03-25T13:32:46: 开始验证物料 1313102233 的工序节点兼容性
2026-03-25T13:32:46: 主物料中绑定节点的子节点数量: 4
2026-03-25T13:32:46: 子物料中非根节点数量: 4
2026-03-25T13:32:46: 主物料子树根节点数量: 1
2026-03-25T13:32:46: 子物料树根节点数量: 1
2026-03-25T13:32:46: 验证完成，发现 0 个错误
2026-03-25T13:32:46: [MPF][perf][trace][#740] matchAndUpdateNodesRecursively 1ms active=2->1
2026-03-25T13:32:46: [MPF][perf][trace][#741] markMaterialBarcodeBatchesUsed 4ms active=2->1
2026-03-25T13:32:46: [MPF][perf][trace][#742] preloadMaterialsByIds 1ms active=2->1
2026-03-25T13:32:46: [MPF][perf][trace][#743] validateBarcodeWithMaterial 1ms active=2->3
2026-03-25T13:32:46: [MPF][perf][trace][#745] validateDICode 2ms active=4->2
2026-03-25T13:32:46: [MPF][perf][trace][#744] validateBarcodeWithMaterial 3ms active=3->1
2026-03-25T13:32:46: [MPF][perf][trace][#747] validateDICode 3ms active=3->2
2026-03-25T13:32:46: [MPF][perf][trace][#746] validateBarcodeWithMaterial 4ms active=2->1
2026-03-25T13:32:46: [MPF][perf][trace][#748] persistFlowRecordPatch 6ms active=2->1
2026-03-25T13:32:46: 🔓 成功释放关键物料条码锁: 102251-114010190082-20260308-08783 (主条码: 1020260300621H24XX7M1A1U6)
2026-03-25T13:32:46: [MPF][perf][trace][#739] scanProcessComponents 99ms active=1->0
2026-03-25T13:32:46: [API] 设备条码初始化 - 请求参数: { barcode: '1020260300621H24XX7M1A1F5', machineIp: '2' }
2026-03-25T13:32:46: [MPF][perf][trace][#749] initializeMachineBarcode 8ms active=1->0
2026-03-25T13:32:46: [API] 创建流程记录 - 请求参数: {
  mainMaterialId: '69784c439e5429556762ce96',
  materialCode: '1108102067',
  barcode: '1020260300621H24XX7M1A2H0',
  productLineId: '67582bc0eebf2a4b34951ef6',
  productLineName: '面罩主机1号线'
}
2026-03-25T13:32:46: [MPF][perf][trace][#753] buildProcessNodes 4ms active=3->2
2026-03-25T13:32:46: [MPF][perf][trace][#754] buildProcessNodes 3ms active=3->2
2026-03-25T13:32:46: [MPF][perf][trace][#755] buildProcessNodes 3ms active=3->2
2026-03-25T13:32:46: [MPF][perf][trace][#756] buildProcessNodes 3ms active=3->2
2026-03-25T13:32:46: [MPF][perf][trace][#757] buildProcessNodes 4ms active=3->2
2026-03-25T13:32:46: [MPF][perf][trace][#759] buildProcessNodes 3ms active=4->3
2026-03-25T13:32:46: [MPF][perf][trace][#758] buildProcessNodes 6ms active=3->2
2026-03-25T13:32:46: [MPF][perf][trace][#760] buildProcessNodes 3ms active=3->2
2026-03-25T13:32:46: [MPF][perf][trace][#761] buildProcessNodes 3ms active=3->2
2026-03-25T13:32:46: [MPF][perf][trace][#762] buildProcessNodes 3ms active=3->2
2026-03-25T13:32:46: [MPF][perf][trace][#752] buildProcessNodes 37ms active=2->1
2026-03-25T13:32:46: [MPF][perf][detail][#751] buildProcessNodes totalMs=76ms materialBatchLookupMs=13ms processMaterialsQueryMs=10ms processStepQueryMs=9ms recursionMs=36ms rootMaterialLookupMs=0ms slowestCallMs=37ms subCraftLookupMs=14ms calls=11 maxDepth=2 leafCount=0 cycleHits=0 totalNodes=166 slowestDepth=0 slowestMaterialId=69784c439e5429556762ce96
2026-03-25T13:32:46: [MPF][perf][detail][#751] createFlowByMaterialCode totalMs=76ms buildNodesMs=37ms craftLookupMs=3ms materialLookupMs=3ms saveMs=20ms workOrderLookupMs=3ms barcode=1020260300621H24XX7M1A2H0 isFromDevice=false hasWorkOrder=true buildCalls=11 buildMaxDepth=2 processNodeCount=92
2026-03-25T13:32:46: [MPF][perf][trace][#750] createFlowByMaterialCode 77ms active=1->0
2026-03-25T13:32:46: [API] 工序子物料批量扫码提交 - 请求参数: {
  mainBarcode: '1020260300621H24XX7M1A2H0',
  processStepId: '69be073ec78e4e58af18a0bd',
  componentScans: [],
  userId: '67b810085cd22d7b23a52873',
  lineId: '67582bc0eebf2a4b34951ef6'
}
2026-03-25T13:32:47: [MPF][perf][trace][#764] markMaterialBarcodeBatchesUsed 0ms active=2->1
2026-03-25T13:32:47: 🔗 调用工单处理服务: http://localhost:2228/api/workorder/update-quantity {
  workOrderId: new ObjectId("69be02d8040d00d4bb253f37"),
  type: 'input',
  quantity: 1
}
2026-03-25T13:32:47: ✅ 工单处理服务响应: {
  success: true,
  jobId: '69be02d8040d00d4bb253f37_input_1774416767012',
  queueLength: 0
}
2026-03-25T13:32:47: [MPF][perf][trace][#765] updateWorkOrderQuantity 5ms active=2->1
2026-03-25T13:32:47: [MPF][perf][trace][#766] preloadMaterialsByIds 0ms active=2->1
2026-03-25T13:32:47: [MPF][perf][trace][#768] validateDICode 2ms active=3->2
2026-03-25T13:32:47: [MPF][perf][trace][#767] validateBarcodeWithMaterial 3ms active=2->1
2026-03-25T13:32:47: [MPF][perf][trace][#769] persistFlowRecordPatch 7ms active=2->1
2026-03-25T13:32:47: [MPF][perf][trace][#770] fixFlowProgress 24ms active=2->1
2026-03-25T13:32:47: [MPF][perf][trace][#763] scanProcessComponents 91ms active=1->0
2026-03-25T13:32:47: [API] 工序子物料批量扫码提交 - 请求参数: {
  mainBarcode: '1020260300621H24XX7M1A2Z3',
  processStepId: '69be073e39f371fe13c6e562',
  componentScans: [
    {
      materialId: '6757a580354604091e7bef2f',
      barcode: '1313102230-260324102631'
    },
    {
      materialId: '675d4f7f354604091e835085',
      barcode: '1313102234-260324102426'
    }
  ],
  userId: '67b810085cd22d7b23a52873',
  lineId: '67582bc0eebf2a4b34951ef6'
}
2026-03-25T13:32:47: 开始验证物料 1313102230 的工序节点兼容性
2026-03-25T13:32:47: 主物料中绑定节点的子节点数量: 5
2026-03-25T13:32:47: 子物料中非根节点数量: 5
2026-03-25T13:32:47: 主物料子树根节点数量: 1
2026-03-25T13:32:47: 子物料树根节点数量: 1
2026-03-25T13:32:47: 验证完成，发现 0 个错误
2026-03-25T13:32:47: [MPF][perf][trace][#772] matchAndUpdateNodesRecursively 1ms active=2->1
2026-03-25T13:32:47: 开始验证物料 1313102234 的工序节点兼容性
2026-03-25T13:32:47: 主物料中绑定节点的子节点数量: 4
2026-03-25T13:32:47: 子物料中非根节点数量: 4
2026-03-25T13:32:47: 主物料子树根节点数量: 1
2026-03-25T13:32:47: 子物料树根节点数量: 1
2026-03-25T13:32:47: 验证完成，发现 0 个错误
2026-03-25T13:32:47: [MPF][perf][trace][#773] matchAndUpdateNodesRecursively 1ms active=2->1
2026-03-25T13:32:47: [MPF][perf][trace][#774] markMaterialBarcodeBatchesUsed 1ms active=2->1
2026-03-25T13:32:47: [MPF][perf][trace][#775] preloadMaterialsByIds 1ms active=2->1
2026-03-25T13:32:47: [MPF][perf][trace][#776] validateBarcodeWithMaterial 1ms active=2->2
2026-03-25T13:32:47: [MPF][perf][trace][#777] validateBarcodeWithMaterial 1ms active=3->1
2026-03-25T13:32:47: [MPF][perf][trace][#779] validateDICode 4ms active=3->2
2026-03-25T13:32:47: [MPF][perf][trace][#778] validateBarcodeWithMaterial 14ms active=2->1
2026-03-25T13:32:47: [MPF][perf][trace][#780] persistFlowRecordPatch 7ms active=2->1
2026-03-25T13:32:47: [MPF][perf][trace][#771] scanProcessComponents 92ms active=1->0
2026-03-25T13:32:47: [API] 设备条码初始化 - 请求参数: { barcode: '1020260300621H24XX7M1A1Z8', machineIp: '192.168.35.30' }
2026-03-25T13:32:47: [MPF][perf][trace][#781] initializeMachineBarcode 7ms active=1->0
2026-03-25T13:32:47: 🔒 成功获取关键物料条码锁: FW300XXXH15XL309Z6H100047QA57QA5 (主条码: 1020260300621H24XX7M1A1Z8)
2026-03-25T13:32:47: 🔒 成功获取关键物料条码锁: FW300XXX1459019X320L30826011007531 (主条码: 1020260300621H24XX7M1A1Z8)
2026-03-25T13:32:47: 开始验证物料 1313102302 的工序节点兼容性
2026-03-25T13:32:47: 主物料中绑定节点的子节点数量: 18
2026-03-25T13:32:47: 子物料中非根节点数量: 19
2026-03-25T13:32:47: 主物料子树根节点数量: 3
2026-03-25T13:32:47: 子物料树根节点数量: 3
2026-03-25T13:32:47: 验证完成，发现 0 个错误
2026-03-25T13:32:47: [MPF][perf][trace][#783] matchAndUpdateNodesRecursively 2ms active=2->1
2026-03-25T13:32:47: [MPF][perf][trace][#784] markMaterialBarcodeBatchesUsed 1ms active=2->1
2026-03-25T13:32:47: [MPF][perf][trace][#785] preloadMaterialsByIds 1ms active=2->1
2026-03-25T13:32:47: [MPF][perf][trace][#788] validateDICode 9ms active=4->4
2026-03-25T13:32:47: [MPF][perf][trace][#786] validateBarcodeWithMaterial 9ms active=2->3
2026-03-25T13:32:47: [MPF][perf][trace][#789] validateDICode 13ms active=5->2
2026-03-25T13:32:47: [MPF][perf][trace][#787] validateBarcodeWithMaterial 13ms active=3->1
2026-03-25T13:32:48: [MPF][perf][trace][#791] validateDICode 2ms active=3->2
2026-03-25T13:32:48: [MPF][perf][trace][#790] validateBarcodeWithMaterial 2ms active=2->1
2026-03-25T13:32:48: [MPF][perf][trace][#792] persistFlowRecordPatch 8ms active=2->1
2026-03-25T13:32:48: 🔓 成功释放关键物料条码锁: FW300XXXH15XL309Z6H100047QA57QA5 (主条码: 1020260300621H24XX7M1A1Z8)
2026-03-25T13:32:48: 🔓 成功释放关键物料条码锁: FW300XXX1459019X320L30826011007531 (主条码: 1020260300621H24XX7M1A1Z8)
2026-03-25T13:32:48: [MPF][perf][trace][#782] scanProcessComponents 89ms active=1->0
2026-03-25T13:32:48: [API] 工序子物料批量扫码提交 - 请求参数: {
  mainBarcode: '1020260300621H24XX7M1A2A2',
  processStepId: '69be073eb62fba7cdf2dbdb1',
  componentScans: [
    {
      materialId: '6757a56f354604091e7be893',
      barcode: '102250-117290010703-20260304-59260'
    }
  ],
  userId: '67b810085cd22d7b23a52873',
  lineId: '67582bc0eebf2a4b34951ef6'
}
2026-03-25T13:32:48: 🔒 成功获取关键物料条码锁: 102250-117290010703-20260304-59260 (主条码: 1020260300621H24XX7M1A2A2)
2026-03-25T13:32:48: [MPF][perf][trace][#794] markMaterialBarcodeBatchesUsed 2ms active=2->1
2026-03-25T13:32:48: [MPF][perf][trace][#795] preloadMaterialsByIds 1ms active=2->1
2026-03-25T13:32:48: [MPF][perf][trace][#797] validateDICode 3ms active=3->2
2026-03-25T13:32:48: [MPF][perf][trace][#796] validateBarcodeWithMaterial 3ms active=2->1
2026-03-25T13:32:48: [MPF][perf][trace][#799] validateDICode 2ms active=3->2
2026-03-25T13:32:48: [MPF][perf][trace][#798] validateBarcodeWithMaterial 3ms active=2->1
2026-03-25T13:32:48: [MPF][perf][trace][#800] persistFlowRecordPatch 5ms active=2->1
2026-03-25T13:32:48: 🔓 成功释放关键物料条码锁: 102250-117290010703-20260304-59260 (主条码: 1020260300621H24XX7M1A2A2)
2026-03-25T13:32:48: [MPF][perf][trace][#793] scanProcessComponents 62ms active=1->0
2026-03-25T13:32:48: [API] 工序子物料批量扫码提交 - 请求参数: {
  mainBarcode: '1020260300621H24XX7M1A1U7',
  processStepId: '69be073ea44b1ba77491de81',
  componentScans: [
    {
      materialId: '6757a56f354604091e7be8ac',
      barcode: '102251-114010190087-20260315-02664'
    },
    {
      materialId: '675e2e1f354604091e8459ba',
      barcode: '1313102232-260316083812'
    }
  ],
  userId: '67b810085cd22d7b23a52873',
  lineId: '67582bc0eebf2a4b34951ef6'
}
2026-03-25T13:32:48: 🔒 成功获取关键物料条码锁: 102251-114010190087-20260315-02664 (主条码: 1020260300621H24XX7M1A1U7)
2026-03-25T13:32:48: 开始验证物料 1313102232 的工序节点兼容性
2026-03-25T13:32:48: 主物料中绑定节点的子节点数量: 4
2026-03-25T13:32:48: 子物料中非根节点数量: 4
2026-03-25T13:32:48: 主物料子树根节点数量: 1
2026-03-25T13:32:48: 子物料树根节点数量: 1
2026-03-25T13:32:48: 验证完成，发现 0 个错误
2026-03-25T13:32:48: [MPF][perf][trace][#802] matchAndUpdateNodesRecursively 0ms active=2->1
2026-03-25T13:32:48: [MPF][perf][trace][#803] markMaterialBarcodeBatchesUsed 1ms active=2->1
2026-03-25T13:32:48: [MPF][perf][trace][#804] preloadMaterialsByIds 1ms active=2->1
2026-03-25T13:32:48: [MPF][perf][trace][#806] validateBarcodeWithMaterial 1ms active=3->3
2026-03-25T13:32:48: [MPF][perf][trace][#807] validateDICode 3ms active=4->2
2026-03-25T13:32:48: [MPF][perf][trace][#805] validateBarcodeWithMaterial 4ms active=2->1
2026-03-25T13:32:48: [MPF][perf][trace][#809] validateDICode 2ms active=3->2
2026-03-25T13:32:48: [MPF][perf][trace][#808] validateBarcodeWithMaterial 2ms active=2->1
2026-03-25T13:32:48: [MPF][perf][trace][#810] persistFlowRecordPatch 6ms active=2->1
2026-03-25T13:32:48: 🔓 成功释放关键物料条码锁: 102251-114010190087-20260315-02664 (主条码: 1020260300621H24XX7M1A1U7)
2026-03-25T13:32:48: [MPF][perf][trace][#801] scanProcessComponents 75ms active=1->0
2026-03-25T13:32:49: [API] 工序子物料批量扫码提交 - 请求参数: {
  mainBarcode: '1020260300621H24XX7M1A1F5',
  processStepId: '69be073ea278d47574e8dfb5',
  componentScans: [],
  userId: '675fe718f9bd4270460b2c29',
  lineId: '67582bc0eebf2a4b34951ef6'
}
2026-03-25T13:32:49: [MPF][perf][trace][#812] markMaterialBarcodeBatchesUsed 0ms active=2->1
2026-03-25T13:32:49: [MPF][perf][trace][#813] preloadMaterialsByIds 0ms active=2->1
2026-03-25T13:32:49: [MPF][perf][trace][#815] validateDICode 2ms active=3->2
2026-03-25T13:32:49: [MPF][perf][trace][#814] validateBarcodeWithMaterial 2ms active=2->1
2026-03-25T13:32:49: [MPF][perf][trace][#816] persistFlowRecordPatch 6ms active=2->1
2026-03-25T13:32:49: [MPF][perf][trace][#811] scanProcessComponents 60ms active=1->0
2026-03-25T13:32:51: [API] 设备条码初始化 - 请求参数: { barcode: 'YDC-BL0532-1-202603240450', machineIp: '192.168.26.36' }
2026-03-25T13:32:51: [MPF][perf][trace][#817] initializeMachineBarcode 2ms active=1->0
2026-03-25T13:32:51: [API] 工序子物料批量扫码提交 - 请求参数: {
  mainBarcode: '1020260300621H24XX7M1A1S1',
  processStepId: '69be073e29e3587154b01049',
  componentScans: [
    {
      materialId: '689e16129e542955670237ef',
      barcode: '1313102513-260324083757'
    }
  ],
  userId: '67b810085cd22d7b23a52873',
  lineId: '67582bc0eebf2a4b34951ef6'
}
2026-03-25T13:32:51: 开始验证物料 1313102513 的工序节点兼容性
2026-03-25T13:32:51: 主物料中绑定节点的子节点数量: 5
2026-03-25T13:32:51: 子物料中非根节点数量: 5
2026-03-25T13:32:51: 主物料子树根节点数量: 1
2026-03-25T13:32:51: 子物料树根节点数量: 1
2026-03-25T13:32:51: 验证完成，发现 0 个错误
2026-03-25T13:32:51: [MPF][perf][trace][#819] matchAndUpdateNodesRecursively 1ms active=2->1
2026-03-25T13:32:51: [MPF][perf][trace][#820] markMaterialBarcodeBatchesUsed 1ms active=2->1
2026-03-25T13:32:51: [MPF][perf][trace][#821] preloadMaterialsByIds 1ms active=2->1
2026-03-25T13:32:51: [MPF][perf][trace][#822] validateBarcodeWithMaterial 1ms active=2->1
2026-03-25T13:32:51: [MPF][perf][trace][#824] validateDICode 2ms active=3->2
2026-03-25T13:32:51: [MPF][perf][trace][#823] validateBarcodeWithMaterial 2ms active=2->1
2026-03-25T13:32:51: [MPF][perf][trace][#825] persistFlowRecordPatch 7ms active=2->1
2026-03-25T13:32:51: [MPF][perf][trace][#818] scanProcessComponents 63ms active=1->0
2026-03-25T13:32:53: [API] 设备条码初始化 - 请求参数: {
  barcode: 'FW3001595026X7HZ82AC0432603150165500026010028743',
  machineIp: '192.168.35.34'
}
2026-03-25T13:32:53: [MPF][perf][trace][#828] validateDICode 2ms active=3->2
2026-03-25T13:32:53: [MPF][perf][trace][#827] validateBarcodeWithMaterial 2ms active=2->1
2026-03-25T13:32:53: [MPF][perf][trace][#831] buildProcessNodes 3ms active=3->2
2026-03-25T13:32:53: [MPF][perf][detail][#830] buildProcessNodes totalMs=8ms materialBatchLookupMs=1ms processMaterialsQueryMs=1ms processStepQueryMs=1ms recursionMs=0ms rootMaterialLookupMs=0ms slowestCallMs=3ms subCraftLookupMs=1ms calls=1 maxDepth=0 leafCount=0 cycleHits=0 totalNodes=2 slowestDepth=0 slowestMaterialId=689e16129e542955670237ee
2026-03-25T13:32:53: [MPF][perf][detail][#830] createFlowByMaterialCode totalMs=8ms buildNodesMs=3ms craftLookupMs=1ms materialLookupMs=1ms saveMs=2ms workOrderLookupMs=2ms barcode=FW3001595026X7HZ82AC0432603150165500026010028743 isFromDevice=false hasWorkOrder=false buildCalls=1 buildMaxDepth=0 processNodeCount=2
2026-03-25T13:32:53: [MPF][perf][trace][#829] createFlowByMaterialCode 8ms active=2->1
2026-03-25T13:32:53: [MPF][perf][trace][#826] initializeMachineBarcode 17ms active=1->0
2026-03-25T13:32:54: [API] 设备条码初始化 - 请求参数: { barcode: '1020260300621H24XX7M1A1J7', machineIp: '192.168.35.32' }
2026-03-25T13:32:54: [MPF][perf][trace][#832] initializeMachineBarcode 8ms active=1->0
2026-03-25T13:32:54: 🔒 成功获取关键物料条码锁: FW3001595026X7HZ82AC0432603150333800026010028743 (主条码: 1020260300621H24XX7M1A1J7)
2026-03-25T13:32:54: 开始验证物料 1313102514 的工序节点兼容性
2026-03-25T13:32:54: 主物料中绑定节点的子节点数量: 1
2026-03-25T13:32:54: 子物料中非根节点数量: 1
2026-03-25T13:32:54: 主物料子树根节点数量: 1
2026-03-25T13:32:54: 子物料树根节点数量: 1
2026-03-25T13:32:54: 验证完成，发现 0 个错误
2026-03-25T13:32:54: [MPF][perf][trace][#834] matchAndUpdateNodesRecursively 0ms active=2->1
2026-03-25T13:32:54: [MPF][perf][trace][#835] markMaterialBarcodeBatchesUsed 1ms active=2->1
2026-03-25T13:32:54: [MPF][perf][trace][#836] preloadMaterialsByIds 1ms active=2->1
2026-03-25T13:32:54: [MPF][perf][trace][#838] validateDICode 2ms active=3->2
2026-03-25T13:32:54: [MPF][perf][trace][#837] validateBarcodeWithMaterial 3ms active=2->1
2026-03-25T13:32:54: [MPF][perf][trace][#840] validateDICode 3ms active=3->2
2026-03-25T13:32:54: [MPF][perf][trace][#839] validateBarcodeWithMaterial 3ms active=2->1
2026-03-25T13:32:54: [MPF][perf][trace][#841] persistFlowRecordPatch 5ms active=2->1
2026-03-25T13:32:54: 🔓 成功释放关键物料条码锁: FW3001595026X7HZ82AC0432603150333800026010028743 (主条码: 1020260300621H24XX7M1A1J7)
2026-03-25T13:32:54: [MPF][perf][trace][#833] scanProcessComponents 66ms active=1->0
2026-03-25T13:32:54: [API] 设备条码初始化 - 请求参数: { barcode: '1020260300621H24XX7M1A1K1', machineIp: '192.168.35.32' }
2026-03-25T13:32:54: [MPF][perf][trace][#842] initializeMachineBarcode 7ms active=1->0
2026-03-25T13:32:54: [API] 设备条码初始化 - 请求参数: { barcode: '1020260300621H24XX7M1A1H9', machineIp: '192.168.35.31' }
2026-03-25T13:32:54: [MPF][perf][trace][#843] initializeMachineBarcode 7ms active=1->0
2026-03-25T13:32:55: [MPF][perf][trace][#845] markMaterialBarcodeBatchesUsed 0ms active=2->1
2026-03-25T13:32:55: [MPF][perf][trace][#846] preloadMaterialsByIds 0ms active=2->1
2026-03-25T13:32:55: [MPF][perf][trace][#848] validateDICode 2ms active=3->2
2026-03-25T13:32:55: [MPF][perf][trace][#847] validateBarcodeWithMaterial 2ms active=2->1
2026-03-25T13:32:55: [MPF][perf][trace][#849] persistFlowRecordPatch 5ms active=2->1
2026-03-25T13:32:55: [MPF][perf][trace][#844] scanProcessComponents 58ms active=1->0
2026-03-25T13:32:55: [API] 工序子物料批量扫码提交 - 请求参数: {
  mainBarcode: '1020260300621H24XX7M1A2F4',
  processStepId: '69be073ea816dbe2ecd5a6ba',
  componentScans: [
    {
      materialId: '6757a56f354604091e7be893',
      barcode: '102250-117290010703-20260309-67169'
    }
  ],
  userId: '67b810085cd22d7b23a52873',
  lineId: '67582bc0eebf2a4b34951ef6'
}
2026-03-25T13:32:55: 🔒 成功获取关键物料条码锁: 102250-117290010703-20260309-67169 (主条码: 1020260300621H24XX7M1A2F4)
2026-03-25T13:32:55: [MPF][perf][trace][#851] markMaterialBarcodeBatchesUsed 1ms active=2->1
2026-03-25T13:32:55: [MPF][perf][trace][#852] preloadMaterialsByIds 1ms active=2->1
2026-03-25T13:32:55: [MPF][perf][trace][#854] validateDICode 2ms active=3->2
2026-03-25T13:32:55: [MPF][perf][trace][#853] validateBarcodeWithMaterial 2ms active=2->1
2026-03-25T13:32:55: [MPF][perf][trace][#856] validateDICode 9ms active=3->2
2026-03-25T13:32:55: [MPF][perf][trace][#855] validateBarcodeWithMaterial 11ms active=2->1
2026-03-25T13:32:55: [MPF][perf][trace][#857] persistFlowRecordPatch 5ms active=2->1
2026-03-25T13:32:55: 🔓 成功释放关键物料条码锁: 102250-117290010703-20260309-67169 (主条码: 1020260300621H24XX7M1A2F4)
2026-03-25T13:32:55: [MPF][perf][trace][#850] scanProcessComponents 71ms active=1->0
2026-03-25T13:32:55: [API] 创建流程记录 - 请求参数: {
  mainMaterialId: '67c74dc1ec33d3a13e3b9736',
  materialCode: '1313102302',
  barcode: 'FW300XXXH17XL309Z0Q600047QA57QA5',
  productLineId: '6785024f34bd0b84f8bc8682',
  productLineName: '遥控器一线'
}
2026-03-25T13:32:55: [MPF][perf][trace][#861] buildProcessNodes 4ms active=3->2
2026-03-25T13:32:55: [MPF][perf][trace][#860] buildProcessNodes 7ms active=2->1
2026-03-25T13:32:55: [MPF][perf][detail][#859] buildProcessNodes totalMs=18ms materialBatchLookupMs=3ms processMaterialsQueryMs=2ms processStepQueryMs=2ms recursionMs=4ms rootMaterialLookupMs=0ms slowestCallMs=7ms subCraftLookupMs=2ms calls=2 maxDepth=1 leafCount=0 cycleHits=0 totalNodes=35 slowestDepth=0 slowestMaterialId=67c74dc1ec33d3a13e3b9736
2026-03-25T13:32:55: [MPF][perf][detail][#859] createFlowByMaterialCode totalMs=18ms buildNodesMs=7ms craftLookupMs=2ms materialLookupMs=1ms saveMs=6ms workOrderLookupMs=2ms barcode=FW300XXXH17XL309Z0Q600047QA57QA5 isFromDevice=false hasWorkOrder=false buildCalls=2 buildMaxDepth=1 processNodeCount=20
2026-03-25T13:32:55: [MPF][perf][trace][#858] createFlowByMaterialCode 18ms active=1->0
2026-03-25T13:32:55: [API] 工序子物料批量扫码提交 - 请求参数: {
  mainBarcode: 'FW300XXXH17XL309Z0Q600047QA57QA5',
  processStepId: '684cc7feb24e29e1ffae069d',
  componentScans: [
    {
      materialId: '675ac74d354604091e8102ab',
      barcode: '1313102051-260313083359'
    }
  ],
  userId: '6784ef7553a924ac79a1ff42',
  lineId: '6785024f34bd0b84f8bc8682'
}
2026-03-25T13:32:55: 开始验证物料 1313102051 的工序节点兼容性
2026-03-25T13:32:55: 主物料中绑定节点的子节点数量: 14
2026-03-25T13:32:55: 子物料中非根节点数量: 14
2026-03-25T13:32:55: 主物料子树根节点数量: 1
2026-03-25T13:32:55: 子物料树根节点数量: 1
2026-03-25T13:32:55: 验证完成，发现 0 个错误
2026-03-25T13:32:55: [MPF][perf][trace][#863] matchAndUpdateNodesRecursively 1ms active=2->1
2026-03-25T13:32:55: [MPF][perf][trace][#864] markMaterialBarcodeBatchesUsed 1ms active=2->1
2026-03-25T13:32:55: [MPF][perf][trace][#865] preloadMaterialsByIds 2ms active=2->1
2026-03-25T13:32:55: [MPF][perf][trace][#866] validateBarcodeWithMaterial 0ms active=2->1
2026-03-25T13:32:55: [MPF][perf][trace][#868] validateDICode 7ms active=3->2
2026-03-25T13:32:55: [MPF][perf][trace][#867] validateBarcodeWithMaterial 11ms active=2->1
2026-03-25T13:32:55: [MPF][perf][trace][#869] persistFlowRecordPatch 4ms active=2->1
2026-03-25T13:32:55: [MPF][perf][trace][#870] fixFlowProgress 10ms active=2->1
2026-03-25T13:32:55: [MPF][perf][trace][#862] scanProcessComponents 44ms active=1->0
2026-03-25T13:32:56: [API] 设备条码初始化 - 请求参数: { barcode: '1020260300621H24XX7M1A1F4', machineIp: '3' }
2026-03-25T13:32:56: [MPF][perf][trace][#871] initializeMachineBarcode 8ms active=1->0
2026-03-25T13:32:56: [API] 工序子物料批量扫码提交 - 请求参数: {
  mainBarcode: '1020260300621H24XX7M1A1A5',
  processStepId: '69be073ef2567c6043a36d47',
  componentScans: [
    {
      materialId: '6757a580354604091e7bef1e',
      barcode: '1313102217-260316084200'
    },
    {
      materialId: '6757a580354604091e7beede',
      barcode: '1313102216-260316084031'
    }
  ],
  userId: '67b810085cd22d7b23a52873',
  lineId: '67582bc0eebf2a4b34951ef6'
}
2026-03-25T13:32:56: 开始验证物料 1313102217 的工序节点兼容性
2026-03-25T13:32:56: 主物料中绑定节点的子节点数量: 4
2026-03-25T13:32:56: 子物料中非根节点数量: 4
2026-03-25T13:32:56: 主物料子树根节点数量: 1
2026-03-25T13:32:56: 子物料树根节点数量: 1
2026-03-25T13:32:56: 验证完成，发现 0 个错误
2026-03-25T13:32:56: [MPF][perf][trace][#873] matchAndUpdateNodesRecursively 0ms active=2->1
2026-03-25T13:32:56: 开始验证物料 1313102216 的工序节点兼容性
2026-03-25T13:32:56: 主物料中绑定节点的子节点数量: 4
2026-03-25T13:32:56: 子物料中非根节点数量: 4
2026-03-25T13:32:56: 主物料子树根节点数量: 1
2026-03-25T13:32:56: 子物料树根节点数量: 1
2026-03-25T13:32:56: 验证完成，发现 0 个错误
2026-03-25T13:32:56: [MPF][perf][trace][#874] matchAndUpdateNodesRecursively 0ms active=2->1
2026-03-25T13:32:56: [MPF][perf][trace][#875] markMaterialBarcodeBatchesUsed 1ms active=2->1
2026-03-25T13:32:56: [MPF][perf][trace][#876] preloadMaterialsByIds 2ms active=2->1
2026-03-25T13:32:56: [MPF][perf][trace][#877] validateBarcodeWithMaterial 0ms active=2->2
2026-03-25T13:32:56: [MPF][perf][trace][#878] validateBarcodeWithMaterial 0ms active=3->1
2026-03-25T13:32:56: [MPF][perf][trace][#880] validateDICode 2ms active=3->2
2026-03-25T13:32:56: [MPF][perf][trace][#879] validateBarcodeWithMaterial 3ms active=2->1
2026-03-25T13:32:56: [MPF][perf][trace][#881] persistFlowRecordPatch 7ms active=2->1
2026-03-25T13:32:56: [MPF][perf][trace][#872] scanProcessComponents 81ms active=1->0
2026-03-25T13:32:57: [API] 设备条码初始化 - 请求参数: { barcode: '1020260300621H24XX7M1A4U3', machineIp: '192.168.35.33' }
2026-03-25T13:32:57: [MPF][perf][trace][#882] initializeMachineBarcode 7ms active=1->0
2026-03-25T13:32:57: [API] 设备条码初始化 - 请求参数: { barcode: '1020260300621H24XX7M1A1F8', machineIp: '1' }
2026-03-25T13:32:57: [MPF][perf][trace][#883] initializeMachineBarcode 7ms active=1->0
2026-03-25T13:32:57: [API] 设备条码初始化 - 请求参数: {
  barcode: 'FW3001595026X7HZ82AC0432603150168500026010028743',
  machineIp: '192.168.35.34'
}
2026-03-25T13:32:57: [MPF][perf][trace][#884] initializeMachineBarcode 1ms active=1->0
2026-03-25T13:32:57: [MPF][perf][trace][#886] markMaterialBarcodeBatchesUsed 0ms active=2->1
2026-03-25T13:32:57: [MPF][perf][trace][#887] preloadMaterialsByIds 0ms active=2->1
2026-03-25T13:32:57: [MPF][perf][trace][#889] validateDICode 2ms active=3->2
2026-03-25T13:32:57: [MPF][perf][trace][#888] validateBarcodeWithMaterial 2ms active=2->1
2026-03-25T13:32:57: [MPF][perf][trace][#890] persistFlowRecordPatch 2ms active=2->1
2026-03-25T13:32:57: [MPF][perf][trace][#885] scanProcessComponents 9ms active=1->0
2026-03-25T13:32:57: [API] 设备条码初始化 - 请求参数: { barcode: '1020260300621H24XX7M1A1Q4', machineIp: '192.168.35.30' }
2026-03-25T13:32:57: [MPF][perf][trace][#891] initializeMachineBarcode 8ms active=1->0
2026-03-25T13:32:57: 🔒 成功获取关键物料条码锁: FW300XXXH18XL309A1R500047QA57QA5 (主条码: 1020260300621H24XX7M1A1Q4)
2026-03-25T13:32:57: 🔒 成功获取关键物料条码锁: FW300XXX1459019X320L30826011008183 (主条码: 1020260300621H24XX7M1A1Q4)
2026-03-25T13:32:57: 开始验证物料 1313102302 的工序节点兼容性
2026-03-25T13:32:57: 主物料中绑定节点的子节点数量: 18
2026-03-25T13:32:57: 子物料中非根节点数量: 19
2026-03-25T13:32:57: 主物料子树根节点数量: 3
2026-03-25T13:32:57: 子物料树根节点数量: 3
2026-03-25T13:32:57: 验证完成，发现 0 个错误
2026-03-25T13:32:57: [MPF][perf][trace][#893] matchAndUpdateNodesRecursively 3ms active=2->1
2026-03-25T13:32:57: [MPF][perf][trace][#894] markMaterialBarcodeBatchesUsed 2ms active=2->1
2026-03-25T13:32:57: [MPF][perf][trace][#895] preloadMaterialsByIds 1ms active=2->1
2026-03-25T13:32:57: [MPF][perf][trace][#898] validateDICode 9ms active=4->4
2026-03-25T13:32:57: [MPF][perf][trace][#896] validateBarcodeWithMaterial 9ms active=2->3
2026-03-25T13:32:57: [MPF][perf][trace][#899] validateDICode 13ms active=5->2
2026-03-25T13:32:57: [MPF][perf][trace][#897] validateBarcodeWithMaterial 13ms active=3->1
2026-03-25T13:32:57: [MPF][perf][trace][#901] validateDICode 5ms active=3->2
2026-03-25T13:32:57: [MPF][perf][trace][#900] validateBarcodeWithMaterial 7ms active=2->1
2026-03-25T13:32:57: [MPF][perf][trace][#902] persistFlowRecordPatch 7ms active=2->1
2026-03-25T13:32:57: 🔓 成功释放关键物料条码锁: FW300XXXH18XL309A1R500047QA57QA5 (主条码: 1020260300621H24XX7M1A1Q4)
2026-03-25T13:32:57: 🔓 成功释放关键物料条码锁: FW300XXX1459019X320L30826011008183 (主条码: 1020260300621H24XX7M1A1Q4)
2026-03-25T13:32:57: [MPF][perf][trace][#892] scanProcessComponents 103ms active=1->0
2026-03-25T13:32:57: [API] 工序子物料批量扫码提交 - 请求参数: {
  mainBarcode: 'FW300XXXH17XL309Z0R100047QA57QA5',
  processStepId: '684cc7fe3e948cf23178026e',
  componentScans: [],
  userId: '6784ef7553a924ac79a1ff42',
  lineId: '6785024f34bd0b84f8bc8682'
}
2026-03-25T13:32:57: [MPF][perf][trace][#904] markMaterialBarcodeBatchesUsed 0ms active=2->1
2026-03-25T13:32:57: [MPF][perf][trace][#905] preloadMaterialsByIds 0ms active=2->1
2026-03-25T13:32:57: [MPF][perf][trace][#907] validateDICode 7ms active=3->2
2026-03-25T13:32:57: [MPF][perf][trace][#906] validateBarcodeWithMaterial 9ms active=2->1
2026-03-25T13:32:57: [MPF][perf][trace][#908] persistFlowRecordPatch 2ms active=2->1
2026-03-25T13:32:57: [MPF][perf][trace][#903] scanProcessComponents 31ms active=1->0
2026-03-25T13:32:58: [API] 检查条码节点完成情况 - 请求参数: { params: {}, query: { barcode: 'FW300XXXA20XL309F1K000047PKD7PKD' } }
2026-03-25T13:32:58: [MPF][perf][trace][#909] checkBarcodeCompletion 3ms active=1->0
2026-03-25T13:32:58: [API] 设备条码初始化 - 请求参数: {
  barcode: 'FW300XXXH18XL309A1S600047QA57QA5',
  machineIp: '192.168.24.43'
}
2026-03-25T13:32:58: [MPF][perf][trace][#910] initializeMachineBarcode 3ms active=1->0
2026-03-25T13:32:59: [API] 工序子物料批量扫码提交 - 请求参数: {
  mainBarcode: 'http://www.registeryourninja.com/reg/?m=OF105CCO&s=H21XX751Z0A9',
  processStepId: '69abe1c4941f43d780c03e07',
  componentScans: [],
  userId: '69aabd9c282318b0da1d377f',
  lineId: '69a534429c70634b1c11a73d'
}
2026-03-25T13:32:59: 扫描批次单据失败: Error: 该主物料条码对应工序节点已完成或处于异常状态
    at Function.scanProcessComponents (D:\zrMes\dcMes_server\services\materialProcessFlowService.js:1917:15)
    at runMicrotasks (<anonymous>)
    at processTicksAndRejections (internal/process/task_queues.js:93:5)
    at async Function.wrappedMethod (D:\zrMes\dcMes_server\services\materialProcessFlowService.js:162:16)
    at async D:\zrMes\dcMes_server\routes\materialProcessFlowService.js:150:20
2026-03-25T13:32:59: [perf][scanProcessComponents] barcode=http://www.registeryourninja.com/reg/?m=OF105CCO&s=H21XX751Z0A9 startedAt=1774416779203 requestedScanCount=0 totalMs=3 error=该主物料条码对应工序节点已完成或处于异常状态
2026-03-25T13:32:59: [MPF][perf][error][#911] scanProcessComponents 3ms active=1->0 msg=该主物料条码对应工序节点已完成或处于异常状态
2026-03-25T13:32:59: [API] 工序子物料批量扫码提交 - 请求参数: {
  mainBarcode: '1020260300621H24XX7M1A1H5',
  processStepId: '69be073e902e0a67bd505a7a',
  componentScans: [],
  userId: '67b810085cd22d7b23a52873',
  lineId: '67582bc0eebf2a4b34951ef6'
}
2026-03-25T13:32:59: [MPF][perf][trace][#913] markMaterialBarcodeBatchesUsed 0ms active=2->1
2026-03-25T13:32:59: [MPF][perf][trace][#914] preloadMaterialsByIds 0ms active=2->1
2026-03-25T13:32:59: [MPF][perf][trace][#916] validateDICode 2ms active=3->2
2026-03-25T13:32:59: [MPF][perf][trace][#915] validateBarcodeWithMaterial 2ms active=2->1
2